"timestamp","elapsed_seconds","application","running","root_pids","process_count","cpu_percent","working_set_mb","private_memory_mb","private_app_mb","private_browser_mb","private_gpu_process_mb","private_renderer_mb","private_utility_mb","private_other_mb","renderer_count","renderer_max_mb","thread_count","handle_count","gpu_sum_percent","gpu_max_engine_percent","gpu_memory_mb"
"2026-09-02T21:47:10.7418781+02:00","5,208","BlackRack Overlay","True","24520","8",,"644,25","493,27","26,64","47,43","233,21","160,92","22,01","3,05","2","115,12","266","5890","0","0","127,85"
"2026-09-02T21:47:10.7554010+02:00","5,345","TinyPedal","False","","0",,"0","0","0","0","0","0","0","0","0","0","0","0","0","0","0"
"2026-09-02T21:47:11.1535604+02:00","5,732","BlackRack Overlay","True","24520","8","1,314","650,36","497,88","26,64","47,43","232,78","165,97","22,01","3,05","2","120,18","266","5908","0","0","128,36"
"2026-09-02T21:47:11.1570663+02:00","5,745","TinyPedal","False","","0","0","0","0","0","0","0","0","0","0","0","0","0","0","0","0","0"
"2026-09-02T21:47:12.1866079+02:00","6,747","BlackRack Overlay","True","24520","8","4,235","652,38","486,94","26,64","46,65","220,64","167,95","22,01","3,05","2","122,23","266","5926","0","0","129,36"
"2026-09-02T21:47:12.1886127+02:00","6,778","TinyPedal","False","","0","0","0","0","0","0","0","0","0","0","0","0","0","0","0","0","0"
"2026-09-02T21:47:13.1845304+02:00","7,764","BlackRack Overlay","True","24520","8","2,497","661,33","488,98","26,59","47,23","212,81","177,3","22,01","3,05","2","131,55","266","5983","0","0","133,39"
"2026-09-02T21:47:13.1871724+02:00","7,776","TinyPedal","False","","0","0","0","0","0","0","0","0","0","0","0","0","0","0","0","0","0"
"2026-09-02T21:47:14.1992947+02:00","8,778","BlackRack Overlay","True","24520","8","3,082","671,6","485,34","26,59","47,23","199,88","186,59","22,01","3,05","2","140,82","266","5955","0","0","133,83"
"2026-09-02T21:47:14.2088164+02:00","8,798","TinyPedal","False","","0","0","0","0","0","0","0","0","0","0","0","0","0","0","0","0","0"
"2026-09-02T21:47:15.2092736+02:00","9,789","BlackRack Overlay","True","24520","8","2,124","673,88","489","27,14","47,25","200,83","188,73","22,01","3,05","2","142,95","266","6008","0","0","131,05"
"2026-09-02T21:47:15.2122738+02:00","9,801","TinyPedal","False","","0","0","0","0","0","0","0","0","0","0","0","0","0","0","0","0","0"
"2026-09-02T21:47:16.2402262+02:00","10,805","BlackRack Overlay","True","24520","8","2,981","675,77","490,38","27,14","46,59","200,18","191,41","22,01","3,05","2","145,77","266","5970","0","0","128,24"
"2026-09-02T21:47:16.2427258+02:00","10,831","TinyPedal","False","","0","0","0","0","0","0","0","0","0","0","0","0","0","0","0","0","0"
"2026-09-02T21:47:17.2446862+02:00","11,824","BlackRack Overlay","True","24520","8","2,492","678,95","489,81","27,14","47,12","196,56","193,93","22,01","3,05","2","148,19","266","6027","0","0","132,4"
"2026-09-02T21:47:17.2477035+02:00","11,836","TinyPedal","False","","0","0","0","0","0","0","0","0","0","0","0","0","0","0","0","0","0"
"2026-09-02T21:47:18.2639143+02:00","12,838","BlackRack Overlay","True","24520","8","1,733","682,78","493,65","27,14","47,12","197,33","197","22,01","3,05","2","151,25","266","6063","0","0","133,88"
"2026-09-02T21:47:18.2664223+02:00","12,855","TinyPedal","False","","0","0","0","0","0","0","0","0","0","0","0","0","0","0","0","0","0"
"2026-09-02T21:47:19.2674313+02:00","13,848","BlackRack Overlay","True","24520","8","3,094","688,64","498,78","27,13","47,12","196,99","202,48","22,01","3,05","2","156,73","266","6042","0","0","133,43"
"2026-09-02T21:47:19.2704577+02:00","13,859","TinyPedal","False","","0","0","0","0","0","0","0","0","0","0","0","0","0","0","0","0","0"
"2026-09-02T21:47:20.2995451+02:00","14,878","BlackRack Overlay","True","24520","8","2,655","694,17","503,87","27,14","47,09","196,12","208,46","22,01","3,05","2","162,68","266","6078","0","0","133,34"
"2026-09-02T21:47:20.3020567+02:00","14,891","TinyPedal","False","","0","0","0","0","0","0","0","0","0","0","0","0","0","0","0","0","0"
"2026-09-02T21:47:21.3119468+02:00","15,891","BlackRack Overlay","True","24520","8","2,218","701,94","512,17","27,14","47,2","196,54","216,23","22,01","3,05","2","170,5","266","6067","0","0","131,89"
"2026-09-02T21:47:21.3139470+02:00","15,903","TinyPedal","False","","0","0","0","0","0","0","0","0","0","0","0","0","0","0","0","0","0"
"2026-09-02T21:47:22.3148755+02:00","16,893","BlackRack Overlay","True","24520","8","2,534","703,54","511,47","27,14","47,2","194,96","217,11","22,01","3,05","2","171,36","266","6121","0","0","129,33"
"2026-09-02T21:47:22.3168862+02:00","16,906","TinyPedal","False","","0","0","0","0","0","0","0","0","0","0","0","0","0","0","0","0","0"
"2026-09-02T21:47:23.3319601+02:00","17,908","BlackRack Overlay","True","24520","8","3,078","708,47","516,99","27,14","47,2","195,13","222,47","22,01","3,05","2","176,71","266","6101","0","0","129,2"
"2026-09-02T21:47:23.3344737+02:00","17,923","TinyPedal","False","","0","0","0","0","0","0","0","0","0","0","0","0","0","0","0","0","0"
"2026-09-02T21:47:24.3334637+02:00","18,914","BlackRack Overlay","True","24520","8","2,621","708,92","516,22","27,11","47,26","194","222,97","21,86","3,01","2","176,62","263","6136","0","0","125,66"
"2026-09-02T21:47:24.3359653+02:00","18,925","TinyPedal","False","","0","0","0","0","0","0","0","0","0","0","0","0","0","0","0","0","0"
"2026-09-02T21:47:25.3456537+02:00","19,922","BlackRack Overlay","True","24520","8","3,199","711,88","515,37","27,11","47,04","190,66","225,65","21,86","3,04","2","179,27","265","6192","0","0","125,29"
"2026-09-02T21:47:25.3476618+02:00","19,937","TinyPedal","False","","0","0","0","0","0","0","0","0","0","0","0","0","0","0","0","0","0"
"2026-09-02T21:47:26.3567711+02:00","20,937","BlackRack Overlay","True","24520","8","2,791","719,01","522,04","27,11","47,05","190,06","232,92","21,86","3,04","2","186,53","265","6147","0","0","123,48"
"2026-09-02T21:47:26.3587746+02:00","20,948","TinyPedal","False","","0","0","0","0","0","0","0","0","0","0","0","0","0","0","0","0","0"
"2026-09-02T21:47:27.3730941+02:00","21,951","BlackRack Overlay","True","24520","8","2,31","720,37","517,89","27,08","47,05","183,88","235,03","21,81","3,04","2","188,39","263","6199","0","0","123,77"
"2026-09-02T21:47:27.3755972+02:00","21,964","TinyPedal","False","","0","0","0","0","0","0","0","0","0","0","0","0","0","0","0","0","0"
"2026-09-02T21:47:28.3915176+02:00","22,971","BlackRack Overlay","True","24520","8","2,587","723,78","521,54","27,13","46,99","184,41","238,15","21,81","3,04","2","191,52","263","6238","0","0","123,86"
"2026-09-02T21:47:28.3940140+02:00","22,983","TinyPedal","False","","0","0","0","0","0","0","0","0","0","0","0","0","0","0","0","0","0"
"2026-09-02T21:47:29.4312515+02:00","24,009","BlackRack Overlay","True","24520","8","3,104","731,57","528,84","27,08","47,04","184,46","245,4","21,82","3,04","2","198,76","263","6215","0","0","124,8"
"2026-09-02T21:47:29.4342510+02:00","24,023","TinyPedal","False","","0","0","0","0","0","0","0","0","0","0","0","0","0","0","0","0","0"
"2026-09-02T21:47:30.4026458+02:00","24,982","BlackRack Overlay","True","24520","8","3,21","733,23","530,84","27,08","47,04","184,94","246,92","21,82","3,04","2","200,32","263","6253","0","0","124,95"
"2026-09-02T21:47:30.4046502+02:00","24,993","TinyPedal","False","","0","0","0","0","0","0","0","0","0","0","0","0","0","0","0","0","0"
"2026-09-02T21:47:31.4400768+02:00","26,015","BlackRack Overlay","True","24520","8","2,081","737,94","535,88","27,13","47,17","184,95","251,77","21,82","3,04","2","205,14","263","6310","0","0","125,55"
"2026-09-02T21:47:31.4420748+02:00","26,031","TinyPedal","False","","0","0","0","0","0","0","0","0","0","0","0","0","0","0","0","0","0"
"2026-09-02T21:47:32.4529895+02:00","27,031","BlackRack Overlay","True","24520","8","3,651","746,8","547,19","27,12","46,97","187,27","260,98","21,8","3,04","2","214,33","263","6258","0","0","128,58"
"2026-09-02T21:47:32.4554970+02:00","27,044","TinyPedal","False","","0","0","0","0","0","0","0","0","0","0","0","0","0","0","0","0","0"
"2026-09-02T21:47:33.4711982+02:00","28,048","BlackRack Overlay","True","24520","8","2,016","749,59","549,75","27,13","47,19","187,64","262,95","21,8","3,04","2","216,27","263","6329","0","0","127,83"
"2026-09-02T21:47:33.4731994+02:00","28,062","TinyPedal","False","","0","0","0","0","0","0","0","0","0","0","0","0","0","0","0","0","0"
"2026-09-02T21:47:34.4866185+02:00","29,064","BlackRack Overlay","True","24520","8","3,461","751,91","551,54","27,2","47,6","187,05","264,83","21,81","3,04","2","218,21","263","6369","0","0","126,64"
"2026-09-02T21:47:34.4891267+02:00","29,078","TinyPedal","False","","0","0","0","0","0","0","0","0","0","0","0","0","0","0","0","0","0"
"2026-09-02T21:47:35.4835258+02:00","30,064","BlackRack Overlay","True","24520","8","3,614","763,5","582,84","27,15","47,64","207,57","275,62","21,81","3,04","2","228,73","263","6314","0","0","143,96"
"2026-09-02T21:47:35.4905406+02:00","30,079","TinyPedal","False","","0","0","0","0","0","0","0","0","0","0","0","0","0","0","0","0","0"
"2026-09-02T21:47:36.4701995+02:00","31,05","BlackRack Overlay","True","24520","8","2,574","764,88","585","27,27","47,03","207,11","278,73","21,81","3,04","2","231,34","263","6354","0","0","138,89"
"2026-09-02T21:47:36.4722024+02:00","31,061","TinyPedal","False","","0","0","0","0","0","0","0","0","0","0","0","0","0","0","0","0","0"
"2026-09-02T21:47:37.4875749+02:00","32,064","BlackRack Overlay","True","24520","8","1,927","768,2","587,97","27,27","47,07","207,37","281,41","21,81","3,04","2","233,98","263","6407","0","0","125,7"
"2026-09-02T21:47:37.4895830+02:00","32,079","TinyPedal","False","","0","0","0","0","0","0","0","0","0","0","0","0","0","0","0","0","0"
"2026-09-02T21:47:38.4940458+02:00","33,073","BlackRack Overlay","True","24520","8","2,324","771,29","590,49","27,74","46,98","206,92","284,19","21,72","2,95","2","236,86","258","6423","0","0","122,8"
"2026-09-02T21:47:38.4960445+02:00","33,085","TinyPedal","False","","0","0","0","0","0","0","0","0","0","0","0","0","0","0","0","0","0"
"2026-09-02T21:47:39.5136985+02:00","34,093","BlackRack Overlay","True","24520","8","3,54","781,97","601,21","27,43","46,96","205,67","296,49","21,71","2,93","2","249,07","255","6480","0","0","125,37"
"2026-09-02T21:47:39.5167108+02:00","34,106","TinyPedal","False","","0","0","0","0","0","0","0","0","0","0","0","0","0","0","0","0","0"
"2026-09-02T21:47:40.5469542+02:00","35,118","BlackRack Overlay","True","24520","8","3,813","783,35","587,95","27,45","46,95","193,77","295,14","21,7","2,93","2","247,71","255","6406","0","0","125,93"
"2026-09-02T21:47:40.5499678+02:00","35,138","TinyPedal","False","","0","0","0","0","0","0","0","0","0","0","0","0","0","0","0","0","0"
"2026-09-02T21:47:41.5391054+02:00","36,117","BlackRack Overlay","True","24520","8","2,738","784,18","580,49","27,46","46,95","184,54","296,91","21,7","2,93","2","249,48","255","6459","0","0","124,8"
"2026-09-02T21:47:41.5411052+02:00","36,13","TinyPedal","False","","0","0","0","0","0","0","0","0","0","0","0","0","0","0","0","0","0"
"2026-09-02T21:47:42.5680387+02:00","37,14","BlackRack Overlay","True","24520","8","2,673","785,7","583,3","27,46","46,96","185,16","299,09","21,7","2,93","2","251,66","255","6499","0","0","125,71"
"2026-09-02T21:47:42.5715891+02:00","37,16","TinyPedal","False","","0","0","0","0","0","0","0","0","0","0","0","0","0","0","0","0","0"
"2026-09-02T21:47:43.5597569+02:00","38,139","BlackRack Overlay","True","24520","8","2,932","788,26","586,4","27,46","47","185","302,31","21,7","2,93","2","254,89","255","6552","0","0","126,21"
"2026-09-02T21:47:43.5622695+02:00","38,151","TinyPedal","False","","0","0","0","0","0","0","0","0","0","0","0","0","0","0","0","0","0"
"2026-09-02T21:47:44.5768909+02:00","39,156","BlackRack Overlay","True","24520","8","2,594","789,71","588,39","27,46","46,87","185,02","304,41","21,71","2,93","2","256,97","255","6594","0","0","125,84"
"2026-09-02T21:47:44.5819198+02:00","39,17","TinyPedal","False","","0","0","0","0","0","0","0","0","0","0","0","0","0","0","0","0","0"
"2026-09-02T21:47:45.5969999+02:00","40,175","BlackRack Overlay","True","24520","8","3,16","793,87","590,26","27,52","46,91","184,77","306,43","21,71","2,93","2","258,98","255","6511","0","0","125,46"
"2026-09-02T21:47:45.5995079+02:00","40,188","TinyPedal","False","","0","0","0","0","0","0","0","0","0","0","0","0","0","0","0","0","0"
"2026-09-02T21:47:46.6063772+02:00","41,186","BlackRack Overlay","True","24520","8","3,383","796,36","610,62","27,52","46,91","203,24","308,32","21,71","2,93","2","260,88","255","6574","0","0","142,55"
"2026-09-02T21:47:46.6078870+02:00","41,197","TinyPedal","False","","0","0","0","0","0","0","0","0","0","0","0","0","0","0","0","0","0"
"2026-09-02T21:47:47.5989702+02:00","42,178","BlackRack Overlay","True","24520","8","3,05","798,67","613,57","27,46","46,97","203,91","310,59","21,71","2,93","2","263,16","255","6613","0","0","143,71"
"2026-09-02T21:47:47.6014770+02:00","42,19","TinyPedal","False","","0","0","0","0","0","0","0","0","0","0","0","0","0","0","0","0","0"
"2026-09-02T21:47:48.6248504+02:00","43,204","BlackRack Overlay","True","24520","8","2,382","797,5","612,7","27,73","46,91","203,57","309,85","21,71","2,93","2","262,36","258","6681","0","0","141,12"
"2026-09-02T21:47:48.6268486+02:00","43,216","TinyPedal","False","","0","0","0","0","0","0","0","0","0","0","0","0","0","0","0","0","0"
"2026-09-02T21:47:49.6550329+02:00","44,229","BlackRack Overlay","True","24520","8","3,331","808,08","622,52","27,57","46,91","204,39","319,01","21,71","2,93","2","271,5","255","6555","0","0","142,77"
"2026-09-02T21:47:49.6575465+02:00","44,246","TinyPedal","False","","0","0","0","0","0","0","0","0","0","0","0","0","0","0","0","0","0"
"2026-09-02T21:47:50.6527414+02:00","45,231","BlackRack Overlay","True","24520","8","3,024","810,23","624,91","27,77","46,97","204,27","321,25","21,71","2,93","2","273,74","258","6624","1","1","143,52"
"2026-09-02T21:47:50.6557546+02:00","45,245","TinyPedal","False","","0","0","0","0","0","0","0","0","0","0","0","0","0","0","0","0","0"
"2026-09-02T21:47:51.6814198+02:00","46,251","BlackRack Overlay","True","24520","8","3,351","811,61","626,84","27,67","46,97","204,63","322,93","21,71","2,93","2","275,42","255","6651","0","0","144,25"
"2026-09-02T21:47:51.6834202+02:00","46,272","TinyPedal","False","","0","0","0","0","0","0","0","0","0","0","0","0","0","0","0","0","0"
"2026-09-02T21:47:52.6792767+02:00","47,258","BlackRack Overlay","True","24520","8","2,52","810,57","625,92","27,67","46,9","204,43","322,27","21,71","2,93","2","274,89","255","6706","0","0","143,25"
"2026-09-02T21:47:52.6812802+02:00","47,27","TinyPedal","False","","0","0","0","0","0","0","0","0","0","0","0","0","0","0","0","0","0"
"2026-09-02T21:47:53.6669172+02:00","48,245","BlackRack Overlay","True","24520","8","3,264","814,95","630,81","27,61","46,97","205,34","326,24","21,71","2,93","2","278,8","255","6742","0","0","139,4"
"2026-09-02T21:47:53.6704327+02:00","48,259","TinyPedal","False","","0","0","0","0","0","0","0","0","0","0","0","0","0","0","0","0","0"
"2026-09-02T21:47:54.7153165+02:00","49,293","BlackRack Overlay","True","24520","8","2,982","824,39","641,9","27,61","46,98","209,34","333,32","21,71","2,93","2","285,85","255","6666","0","0","143,06"
"2026-09-02T21:47:54.7178174+02:00","49,306","TinyPedal","False","","0","0","0","0","0","0","0","0","0","0","0","0","0","0","0","0","0"
"2026-09-02T21:47:55.7214550+02:00","50,299","BlackRack Overlay","True","24520","8","2,62","820,99","638,64","27,61","47,12","209,26","329,99","21,72","2,93","2","282,46","255","6702","0","0","144,5"
"2026-09-02T21:47:55.7239613+02:00","50,313","TinyPedal","False","","0","0","0","0","0","0","0","0","0","0","0","0","0","0","0","0","0"
"2026-09-02T21:47:56.7289839+02:00","51,305","BlackRack Overlay","True","24520","8","3,692","826,01","644,78","27,62","46,95","210,48","335,13","21,72","2,89","2","287,77","254","6782","0","0","144,59"
"2026-09-02T21:47:56.7319969+02:00","51,321","TinyPedal","False","","0","0","0","0","0","0","0","0","0","0","0","0","0","0","0","0","0"
"2026-09-02T21:47:57.7330219+02:00","52,312","BlackRack Overlay","True","24520","8","2,617","830,81","650,31","27,61","47,07","211,04","339,99","21,72","2,89","2","292,29","254","6817","0","0","146,25"
"2026-09-02T21:47:57.7355220+02:00","52,324","TinyPedal","False","","0","0","0","0","0","0","0","0","0","0","0","0","0","0","0","0","0"
"2026-09-02T21:47:58.7364551+02:00","53,299","BlackRack Overlay","True","24520","8","3,563","834,38","654,58","28,19","47,07","211,25","343,47","21,72","2,89","2","295,77","257","6885","0","0","142,85"
"2026-09-02T21:47:58.7394654+02:00","53,328","TinyPedal","False","","0","0","0","0","0","0","0","0","0","0","0","0","0","0","0","0","0"
"2026-09-02T21:47:59.7131878+02:00","54,293","BlackRack Overlay","True","24520","8","4,028","841,76","660,26","27,86","47,12","210,26","350,41","21,72","2,89","2","302,44","254","6772","0","0","138,85"
"2026-09-02T21:47:59.7151955+02:00","54,304","TinyPedal","False","","0","0","0","0","0","0","0","0","0","0","0","0","0","0","0","0","0"
"2026-09-02T21:48:00.7190149+02:00","55,296","BlackRack Overlay","True","24520","8","3,506","840,42","662,84","27,89","47","215,32","348,01","21,72","2,89","2","300,03","254","6828","0","0","147,86"
"2026-09-02T21:48:00.7215468+02:00","55,311","TinyPedal","False","","0","0","0","0","0","0","0","0","0","0","0","0","0","0","0","0","0"
"2026-09-02T21:48:01.7447394+02:00","56,324","BlackRack Overlay","True","24520","8","1,615","843,57","665,82","27,95","47,02","214,71","351,53","21,72","2,89","2","303,53","254","6864","0","0","149,67"
"2026-09-02T21:48:01.7472381+02:00","56,336","TinyPedal","False","","0","0","0","0","0","0","0","0","0","0","0","0","0","0","0","0","0"
"2026-09-02T21:48:02.7613102+02:00","57,34","BlackRack Overlay","True","24520","8","2,691","847,16","669,8","27,95","47,05","214,54","355,65","21,72","2,89","2","307,64","254","6921","0","0","145,83"
"2026-09-02T21:48:02.7633118+02:00","57,352","TinyPedal","False","","0","0","0","0","0","0","0","0","0","0","0","0","0","0","0","0","0"
"2026-09-02T21:48:03.7631209+02:00","58,341","BlackRack Overlay","True","24520","8","3,414","857,73","681,23","27,96","47,05","214,48","367,12","21,72","2,89","2","319,09","254","6957","0","0","134,7"
"2026-09-02T21:48:03.7651209+02:00","58,354","TinyPedal","False","","0","0","0","0","0","0","0","0","0","0","0","0","0","0","0","0","0"
"2026-09-02T21:48:04.7757632+02:00","59,355","BlackRack Overlay","True","24520","8","3,178","860,57","683,82","28,96","46,82","214,17","369,26","21,72","2,89","2","320,94","254","6868","0","0","133,92"
"2026-09-02T21:48:04.7777624+02:00","59,367","TinyPedal","False","","0","0","0","0","0","0","0","0","0","0","0","0","0","0","0","0","0"
"2026-09-02T21:48:05.7932378+02:00","60,374","BlackRack Overlay","True","24520","8","2,206","863,57","685,9","28,97","46,91","213,19","372,22","21,72","2,89","2","324,02","254","6904","0","0","126,86"
"2026-09-02T21:48:05.7967697+02:00","60,385","TinyPedal","False","","0","0","0","0","0","0","0","0","0","0","0","0","0","0","0","0","0"
"2026-09-02T21:48:06.7808442+02:00","61,359","BlackRack Overlay","True","24520","8","3,271","864,85","686,36","28,91","46,95","211,13","374,77","21,72","2,89","2","325,99","254","6961","0","0","126,95"
"2026-09-02T21:48:06.7838433+02:00","61,373","TinyPedal","False","","0","0","0","0","0","0","0","0","0","0","0","0","0","0","0","0","0"
"2026-09-02T21:48:07.8014111+02:00","62,377","BlackRack Overlay","True","24520","8","2,398","862,3","669,14","28,91","46,95","196,11","372,56","21,72","2,89","2","323,75","254","6997","0","0","125,92"
"2026-09-02T21:48:07.8029100+02:00","62,392","TinyPedal","False","","0","0","0","0","0","0","0","0","0","0","0","0","0","0","0","0","0"
"2026-09-02T21:48:08.8260360+02:00","63,404","BlackRack Overlay","True","24520","8","4,849","872,66","676,7","29,28","46,85","193,88","382,08","21,72","2,89","2","333,26","254","6922","0","0","129,45"
"2026-09-02T21:48:08.8280336+02:00","63,417","TinyPedal","False","","0","0","0","0","0","0","0","0","0","0","0","0","0","0","0","0","0"
"2026-09-02T21:48:09.8396145+02:00","64,414","BlackRack Overlay","True","24520","8","2,513","873,59","677,13","28,54","46,89","193,34","383,75","21,72","2,89","2","335,1","254","6956","0","0","129,95"
"2026-09-02T21:48:09.8426223+02:00","64,431","TinyPedal","False","","0","0","0","0","0","0","0","0","0","0","0","0","0","0","0","0","0"
"2026-09-02T21:48:10.8419806+02:00","65,421","BlackRack Overlay","True","24520","8","2,909","875,89","677,88","28,66","46,89","191,94","385,78","21,72","2,89","2","337,05","254","7013","0","0","131,2"
"2026-09-02T21:48:10.8449793+02:00","65,434","TinyPedal","False","","0","0","0","0","0","0","0","0","0","0","0","0","0","0","0","0","0"
"2026-09-02T21:48:11.8576820+02:00","66,439","BlackRack Overlay","True","24520","8","2,494","873,75","676,08","28,61","46,9","191,78","384,18","21,72","2,89","2","335,4","254","7049","0","0","127,76"
"2026-09-02T21:48:11.8596885+02:00","66,449","TinyPedal","False","","0","0","0","0","0","0","0","0","0","0","0","0","0","0","0","0","0"
"2026-09-02T21:48:12.8691354+02:00","67,449","BlackRack Overlay","True","24520","8","1,933","877,88","680,95","28,9","46,84","191,79","388,82","21,71","2,89","2","340,03","254","7106","0","0","125,76"
"2026-09-02T21:48:12.8716445+02:00","67,46","TinyPedal","False","","0","0","0","0","0","0","0","0","0","0","0","0","0","0","0","0","0"
"2026-09-02T21:48:13.8852039+02:00","68,464","BlackRack Overlay","True","24520","8","2,599","891,03","694,71","28,9","46,84","191,89","402,48","21,71","2,89","2","353,68","254","7142","0","0","127,48"
"2026-09-02T21:48:13.8867019+02:00","68,475","TinyPedal","False","","0","0","0","0","0","0","0","0","0","0","0","0","0","0","0","0","0"
"2026-09-02T21:48:14.9051074+02:00","69,485","BlackRack Overlay","True","24520","8","4,687","899,34","701,65","28,9","46,88","192,35","408,92","21,71","2,89","2","360,11","254","7047","0","0","128,79"
"2026-09-02T21:48:14.9076106+02:00","69,496","TinyPedal","False","","0","0","0","0","0","0","0","0","0","0","0","0","0","0","0","0","0"
"2026-09-02T21:48:15.8857528+02:00","70,464","BlackRack Overlay","True","24520","8","3,19","896,55","698,63","28,96","46,88","192,25","405,93","21,71","2,89","2","357","254","7083","0","0","126,95"
"2026-09-02T21:48:15.8882558+02:00","70,477","TinyPedal","False","","0","0","0","0","0","0","0","0","0","0","0","0","0","0","0","0","0"
"2026-09-02T21:48:16.9050054+02:00","71,479","BlackRack Overlay","True","24520","8","2,021","899,43","700,89","28,96","46,86","191,15","409,32","21,71","2,89","2","360,39","254","7140","0","0","124,38"
"2026-09-02T21:48:16.9075059+02:00","71,496","TinyPedal","False","","0","0","0","0","0","0","0","0","0","0","0","0","0","0","0","0","0"
"2026-09-02T21:48:17.9003408+02:00","72,481","BlackRack Overlay","True","24520","8","2,73","901,58","703,47","28,96","46,88","190,91","412,12","21,71","2,89","2","363,19","254","7176","0","0","123,16"
"2026-09-02T21:48:17.9023690+02:00","72,491","TinyPedal","False","","0","0","0","0","0","0","0","0","0","0","0","0","0","0","0","0","0"
"2026-09-02T21:48:18.9144109+02:00","73,489","BlackRack Overlay","True","24520","8","2,906","906,51","705,83","29,28","46,88","187,19","417,88","21,71","2,89","2","368,95","254","7233","0","0","123,63"
"2026-09-02T21:48:18.9159127+02:00","73,505","TinyPedal","False","","0","0","0","0","0","0","0","0","0","0","0","0","0","0","0","0","0"
"2026-09-02T21:48:19.9162901+02:00","74,497","BlackRack Overlay","True","24520","8","1,84","912,2","709,89","29,28","46,88","185,43","423,7","21,71","2,89","2","374,96","254","7269","0","0","123,79"
"2026-09-02T21:48:19.9182901+02:00","74,507","TinyPedal","False","","0","0","0","0","0","0","0","0","0","0","0","0","0","0","0","0","0"
"2026-09-02T21:48:20.9211079+02:00","75,5","BlackRack Overlay","True","24520","8","3,7","920,88","718,55","28,63","46,84","186,1","432,38","21,72","2,89","2","383,58","254","7150","0","0","123,79"
"2026-09-02T21:48:20.9236173+02:00","75,512","TinyPedal","False","","0","0","0","0","0","0","0","0","0","0","0","0","0","0","0","0","0"
"2026-09-02T21:48:21.9348982+02:00","76,515","BlackRack Overlay","True","24520","8","1,347","923,58","720,6","28,66","46,88","185,68","434,77","21,72","2,89","2","385,97","254","7204","0","0","123,41"
"2026-09-02T21:48:21.9374018+02:00","76,526","TinyPedal","False","","0","0","0","0","0","0","0","0","0","0","0","0","0","0","0","0","0"
"2026-09-02T21:48:22.9346247+02:00","77,515","BlackRack Overlay","True","24520","8","2,442","926,98","725,91","28,93","46,88","188,8","436,68","21,72","2,89","2","388,14","254","7261","0","0","127,61"
"2026-09-02T21:48:22.9356293+02:00","77,525","TinyPedal","False","","0","0","0","0","0","0","0","0","0","0","0","0","0","0","0","0","0"
"2026-09-02T21:48:23.9513393+02:00","78,529","BlackRack Overlay","True","24520","8","2,698","925,07","724,87","28,98","46,9","189,63","434,75","21,72","2,89","2","386,35","254","7297","0","0","128,2"
"2026-09-02T21:48:23.9533395+02:00","78,542","TinyPedal","False","","0","0","0","0","0","0","0","0","0","0","0","0","0","0","0","0","0"
"2026-09-02T21:48:24.9640643+02:00","79,543","BlackRack Overlay","True","24520","8","2,503","928,35","729,53","28,98","46,85","190,62","438,47","21,72","2,89","2","390,02","253","7354","0","0","126,32"
"2026-09-02T21:48:24.9665671+02:00","79,555","TinyPedal","False","","0","0","0","0","0","0","0","0","0","0","0","0","0","0","0","0","0"
"2026-09-02T21:48:25.9853555+02:00","80,562","BlackRack Overlay","True","24520","8","2,493","932,86","734,2","28,98","46,88","190,61","443,11","21,72","2,89","2","394,58","254","7390","0","0","124,66"
"2026-09-02T21:48:25.9878521+02:00","80,577","TinyPedal","False","","0","0","0","0","0","0","0","0","0","0","0","0","0","0","0","0","0"
"2026-09-02T21:48:27.0042639+02:00","81,583","BlackRack Overlay","True","24520","8","2,868","942,48","744,45","28,93","46,88","190,61","453,42","21,72","2,89","2","404,88","254","7447","0","0","124,38"
"2026-09-02T21:48:27.0072646+02:00","81,596","TinyPedal","False","","0","0","0","0","0","0","0","0","0","0","0","0","0","0","0","0","0"
"2026-09-02T21:48:27.9812819+02:00","82,56","BlackRack Overlay","True","24520","8","3,797","950,41","747,07","28,93","46,89","187,86","458,79","21,72","2,89","2","409,99","254","7345","0","0","124,26"
"2026-09-02T21:48:27.9882895+02:00","82,577","TinyPedal","False","","0","0","0","0","0","0","0","0","0","0","0","0","0","0","0","0","0"
"2026-09-02T21:48:29.0155825+02:00","83,595","BlackRack Overlay","True","24520","8","3,02","954,97","753,19","29,29","46,86","188,59","463,85","21,72","2,89","2","415,11","254","7402","0","0","126,54"
"2026-09-02T21:48:29.0175826+02:00","83,606","TinyPedal","False","","0","0","0","0","0","0","0","0","0","0","0","0","0","0","0","0","0"
"2026-09-02T21:48:30.0184346+02:00","84,598","BlackRack Overlay","True","24520","8","1,656","958,96","757,75","29,29","46,9","189,63","467,33","21,72","2,89","2","418,51","254","7438","0","0","123,76"
"2026-09-02T21:48:30.0209427+02:00","84,609","TinyPedal","False","","0","0","0","0","0","0","0","0","0","0","0","0","0","0","0","0","0"
"2026-09-02T21:48:31.0484656+02:00","85,629","BlackRack Overlay","True","24520","8","2,083","961,68","760,9","29,23","46,9","189,41","470,76","21,72","2,89","2","421,93","254","7495","0","0","124,2"
"2026-09-02T21:48:31.0509724+02:00","85,64","TinyPedal","False","","0","0","0","0","0","0","0","0","0","0","0","0","0","0","0","0","0"
"2026-09-02T21:48:32.0479562+02:00","86,626","BlackRack Overlay","True","24520","8","2,742","961,3","760,58","28,82","47,21","189,15","470,49","22,03","2,89","2","421,65","254","7531","0","0","124,89"
"2026-09-02T21:48:32.0504683+02:00","86,639","TinyPedal","False","","0","0","0","0","0","0","0","0","0","0","0","0","0","0","0","0","0"
"2026-09-02T21:48:33.0820063+02:00","87,655","BlackRack Overlay","True","24520","8","3,132","965,62","764,67","28,89","47,01","188,3","475,55","22,03","2,89","2","426,79","254","7606","0","0","124,54"
"2026-09-02T21:48:33.0845065+02:00","87,673","TinyPedal","False","","0","0","0","0","0","0","0","0","0","0","0","0","0","0","0","0","0"
"2026-09-02T21:48:34.0885622+02:00","88,668","BlackRack Overlay","True","24520","8","2,122","970,75","770,12","28,92","47,12","188,24","480,92","22,03","2,89","2","432,12","254","7642","0","0","123,7"
"2026-09-02T21:48:34.0915689+02:00","88,68","TinyPedal","False","","0","0","0","0","0","0","0","0","0","0","0","0","0","0","0","0","0"
"2026-09-02T21:48:35.0977755+02:00","89,673","BlackRack Overlay","True","24520","8","3,305","979,18","775,01","28,92","47,12","187,06","486,98","22,03","2,89","2","438,09","254","7581","0","0","124,82"
"2026-09-02T21:48:35.1007821+02:00","89,689","TinyPedal","False","","0","0","0","0","0","0","0","0","0","0","0","0","0","0","0","0","0"
"2026-09-02T21:48:36.0961265+02:00","90,677","BlackRack Overlay","True","24520","8","2,627","975,34","770,84","28,87","47,12","186,27","483,65","22,03","2,89","2","434,45","254","7617","0","0","124,85"
"2026-09-02T21:48:36.0976283+02:00","90,687","TinyPedal","False","","0","0","0","0","0","0","0","0","0","0","0","0","0","0","0","0","0"
"2026-09-02T21:48:37.1105226+02:00","91,691","BlackRack Overlay","True","24520","8","3,08","978,43","778,73","28,9","47,09","190,23","487,6","22,03","2,89","2","438,39","254","7674","0","0","127,57"
"2026-09-02T21:48:37.1130279+02:00","91,702","TinyPedal","False","","0","0","0","0","0","0","0","0","0","0","0","0","0","0","0","0","0"
"2026-09-02T21:48:38.1462409+02:00","92,725","BlackRack Overlay","True","24520","8","2,55","982,26","783,38","28,9","47,09","190,27","492,21","22,03","2,89","2","442,34","254","7710","0","0","127,98"
"2026-09-02T21:48:38.1477426+02:00","92,737","TinyPedal","False","","0","0","0","0","0","0","0","0","0","0","0","0","0","0","0","0","0"
"2026-09-02T21:48:39.1348585+02:00","93,713","BlackRack Overlay","True","24520","8","2,572","986,12","787,56","29,29","47,14","190,26","495,96","22,03","2,89","2","446,09","254","7767","0","0","127,14"
"2026-09-02T21:48:39.1383589+02:00","93,727","TinyPedal","False","","0","0","0","0","0","0","0","0","0","0","0","0","0","0","0","0","0"
"2026-09-02T21:48:40.1559534+02:00","94,736","BlackRack Overlay","True","24520","8","2,387","988,23","790,34","29,29","47,14","190,16","498,84","22,03","2,89","2","448,84","254","7803","0","0","122,38"
"2026-09-02T21:48:40.1579534+02:00","94,747","TinyPedal","False","","0","0","0","0","0","0","0","0","0","0","0","0","0","0","0","0","0"
"2026-09-02T21:48:41.1497488+02:00","95,73","BlackRack Overlay","True","24520","8","2,16","997,16","799,58","29,23","47,09","190,5","507,84","22,03","2,89","2","457,84","254","7860","0","0","124,7"
"2026-09-02T21:48:41.1512528+02:00","95,74","TinyPedal","False","","0","0","0","0","0","0","0","0","0","0","0","0","0","0","0","0","0"
"2026-09-02T21:48:42.1721241+02:00","96,746","BlackRack Overlay","True","24520","8","3,27","1005,48","805,16","29,29","47,12","190,39","513,45","22,03","2,89","2","463,57","254","7540","0","0","124,64"
"2026-09-02T21:48:42.1746217+02:00","96,763","TinyPedal","False","","0","0","0","0","0","0","0","0","0","0","0","0","0","0","0","0","0"
"2026-09-02T21:48:43.1814202+02:00","97,761","BlackRack Overlay","True","24520","8","2,886","1006,88","803,45","29,29","47,12","186,8","515,32","22,03","2,89","2","465,38","254","7596","0","0","124,2"
"2026-09-02T21:48:43.1834176+02:00","97,772","TinyPedal","False","","0","0","0","0","0","0","0","0","0","0","0","0","0","0","0","0","0"
"2026-09-02T21:48:44.1752419+02:00","98,752","BlackRack Overlay","True","24520","8","2,267","1003,63","800,23","29,23","47,12","186,8","512,16","22,03","2,89","2","462,13","254","7633","0","0","124,07"
"2026-09-02T21:48:44.1782414+02:00","98,767","TinyPedal","False","","0","0","0","0","0","0","0","0","0","0","0","0","0","0","0","0","0"
"2026-09-02T21:48:45.1795374+02:00","99,759","BlackRack Overlay","True","24520","8","2,035","1006,43","803,12","29,18","46,95","186,04","516,08","22,03","2,84","2","466,05","249","7685","0","0","122"
"2026-09-02T21:48:45.1820475+02:00","99,771","TinyPedal","False","","0","0","0","0","0","0","0","0","0","0","0","0","0","0","0","0","0"
"2026-09-02T21:48:46.1822399+02:00","100,76","BlackRack Overlay","True","24520","8","3,514","1010,53","807,36","29,23","47,02","185,97","520,27","22,03","2,83","2","470,17","249","7719","0","0","124,07"
"2026-09-02T21:48:46.1842527+02:00","100,773","TinyPedal","False","","0","0","0","0","0","0","0","0","0","0","0","0","0","0","0","0","0"
"2026-09-02T21:48:47.1938757+02:00","101,774","BlackRack Overlay","True","24520","8","3,178","1014,45","812,29","29,23","47,05","186,32","524,83","22,03","2,83","2","474,64","249","7778","0","0","124,51"
"2026-09-02T21:48:47.1953753+02:00","101,785","TinyPedal","False","","0","0","0","0","0","0","0","0","0","0","0","0","0","0","0","0","0"
"2026-09-02T21:48:48.1957241+02:00","102,775","BlackRack Overlay","True","24520","8","2,635","1020,72","818,48","29,23","47,05","186","531,34","22,03","2,83","2","481,1","249","7814","0","0","124,63"
"2026-09-02T21:48:48.1977236+02:00","102,786","TinyPedal","False","","0","0","0","0","0","0","0","0","0","0","0","0","0","0","0","0","0"
"2026-09-02T21:48:49.2166570+02:00","103,796","BlackRack Overlay","True","24520","8","4,779","1025,79","825,68","29,23","46,98","191,25","533,35","22,03","2,83","2","483,09","249","7667","0","0","127,92"
"2026-09-02T21:48:49.2196681+02:00","103,808","TinyPedal","False","","0","0","0","0","0","0","0","0","0","0","0","0","0","0","0","0","0"
"2026-09-02T21:48:50.2452605+02:00","104,826","BlackRack Overlay","True","24520","8","2,466","1027,31","827,15","29,18","47,02","190,96","535,12","22,03","2,83","2","484,86","249","7703","0","0","127,82"
"2026-09-02T21:48:50.2472679+02:00","104,836","TinyPedal","False","","0","0","0","0","0","0","0","0","0","0","0","0","0","0","0","0","0"
"2026-09-02T21:48:51.2286460+02:00","105,804","BlackRack Overlay","True","24520","8","2,696","1028,58","829,09","28,87","47,02","190,91","537,42","22,03","2,83","2","487,16","249","7760","0","0","128,29"
"2026-09-02T21:48:51.2311560+02:00","105,82","TinyPedal","False","","0","0","0","0","0","0","0","0","0","0","0","0","0","0","0","0","0"
"2026-09-02T21:48:52.2306980+02:00","106,81","BlackRack Overlay","True","24520","8","2,135","1027,89","828,91","28,87","45,2","190,89","539,09","22,03","2,83","2","489,07","249","7796","0","0","128,36"
"2026-09-02T21:48:52.2337096+02:00","106,822","TinyPedal","False","","0","0","0","0","0","0","0","0","0","0","0","0","0","0","0","0","0"
"2026-09-02T21:48:53.2451422+02:00","107,82","BlackRack Overlay","True","24520","8","3,096","1033,91","835,2","28,88","47,05","190,96","543,46","22,03","2,83","2","493,44","249","7853","0","0","129,01"
"2026-09-02T21:48:53.2476421+02:00","107,837","TinyPedal","False","","0","0","0","0","0","0","0","0","0","0","0","0","0","0","0","0","0"
"2026-09-02T21:48:54.2725058+02:00","108,853","BlackRack Overlay","True","24520","8","2,552","1037,53","839,57","29,12","47,05","190,84","547,7","22,03","2,83","2","497,68","249","7889","0","0","124,63"
"2026-09-02T21:48:54.2755145+02:00","108,864","TinyPedal","False","","0","0","0","0","0","0","0","0","0","0","0","0","0","0","0","0","0"
"2026-09-02T21:48:55.2875152+02:00","109,866","BlackRack Overlay","True","24520","8","3,564","1044,54","847,24","29,15","47,05","190,86","555,32","22,03","2,83","2","505,3","249","7946","0","0","126,57"
"2026-09-02T21:48:55.2905462+02:00","109,879","TinyPedal","False","","0","0","0","0","0","0","0","0","0","0","0","0","0","0","0","0","0"
"2026-09-02T21:48:56.3006659+02:00","110,881","BlackRack Overlay","True","24520","8","3,947","1040,5","839,49","29,15","46,46","190,53","548,48","22,03","2,83","2","498,6","249","7770","0","0","127,39"
"2026-09-02T21:48:56.3026787+02:00","110,892","TinyPedal","False","","0","0","0","0","0","0","0","0","0","0","0","0","0","0","0","0","0"
"2026-09-02T21:48:57.3006975+02:00","111,88","BlackRack Overlay","True","24520","8","3,615","1043,38","842,87","29,16","47,09","190,5","551,26","22,03","2,83","2","501,24","249","7845","0","0","123,07"
"2026-09-02T21:48:57.3031979+02:00","111,892","TinyPedal","False","","0","0","0","0","0","0","0","0","0","0","0","0","0","0","0","0","0"
"2026-09-02T21:48:58.3357284+02:00","112,915","BlackRack Overlay","True","24520","8","2,265","1046,36","846,72","29,21","47,12","190,5","555,02","22,03","2,83","2","504,71","249","7881","0","0","123,85"
"2026-09-02T21:48:58.3377315+02:00","112,927","TinyPedal","False","","0","0","0","0","0","0","0","0","0","0","0","0","0","0","0","0","0"
"2026-09-02T21:48:59.3386132+02:00","113,919","BlackRack Overlay","True","24520","8","2,432","1049,96","863,95","29,16","47,12","204,27","558,53","22,03","2,83","2","508,21","249","7938","0","0","139,73"
"2026-09-02T21:48:59.3416232+02:00","113,93","TinyPedal","False","","0","0","0","0","0","0","0","0","0","0","0","0","0","0","0","0","0"
"2026-09-02T21:49:00.3588358+02:00","114,936","BlackRack Overlay","True","24520","8","1,633","1051,72","866,03","29,23","46,45","204,86","560,62","22,03","2,83","2","510,43","250","7978","0","0","137,67"
"2026-09-02T21:49:00.3603406+02:00","114,95","TinyPedal","False","","0","0","0","0","0","0","0","0","0","0","0","0","0","0","0","0","0"
"2026-09-02T21:49:01.3742187+02:00","115,952","BlackRack Overlay","True","24520","8","2,305","1056,12","870,8","29,11","47,09","204,97","564,76","22,03","2,83","2","514,52","250","8035","0","0","124,26"
"2026-09-02T21:49:01.3772194+02:00","115,966","TinyPedal","False","","0","0","0","0","0","0","0","0","0","0","0","0","0","0","0","0","0"
"2026-09-02T21:49:02.3830137+02:00","116,958","BlackRack Overlay","True","24520","8","2,428","1063,71","877,93","29,12","47,09","203,82","573,02","22,03","2,83","2","522,73","250","8071","0","0","125,32"
"2026-09-02T21:49:02.3850114+02:00","116,974","TinyPedal","False","","0","0","0","0","0","0","0","0","0","0","0","0","0","0","0","0","0"
"2026-09-02T21:49:03.3929147+02:00","117,973","BlackRack Overlay","True","24520","8","2,599","1077,43","888,9","29,13","47,09","200,4","587,42","22,03","2,83","2","537,12","250","8128","0","0","125,38"
"2026-09-02T21:49:03.3949210+02:00","117,984","TinyPedal","False","","0","0","0","0","0","0","0","0","0","0","0","0","0","0","0","0","0"
"2026-09-02T21:49:04.4138305+02:00","118,992","BlackRack Overlay","True","24520","8","5,075","1067,11","864,73","29,18","46,46","188,73","575,5","22,03","2,83","2","525,18","250","7950","0","0","125,45"
"2026-09-02T21:49:04.4163577+02:00","119,005","TinyPedal","False","","0","0","0","0","0","0","0","0","0","0","0","0","0","0","0","0","0"
"2026-09-02T21:49:05.4383869+02:00","120,019","BlackRack Overlay","True","24520","8","2,758","1070,34","867,86","29,2","47,02","188,95","577,82","22,03","2,83","2","527,56","250","8007","0","0","127,91"
"2026-09-02T21:49:05.4403962+02:00","120,029","TinyPedal","False","","0","0","0","0","0","0","0","0","0","0","0","0","0","0","0","0","0"
"2026-09-02T21:49:06.4554589+02:00","121,036","BlackRack Overlay","True","24520","8","2,69","1074,76","876,54","29,14","47,56","193,95","581,02","22,03","2,83","2","530,47","250","8043","0","0","132,04"
"2026-09-02T21:49:06.4579641+02:00","121,047","TinyPedal","False","","0","0","0","0","0","0","0","0","0","0","0","0","0","0","0","0","0"
"2026-09-02T21:49:07.4728378+02:00","122,048","BlackRack Overlay","True","24520","8","2,992","1078,99","881,48","29,2","47,61","194,01","585,8","22,03","2,83","2","534,96","250","8118","0","0","131,07"
"2026-09-02T21:49:07.4753373+02:00","122,064","TinyPedal","False","","0","0","0","0","0","0","0","0","0","0","0","0","0","0","0","0","0"
"2026-09-02T21:49:08.4844748+02:00","123,062","BlackRack Overlay","True","24520","8","3,176","1080","883,01","29,16","47,16","193,66","588,17","22,03","2,83","2","537,32","250","8154","0","0","127,73"
"2026-09-02T21:49:08.4879820+02:00","123,077","TinyPedal","False","","0","0","0","0","0","0","0","0","0","0","0","0","0","0","0","0","0"
"2026-09-02T21:49:09.4978000+02:00","124,073","BlackRack Overlay","True","24520","8","2,319","1083,55","887,19","28,79","47,29","193,93","592,32","22,03","2,83","2","541,5","250","8211","0","0","123,79"
"2026-09-02T21:49:09.4998099+02:00","124,088","TinyPedal","False","","0","0","0","0","0","0","0","0","0","0","0","0","0","0","0","0","0"
"2026-09-02T21:49:10.5100628+02:00","125,089","BlackRack Overlay","True","24520","8","2,692","1101,66","905,73","28,97","47,29","193,79","610,81","22,03","2,83","2","559,98","250","8247","0","0","124,57"
"2026-09-02T21:49:10.5130810+02:00","125,102","TinyPedal","False","","0","0","0","0","0","0","0","0","0","0","0","0","0","0","0","0","0"
"2026-09-02T21:49:11.5023715+02:00","126,078","BlackRack Overlay","True","24520","8","3,85","1096,38","896,09","28,98","47,29","192,19","602,78","22,03","2,83","2","551,94","250","8068","0","0","127,42"
"2026-09-02T21:49:11.5053840+02:00","126,094","TinyPedal","False","","0","0","0","0","0","0","0","0","0","0","0","0","0","0","0","0","0"
"2026-09-02T21:49:12.5012851+02:00","127,08","BlackRack Overlay","True","24520","8","2,437","1091,93","891,23","29,03","47,06","191,32","599,12","21,86","2,83","2","548,26","250","8104","0","0","126,42"
"2026-09-02T21:49:12.5042933+02:00","127,093","TinyPedal","False","","0","0","0","0","0","0","0","0","0","0","0","0","0","0","0","0","0"
"2026-09-02T21:49:13.5174792+02:00","128,096","BlackRack Overlay","True","24520","8","3,846","1094,51","893,62","28,99","47,29","191,14","601,5","21,86","2,83","2","550,64","250","8161","0","0","123,16"
"2026-09-02T21:49:13.5189771+02:00","128,108","TinyPedal","False","","0","0","0","0","0","0","0","0","0","0","0","0","0","0","0","0","0"
"2026-09-02T21:49:14.5302891+02:00","129,11","BlackRack Overlay","True","24520","8","2,6","1097,2","896,88","28,99","47,29","191,14","604,76","21,87","2,83","2","553,92","250","8197","0","0","122,63"
"2026-09-02T21:49:14.5328027+02:00","129,122","TinyPedal","False","","0","0","0","0","0","0","0","0","0","0","0","0","0","0","0","0","0"
"2026-09-02T21:49:15.5507596+02:00","130,128","BlackRack Overlay","True","24520","8","2,59","1099,84","899,69","28,99","47,29","190,4","608,31","21,87","2,83","2","557,47","250","8254","0","0","123,97"
"2026-09-02T21:49:15.5537618+02:00","130,142","TinyPedal","False","","0","0","0","0","0","0","0","0","0","0","0","0","0","0","0","0","0"
"2026-09-02T21:49:16.5490955+02:00","131,125","BlackRack Overlay","True","24520","8","2,448","1102,18","902,71","28,99","47,14","190,12","611,75","21,87","2,83","2","560,64","250","8290","0","0","125,19"
"2026-09-02T21:49:16.5516077+02:00","131,141","TinyPedal","False","","0","0","0","0","0","0","0","0","0","0","0","0","0","0","0","0","0"
"2026-09-02T21:49:17.5603997+02:00","132,139","BlackRack Overlay","True","24520","8","3,373","1107,57","907,53","28,99","47,23","189,25","617,36","21,87","2,83","2","566,21","250","8347","0","0","125,35"
"2026-09-02T21:49:17.5634318+02:00","132,152","TinyPedal","False","","0","0","0","0","0","0","0","0","0","0","0","0","0","0","0","0","0"
"2026-09-02T21:49:18.5845440+02:00","133,159","BlackRack Overlay","True","24520","8","2,873","1125,58","925,21","29,67","47,28","189,33","634,23","21,87","2,83","2","583,51","253","8394","0","0","124,82"
"2026-09-02T21:49:18.5885636+02:00","133,177","TinyPedal","False","","0","0","0","0","0","0","0","0","0","0","0","0","0","0","0","0","0"
"2026-09-02T21:49:19.5745086+02:00","134,153","BlackRack Overlay","True","24520","8","4,812","1120,92","917,59","28,79","47,28","189,23","627,59","21,87","2,83","2","576,7","250","8218","0","0","123,41"
"2026-09-02T21:49:19.5765096+02:00","134,165","TinyPedal","False","","0","0","0","0","0","0","0","0","0","0","0","0","0","0","0","0","0"
"2026-09-02T21:49:20.5768307+02:00","135,156","BlackRack Overlay","True","24520","8","1,947","1116,59","911,62","28,79","47","187,28","623,85","21,87","2,83","2","572,95","250","8254","0","0","123,38"
"2026-09-02T21:49:20.5828449+02:00","135,171","TinyPedal","False","","0","0","0","0","0","0","0","0","0","0","0","0","0","0","0","0","0"
"2026-09-02T21:49:21.5929011+02:00","136,172","BlackRack Overlay","True","24520","8","3,366","1119,6","914,53","28,8","47,27","187,43","626,32","21,87","2,83","2","575,41","250","8311","0","0","122,95"
"2026-09-02T21:49:21.5949120+02:00","136,184","TinyPedal","False","","0","0","0","0","0","0","0","0","0","0","0","0","0","0","0","0","0"
"2026-09-02T21:49:22.6292044+02:00","137,209","BlackRack Overlay","True","24520","8","2,731","1121,7","916,71","28,96","47,28","186,46","629,31","21,87","2,83","2","578,48","250","8347","0","0","122,95"
"2026-09-02T21:49:22.6317187+02:00","137,221","TinyPedal","False","","0","0","0","0","0","0","0","0","0","0","0","0","0","0","0","0","0"
"2026-09-02T21:49:23.6386170+02:00","138,218","BlackRack Overlay","True","24520","8","2,614","1124,81","919,82","28,98","47,31","185,69","633,13","21,87","2,83","2","582,24","250","8404","0","0","124,7"
"2026-09-02T21:49:23.6401206+02:00","138,229","TinyPedal","False","","0","0","0","0","0","0","0","0","0","0","0","0","0","0","0","0","0"
"2026-09-02T21:49:24.6405005+02:00","139,219","BlackRack Overlay","True","24520","8","2,925","1126,45","922,82","28,98","47,27","186,34","635,55","21,87","2,79","2","584,67","248","8440","0","0","125,98"
"2026-09-02T21:49:24.6435282+02:00","139,232","TinyPedal","False","","0","0","0","0","0","0","0","0","0","0","0","0","0","0","0","0","0"
"2026-09-02T21:49:25.6893722+02:00","140,266","BlackRack Overlay","True","24520","8","3,079","1132,14","934,9","28,96","47,74","192,14","641,35","21,87","2,83","2","590,44","250","8497","0","0","129,82"
"2026-09-02T21:49:25.6919101+02:00","140,281","TinyPedal","False","","0","0","0","0","0","0","0","0","0","0","0","0","0","0","0","0","0"
"2026-09-02T21:49:26.6790908+02:00","141,258","BlackRack Overlay","True","24520","8","1,673","1149,69","954,15","29","47,78","192,65","660,03","21,87","2,83","2","609,09","250","8533","0","0","130,2"
"2026-09-02T21:49:26.6811021+02:00","141,27","TinyPedal","False","","0","0","0","0","0","0","0","0","0","0","0","0","0","0","0","0","0"
"2026-09-02T21:49:27.6939907+02:00","142,27","BlackRack Overlay","True","24520","8","3,573","1142,9","945,18","29","47,78","194,16","649,54","21,87","2,83","2","598,7","250","8348","0","0","130,79"
"2026-09-02T21:49:27.6959903+02:00","142,285","TinyPedal","False","","0","0","0","0","0","0","0","0","0","0","0","0","0","0","0","0","0"
"2026-09-02T21:49:28.6920620+02:00","143,273","BlackRack Overlay","True","24520","8","2,725","1138,64","941,24","29,7","47,11","194,08","645,65","21,87","2,83","2","594,75","253","8395","0","0","128,58"
"2026-09-02T21:49:28.6950677+02:00","143,284","TinyPedal","False","","0","0","0","0","0","0","0","0","0","0","0","0","0","0","0","0","0"
"2026-09-02T21:49:29.7056834+02:00","144,285","BlackRack Overlay","True","24520","8","3,474","1142,14","945,53","29,49","47,19","195,94","648,19","21,88","2,83","2","597,29","250","8441","0","0","133,2"
"2026-09-02T21:49:29.7111945+02:00","144,3","TinyPedal","False","","0","0","0","0","0","0","0","0","0","0","0","0","0","0","0","0","0"
"2026-09-02T21:49:30.7062008+02:00","145,286","BlackRack Overlay","True","24520","8","2,83","1144,71","948,56","28,93","47,19","195,84","651,88","21,88","2,83","2","600,98","250","8495","0","0","129,35"
"2026-09-02T21:49:30.7091989+02:00","145,298","TinyPedal","False","","0","0","0","0","0","0","0","0","0","0","0","0","0","0","0","0","0"
"2026-09-02T21:49:31.7217766+02:00","146,301","BlackRack Overlay","True","24520","8","2,405","1148,6","953,16","28,96","47,19","195,79","656,5","21,88","2,83","2","605,61","250","8552","0","0","127,6"
"2026-09-02T21:49:31.7232790+02:00","146,312","TinyPedal","False","","0","0","0","0","0","0","0","0","0","0","0","0","0","0","0","0","0"
"2026-09-02T21:49:32.7552466+02:00","147,335","BlackRack Overlay","True","24520","8","2,833","1151,21","956,25","29,02","47,04","195,73","659,76","21,88","2,83","2","609,04","250","8577","0","0","127,75"
"2026-09-02T21:49:32.7572465+02:00","147,346","TinyPedal","False","","0","0","0","0","0","0","0","0","0","0","0","0","0","0","0","0","0"
"2026-09-02T21:49:33.7473536+02:00","148,328","BlackRack Overlay","True","24520","8","2,755","1169,57","976,24","29,45","47,09","195,25","679,74","21,88","2,83","2","628,96","249","8641","0","0","126,95"
"2026-09-02T21:49:33.7503623+02:00","148,339","TinyPedal","False","","0","0","0","0","0","0","0","0","0","0","0","0","0","0","0","0","0"
"2026-09-02T21:49:34.7874565+02:00","149,363","BlackRack Overlay","True","24520","8","2,735","1175,25","994,94","29,5","47,09","208,16","685,48","21,88","2,83","2","634,69","249","8681","0","0","142,51"
"2026-09-02T21:49:34.7904663+02:00","149,379","TinyPedal","False","","0","0","0","0","0","0","0","0","0","0","0","0","0","0","0","0","0"
"2026-09-02T21:49:35.7841115+02:00","150,362","BlackRack Overlay","True","24520","8","4,79","1172,53","989,17","29,56","47,12","208,3","679,48","21,88","2,83","2","628,68","249","8492","0","0","142,7"
"2026-09-02T21:49:35.7866104+02:00","150,375","TinyPedal","False","","0","0","0","0","0","0","0","0","0","0","0","0","0","0","0","0","0"
"2026-09-02T21:49:36.8058551+02:00","151,382","BlackRack Overlay","True","24520","8","3,735","1170,46","986,8","29,55","47,09","208,28","677,18","21,88","2,83","2","626,38","249","8517","1","1","142,36"
"2026-09-02T21:49:36.8083624+02:00","151,397","TinyPedal","False","","0","0","0","0","0","0","0","0","0","0","0","0","0","0","0","0","0"
"2026-09-02T21:49:37.8247989+02:00","152,403","BlackRack Overlay","True","24520","8","3,443","1173,6","990,09","29,49","47,15","209,15","679,58","21,88","2,83","2","628,79","249","8585","0","0","144,17"
"2026-09-02T21:49:37.8273055+02:00","152,416","TinyPedal","False","","0","0","0","0","0","0","0","0","0","0","0","0","0","0","0","0","0"
"2026-09-02T21:49:38.8204219+02:00","153,399","BlackRack Overlay","True","24520","8","2,845","1176,78","993,73","29,75","47,15","209,17","682,95","21,88","2,83","2","632,15","252","8636","0","0","143,23"
"2026-09-02T21:49:38.8264261+02:00","153,415","TinyPedal","False","","0","0","0","0","0","0","0","0","0","0","0","0","0","0","0","0","0"
"2026-09-02T21:49:39.8262531+02:00","154,405","BlackRack Overlay","True","24520","8","2,522","1179,34","996,31","28,96","47,16","208,92","686,56","21,88","2,83","2","635,76","249","8678","0","0","142,17"
"2026-09-02T21:49:39.8282547+02:00","154,417","TinyPedal","False","","0","0","0","0","0","0","0","0","0","0","0","0","0","0","0","0","0"
"2026-09-02T21:49:40.8361988+02:00","155,415","BlackRack Overlay","True","24520","8","2,418","1182,04","999,22","29,47","47,08","208,19","689,76","21,88","2,83","2","638,92","249","8718","0","0","141,54"
"2026-09-02T21:49:40.8387025+02:00","155,427","TinyPedal","False","","0","0","0","0","0","0","0","0","0","0","0","0","0","0","0","0","0"
"2026-09-02T21:49:41.8593007+02:00","156,439","BlackRack Overlay","True","24520","8","3,053","1188,31","1005,91","29,51","47,15","208,06","696,48","21,88","2,83","2","645,68","249","8790","0","0","142,36"
"2026-09-02T21:49:41.8623167+02:00","156,451","TinyPedal","False","","0","0","0","0","0","0","0","0","0","0","0","0","0","0","0","0","0"
"2026-09-02T21:49:42.8477960+02:00","157,426","BlackRack Overlay","True","24520","8","2,967","1204,98","1023,29","29,52","47,16","208,05","713,85","21,88","2,83","2","663,05","249","8829","0","0","142,98"
"2026-09-02T21:49:42.8503056+02:00","157,439","TinyPedal","False","","0","0","0","0","0","0","0","0","0","0","0","0","0","0","0","0","0"
"2026-09-02T21:49:43.8664632+02:00","158,443","BlackRack Overlay","True","24520","8","2,209","1208,25","1026,59","29,52","47,16","207,2","718,01","21,88","2,83","2","667,21","249","8882","0","0","138,7"
"2026-09-02T21:49:43.8694643+02:00","158,458","TinyPedal","False","","0","0","0","0","0","0","0","0","0","0","0","0","0","0","0","0","0"
"2026-09-02T21:49:44.8658891+02:00","159,446","BlackRack Overlay","True","24520","8","4,187","1135,18","950,06","29,46","47,04","207,79","641,06","21,88","2,83","2","590,25","249","8676","0","0","143,45"
"2026-09-02T21:49:44.8678906+02:00","159,457","TinyPedal","False","","0","0","0","0","0","0","0","0","0","0","0","0","0","0","0","0","0"
"2026-09-02T21:49:45.8821963+02:00","160,458","BlackRack Overlay","True","24520","8","2,893","1144,52","959,89","29,46","47,11","207,61","650,99","21,88","2,83","2","600,23","249","8729","0","0","143,64"
"2026-09-02T21:49:45.8842075+02:00","160,473","TinyPedal","False","","0","0","0","0","0","0","0","0","0","0","0","0","0","0","0","0","0"
"2026-09-02T21:49:46.8990647+02:00","161,477","BlackRack Overlay","True","24520","8","2,492","1153,17","969,43","29,46","47,2","207,49","660,56","21,88","2,83","2","609,74","249","8769","0","0","138,48"
"2026-09-02T21:49:46.9015799+02:00","161,49","TinyPedal","False","","0","0","0","0","0","0","0","0","0","0","0","0","0","0","0","0","0"
"2026-09-02T21:49:47.9148337+02:00","162,494","BlackRack Overlay","True","24520","8","2,497","1162,93","979,45","29,52","47,2","207,92","670,09","21,88","2,83","2","619,27","249","8822","0","0","126,11"
"2026-09-02T21:49:47.9213803+02:00","162,51","TinyPedal","False","","0","0","0","0","0","0","0","0","0","0","0","0","0","0","0","0","0"
"2026-09-02T21:49:48.9335752+02:00","163,513","BlackRack Overlay","True","24520","8","3,162","1166,44","983,6","29,56","47,08","207,88","674,37","21,88","2,83","2","623,55","249","8879","0","0","126,23"
"2026-09-02T21:49:48.9355804+02:00","163,524","TinyPedal","False","","0","0","0","0","0","0","0","0","0","0","0","0","0","0","0","0","0"
"2026-09-02T21:49:49.9351408+02:00","164,515","BlackRack Overlay","True","24520","8","4,483","1176,31","991,89","29,38","47,16","207,8","682,84","21,89","2,83","2","631,77","249","8677","0","0","124,86"
"2026-09-02T21:49:49.9371396+02:00","164,526","TinyPedal","False","","0","0","0","0","0","0","0","0","0","0","0","0","0","0","0","0","0"
"2026-09-02T21:49:50.9740259+02:00","165,555","BlackRack Overlay","True","24520","8","2,254","1178,51","983,12","29,39","47,16","196,84","685,02","21,89","2,83","2","633,79","249","8734","0","0","128,67"
"2026-09-02T21:49:50.9760256+02:00","165,565","TinyPedal","False","","0","0","0","0","0","0","0","0","0","0","0","0","0","0","0","0","0"
"2026-09-02T21:49:51.9770505+02:00","166,555","BlackRack Overlay","True","24520","8","2,245","1186,11","990,56","29,39","47,16","196,52","692,78","21,89","2,83","2","641,46","249","8770","0","0","129,45"
"2026-09-02T21:49:51.9795537+02:00","166,569","TinyPedal","False","","0","0","0","0","0","0","0","0","0","0","0","0","0","0","0","0","0"
"2026-09-02T21:49:52.9866838+02:00","167,561","BlackRack Overlay","True","24520","8","2,525","1187,82","992,59","29,43","47,07","197,05","694,32","21,89","2,83","2","643","249","8827","0","0","127,42"
"2026-09-02T21:49:52.9886822+02:00","167,577","TinyPedal","False","","0","0","0","0","0","0","0","0","0","0","0","0","0","0","0","0","0"
"2026-09-02T21:49:53.9977927+02:00","168,577","BlackRack Overlay","True","24520","8","4,038","1197,63","1001,36","29,43","47,16","195,49","704,55","21,89","2,83","2","653,2","249","8881","0","0","126,14"
"2026-09-02T21:49:53.9997943+02:00","168,589","TinyPedal","False","","0","0","0","0","0","0","0","0","0","0","0","0","0","0","0","0","0"
"2026-09-02T21:49:55.0298028+02:00","169,608","BlackRack Overlay","True","24520","8","3,031","1202,26","1006,24","29,48","47,16","195,14","709,73","21,89","2,83","2","658,48","249","8938","0","0","125,79"
"2026-09-02T21:49:55.0328101+02:00","169,622","TinyPedal","False","","0","0","0","0","0","0","0","0","0","0","0","0","0","0","0","0","0"
"2026-09-02T21:49:56.0418557+02:00","170,623","BlackRack Overlay","True","24520","8","2,79","1212,45","1013,11","29,5","47,16","191,2","720,53","21,89","2,83","2","669,2","249","8974","0","0","124,76"
"2026-09-02T21:49:56.0438628+02:00","170,632","TinyPedal","False","","0","0","0","0","0","0","0","0","0","0","0","0","0","0","0","0","0"
"2026-09-02T21:49:57.0451993+02:00","171,625","BlackRack Overlay","True","24520","8","3,022","1223,46","1024,88","29,5","47,03","191,16","732,47","21,89","2,83","2","681,14","249","9031","0","0","124,82"
"2026-09-02T21:49:57.0471995+02:00","171,636","TinyPedal","False","","0","0","0","0","0","0","0","0","0","0","0","0","0","0","0","0","0"
"2026-09-02T21:49:58.0685491+02:00","172,647","BlackRack Overlay","True","24520","8","4,966","1178,25","976,63","29,5","47,08","191","684,34","21,89","2,83","2","633","249","8871","0","0","129,8"
"2026-09-02T21:49:58.0715578+02:00","172,66","TinyPedal","False","","0","0","0","0","0","0","0","0","0","0","0","0","0","0","0","0","0"
"2026-09-02T21:49:59.0747932+02:00","173,655","BlackRack Overlay","True","24520","8","3,294","1187,55","984,93","29,54","47,08","192,12","691,47","21,89","2,83","2","639,88","249","8929","0","0","129,45"
"2026-09-02T21:49:59.0772935+02:00","173,666","TinyPedal","False","","0","0","0","0","0","0","0","0","0","0","0","0","0","0","0","0","0"
"2026-09-02T21:50:00.0989676+02:00","174,679","BlackRack Overlay","True","24520","8","2,862","1195,05","993,25","29,49","47,18","192,09","699,77","21,89","2,83","2","648,22","249","8964","0","0","128,2"
"2026-09-02T21:50:00.1014763+02:00","174,69","TinyPedal","False","","0","0","0","0","0","0","0","0","0","0","0","0","0","0","0","0","0"
"2026-09-02T21:50:01.0794605+02:00","175,66","BlackRack Overlay","True","24520","8","3,385","1193,88","990,68","29,44","46,98","187,89","701,66","21,89","2,83","2","650,05","249","9021","0","0","125,45"
"2026-09-02T21:50:01.0820015+02:00","175,671","TinyPedal","False","","0","0","0","0","0","0","0","0","0","0","0","0","0","0","0","0","0"
"2026-09-02T21:50:02.1007690+02:00","176,676","BlackRack Overlay","True","24520","8","2,211","1202,46","999,66","29,45","47,02","187,88","710,59","21,89","2,83","2","658,97","249","9057","0","0","126,92"
"2026-09-02T21:50:02.1027753+02:00","176,692","TinyPedal","False","","0","0","0","0","0","0","0","0","0","0","0","0","0","0","0","0","0"
"2026-09-02T21:50:03.1002596+02:00","177,678","BlackRack Overlay","True","24520","8","2,143","1209,4","1006,95","29,42","47,13","187,91","717,77","21,89","2,83","2","666,16","249","9114","0","0","125,73"
"2026-09-02T21:50:03.1032913+02:00","177,692","TinyPedal","False","","0","0","0","0","0","0","0","0","0","0","0","0","0","0","0","0","0"
"2026-09-02T21:50:04.1288278+02:00","178,7","BlackRack Overlay","True","24520","8","2,962","1227,54","1026,06","29,47","47,19","188,01","736,68","21,89","2,83","2","685,06","249","9157","0","0","125,82"
"2026-09-02T21:50:04.1313379+02:00","178,72","TinyPedal","False","","0","0","0","0","0","0","0","0","0","0","0","0","0","0","0","0","0"
"2026-09-02T21:50:05.1330096+02:00","179,713","BlackRack Overlay","True","24520","8","5,109","1220,12","1036,52","29,48","47,08","210,23","725,02","21,89","2,83","2","673,45","249","9000","0","0","145,42"
"2026-09-02T21:50:05.1355176+02:00","179,724","TinyPedal","False","","0","0","0","0","0","0","0","0","0","0","0","0","0","0","0","0","0"
"2026-09-02T21:50:06.1264447+02:00","180,706","BlackRack Overlay","True","24520","8","2,754","1221,95","1039,11","29,49","47,16","210,59","727,16","21,89","2,83","2","675,55","249","9035","0","0","144,79"
"2026-09-02T21:50:06.1284614+02:00","180,718","TinyPedal","False","","0","0","0","0","0","0","0","0","0","0","0","0","0","0","0","0","0"
"2026-09-02T21:50:07.1527481+02:00","181,733","BlackRack Overlay","True","24520","8","3,044","1233,56","1051,75","29,46","47,23","211,3","739,03","21,89","2,83","2","687,17","249","9092","0","0","145,76"
"2026-09-02T21:50:07.1542457+02:00","181,744","TinyPedal","False","","0","0","0","0","0","0","0","0","0","0","0","0","0","0","0","0","0"
"2026-09-02T21:50:08.1478813+02:00","182,726","BlackRack Overlay","True","24520","8","2,752","1243,9","1062,55","29,47","47,27","212,27","748,82","21,89","2,83","2","696,41","249","9128","0","0","145,55"
"2026-09-02T21:50:08.1498813+02:00","182,739","TinyPedal","False","","0","0","0","0","0","0","0","0","0","0","0","0","0","0","0","0","0"
"2026-09-02T21:50:09.1832365+02:00","183,761","BlackRack Overlay","True","24520","8","2,453","1251,02","1070,14","29,46","47,1","212,23","756,63","21,89","2,83","2","704,3","249","9185","0","0","144,04"
"2026-09-02T21:50:09.1862361+02:00","183,775","TinyPedal","False","","0","0","0","0","0","0","0","0","0","0","0","0","0","0","0","0","0"
"2026-09-02T21:50:10.1787519+02:00","184,758","BlackRack Overlay","True","24520","8","2,841","1264,13","1084,02","29,49","47,11","212,26","770,44","21,89","2,83","2","718,07","249","9221","1","1","144,2"
"2026-09-02T21:50:10.1812585+02:00","184,77","TinyPedal","False","","0","0","0","0","0","0","0","0","0","0","0","0","0","0","0","0","0"
"2026-09-02T21:50:11.1954994+02:00","185,772","BlackRack Overlay","True","24520","8","2,987","1273,84","1093,83","29,5","47,11","211,89","780,61","21,89","2,83","2","728,23","249","9278","0","0","143,07"
"2026-09-02T21:50:11.1975003+02:00","185,786","TinyPedal","False","","0","0","0","0","0","0","0","0","0","0","0","0","0","0","0","0","0"
"2026-09-02T21:50:12.2151644+02:00","186,793","BlackRack Overlay","True","24520","8","2,488","1284,16","1104,59","29,45","47,15","211,73","791,53","21,89","2,83","2","739,15","249","9314","0","0","144,04"
"2026-09-02T21:50:12.2171724+02:00","186,806","TinyPedal","False","","0","0","0","0","0","0","0","0","0","0","0","0","0","0","0","0","0"
"2026-09-02T21:50:13.2119574+02:00","187,788","BlackRack Overlay","True","24520","8","3,041","1298,8","1119,85","29,52","47,03","211,42","807,16","21,89","2,83","2","754,88","249","9372","0","0","144,04"
"2026-09-02T21:50:13.2134562+02:00","187,802","TinyPedal","False","","0","0","0","0","0","0","0","0","0","0","0","0","0","0","0","0","0"
"2026-09-02T21:50:14.2254217+02:00","188,804","BlackRack Overlay","True","24520","8","2,404","1305,53","1126,05","29,46","47,12","209,37","815,38","21,89","2,83","2","763,01","249","9407","0","0","143,79"
"2026-09-02T21:50:14.2274231+02:00","188,816","TinyPedal","False","","0","0","0","0","0","0","0","0","0","0","0","0","0","0","0","0","0"
"2026-09-02T21:50:15.2429280+02:00","189,822","BlackRack Overlay","True","24520","8","2,397","1314,58","1135,48","29,48","47,16","209,97","824,15","21,89","2,83","2","771,78","249","9466","0","0","143,73"
"2026-09-02T21:50:15.2449305+02:00","189,834","TinyPedal","False","","0","0","0","0","0","0","0","0","0","0","0","0","0","0","0","0","0"
"2026-09-02T21:50:16.2750175+02:00","190,853","BlackRack Overlay","True","24520","8","6,535","1320","1135,5","29,53","47,16","209,39","824,71","21,89","2,83","2","772,33","249","9295","0","0","143,7"
"2026-09-02T21:50:16.2770186+02:00","190,866","TinyPedal","False","","0","0","0","0","0","0","0","0","0","0","0","0","0","0","0","0","0"
"2026-09-02T21:50:17.2738016+02:00","191,852","BlackRack Overlay","True","24520","8","2,348","1315,16","1130,76","29,54","47","209,36","820,15","21,89","2,83","2","767,77","249","9351","0","0","143,29"
"2026-09-02T21:50:17.2758047+02:00","191,865","TinyPedal","False","","0","0","0","0","0","0","0","0","0","0","0","0","0","0","0","0","0"
"2026-09-02T21:50:18.2966375+02:00","192,875","BlackRack Overlay","True","24520","8","3,054","1317,15","1133,06","29,53","47,15","208,98","822,69","21,89","2,83","2","770,31","249","9387","0","0","143,29"
"2026-09-02T21:50:18.2986325+02:00","192,887","TinyPedal","False","","0","0","0","0","0","0","0","0","0","0","0","0","0","0","0","0","0"
"2026-09-02T21:50:19.2983431+02:00","193,879","BlackRack Overlay","True","24520","8","3,405","1319,13","1135,44","29,5","47,15","208,85","825,22","21,89","2,83","2","772,89","249","9444","0","0","143,29"
"2026-09-02T21:50:19.2998430+02:00","193,889","TinyPedal","False","","0","0","0","0","0","0","0","0","0","0","0","0","0","0","0","0","0"
"2026-09-02T21:50:20.3151066+02:00","194,891","BlackRack Overlay","True","24520","8","2,122","1322,41","1139,32","29,51","47,15","209,93","828,01","21,89","2,83","2","775,6","249","9480","0","0","144,07"
"2026-09-02T21:50:20.3171069+02:00","194,906","TinyPedal","False","","0","0","0","0","0","0","0","0","0","0","0","0","0","0","0","0","0"
"2026-09-02T21:50:21.3482782+02:00","195,927","BlackRack Overlay","True","24520","8","3,206","1322,79","1140,47","29,5","47,11","210","829,13","21,89","2,83","2","776,71","249","9537","0","0","144,8"
"2026-09-02T21:50:21.3512948+02:00","195,94","TinyPedal","False","","0","0","0","0","0","0","0","0","0","0","0","0","0","0","0","0","0"
"2026-09-02T21:50:22.3465649+02:00","196,921","BlackRack Overlay","True","24520","8","3,34","1331,13","1149,27","29,45","47,15","209,91","838,04","21,89","2,83","2","785,6","249","9573","0","0","145,32"
"2026-09-02T21:50:22.3480617+02:00","196,937","TinyPedal","False","","0","0","0","0","0","0","0","0","0","0","0","0","0","0","0","0","0"
"2026-09-02T21:50:23.3713473+02:00","197,951","BlackRack Overlay","True","24520","8","3,414","1347,61","1167,54","29,52","47,15","211,9","854,25","21,89","2,83","2","801,81","249","9639","0","0","145,29"
"2026-09-02T21:50:23.3738544+02:00","197,962","TinyPedal","False","","0","0","0","0","0","0","0","0","0","0","0","0","0","0","0","0","0"
"2026-09-02T21:50:24.3726970+02:00","198,952","BlackRack Overlay","True","24520","8","2,828","1353,38","1172,82","29,52","47,18","212,1","859,01","22,11","2,89","2","806,51","262","9692","0","0","146,1"
"2026-09-02T21:50:24.3762086+02:00","198,965","TinyPedal","False","","0","0","0","0","0","0","0","0","0","0","0","0","0","0","0","0","0"
"2026-09-02T21:50:25.4020556+02:00","199,981","BlackRack Overlay","True","24520","8","1,899","1356,7","1176,39","29,58","47,13","212,07","862,52","22,15","2,93","2","809,99","266","9749","0","0","143,31"
"2026-09-02T21:50:25.4045619+02:00","199,993","TinyPedal","False","","0","0","0","0","0","0","0","0","0","0","0","0","0","0","0","0","0"
"2026-09-02T21:50:26.3893443+02:00","200,969","BlackRack Overlay","True","24520","8","3,656","1367,55","1189,77","29,52","47,3","213,2","874,66","22,15","2,93","2","821,96","266","9785","0","0","145,16"
"2026-09-02T21:50:26.3913537+02:00","200,98","TinyPedal","False","","0","0","0","0","0","0","0","0","0","0","0","0","0","0","0","0","0"
"2026-09-02T21:50:27.4159410+02:00","201,994","BlackRack Overlay","True","24520","8","3,811","1372,65","1194,89","29,77","47,42","212,91","879,71","22,15","2,93","2","827,01","269","9853","0","0","141,12"
"2026-09-02T21:50:27.4174394+02:00","202,007","TinyPedal","False","","0","0","0","0","0","0","0","0","0","0","0","0","0","0","0","0","0"
"2026-09-02T21:50:28.4077774+02:00","202,987","BlackRack Overlay","True","24520","8","3,148","1375,45","1197,09","29,56","46,39","211,15","884,91","22,15","2,93","2","832,15","266","9896","0","0","145,75"
"2026-09-02T21:50:28.4102858+02:00","202,999","TinyPedal","False","","0","0","0","0","0","0","0","0","0","0","0","0","0","0","0","0","0"
"2026-09-02T21:50:29.4287816+02:00","204,006","BlackRack Overlay","True","24520","8","5,08","1375,46","1191,46","29,54","47,24","211,27","878,32","22,16","2,93","2","825,56","266","9591","0","0","144,06"
"2026-09-02T21:50:29.4302829+02:00","204,02","TinyPedal","False","","0","0","0","0","0","0","0","0","0","0","0","0","0","0","0","0","0"
"2026-09-02T21:50:30.4428862+02:00","205,022","BlackRack Overlay","True","24520","8","3,458","1377,16","1193,47","29,55","47,25","211,12","880,46","22,16","2,93","2","827,69","266","9627","0","0","142,62"
"2026-09-02T21:50:30.4458850+02:00","205,034","TinyPedal","False","","0","0","0","0","0","0","0","0","0","0","0","0","0","0","0","0","0"
"2026-09-02T21:50:31.4571302+02:00","206,032","BlackRack Overlay","True","24520","8","2,226","1379,4","1196,4","29,57","47,3","210,96","883,47","22,16","2,93","2","830,7","266","9684","0","0","142,81"
"2026-09-02T21:50:31.4586381+02:00","206,048","TinyPedal","False","","0","0","0","0","0","0","0","0","0","0","0","0","0","0","0","0","0"
"2026-09-02T21:50:32.4625500+02:00","207,042","BlackRack Overlay","True","24520","8","2,899","1379,61","1195,79","29,57","46,5","208,77","885,86","22,16","2,93","2","833,19","266","9720","0","0","141,31"
"2026-09-02T21:50:32.4650483+02:00","207,054","TinyPedal","False","","0","0","0","0","0","0","0","0","0","0","0","0","0","0","0","0","0"
"2026-09-02T21:50:33.4914462+02:00","208,072","BlackRack Overlay","True","24520","8","2,845","1374,09","1189,78","29,52","47,21","209,16","878,8","22,16","2,93","2","826,07","266","9777","0","0","142,91"
"2026-09-02T21:50:33.4935823+02:00","208,083","TinyPedal","False","","0","0","0","0","0","0","0","0","0","0","0","0","0","0","0","0","0"
"2026-09-02T21:50:34.5048879+02:00","209,085","BlackRack Overlay","True","24520","8","2,408","1377,49","1193,75","29,52","47,21","209,06","882,88","22,16","2,93","2","830,07","266","9813","0","0","143,53"
"2026-09-02T21:50:34.5073950+02:00","209,096","TinyPedal","False","","0","0","0","0","0","0","0","0","0","0","0","0","0","0","0","0","0"
"2026-09-02T21:50:35.4972885+02:00","210,077","BlackRack Overlay","True","24520","8","2,956","1390,62","1207,3","29,57","47,21","209,02","896,42","22,16","2,93","2","843,36","266","9870","0","0","143,91"
"2026-09-02T21:50:35.5003023+02:00","210,089","TinyPedal","False","","0","0","0","0","0","0","0","0","0","0","0","0","0","0","0","0","0"
"2026-09-02T21:50:36.5436147+02:00","211,117","BlackRack Overlay","True","24520","8","2,252","1394,62","1212,05","29,52","47,03","208,86","901,54","22,18","2,93","2","848,46","266","9905","0","0","141,68"
"2026-09-02T21:50:36.5461146+02:00","211,135","TinyPedal","False","","0","0","0","0","0","0","0","0","0","0","0","0","0","0","0","0","0"
"2026-09-02T21:50:37.5515006+02:00","212,131","BlackRack Overlay","True","24520","8","2,311","1397,92","1215,88","29,52","47,18","208,88","905,19","22,18","2,93","2","851,95","266","9963","0","0","139,46"
"2026-09-02T21:50:37.5535052+02:00","212,142","TinyPedal","False","","0","0","0","0","0","0","0","0","0","0","0","0","0","0","0","0","0"
"2026-09-02T21:50:38.5547340+02:00","213,129","BlackRack Overlay","True","24520","8","3,133","1401,69","1220,16","29,52","47,19","208,89","909,46","22,18","2,93","2","856,17","266","9999","0","0","139,02"
"2026-09-02T21:50:38.5582354+02:00","213,147","TinyPedal","False","","0","0","0","0","0","0","0","0","0","0","0","0","0","0","0","0","0"
"2026-09-02T21:50:39.5641788+02:00","214,143","BlackRack Overlay","True","24520","8","2,984","1411,74","1230,18","29,47","47,27","209,78","918,56","22,18","2,93","2","865,27","266","10074","0","0","140,99"
"2026-09-02T21:50:39.5666758+02:00","214,156","TinyPedal","False","","0","0","0","0","0","0","0","0","0","0","0","0","0","0","0","0","0"
"2026-09-02T21:50:40.5698654+02:00","215,148","BlackRack Overlay","True","24520","8","5,247","1317,72","1131,3","29,47","46,64","209,19","820,95","22,13","2,93","2","767,66","265","9749","0","0","140,21"
"2026-09-02T21:50:40.5723779+02:00","215,161","TinyPedal","False","","0","0","0","0","0","0","0","0","0","0","0","0","0","0","0","0","0"
"2026-09-02T21:50:41.5747737+02:00","216,155","BlackRack Overlay","True","24520","8","3,299","1319,73","1133,95","29,49","47,18","210,41","821,81","22,13","2,93","2","768,56","265","9806","0","0","140,24"
"2026-09-02T21:50:41.5772766+02:00","216,166","TinyPedal","False","","0","0","0","0","0","0","0","0","0","0","0","0","0","0","0","0","0"
"2026-09-02T21:50:42.5677929+02:00","217,149","BlackRack Overlay","True","24520","8","2,358","1325,52","1139,65","29,54","47,25","210,4","827,41","22,11","2,93","2","774,11","265","9842","0","0","140,15"
"2026-09-02T21:50:42.5697930+02:00","217,159","TinyPedal","False","","0","0","0","0","0","0","0","0","0","0","0","0","0","0","0","0","0"
"2026-09-02T21:50:43.5738986+02:00","218,15","BlackRack Overlay","True","24520","8","2,536","1334,52","1149,82","29,54","47,32","210,56","837,36","22,11","2,93","2","784,05","265","9899","0","0","141,27"
"2026-09-02T21:50:43.5764108+02:00","218,165","TinyPedal","False","","0","0","0","0","0","0","0","0","0","0","0","0","0","0","0","0","0"
"2026-09-02T21:50:44.5862474+02:00","219,166","BlackRack Overlay","True","24520","8","2,979","1341,39","1156,52","29,54","46,65","210,33","844,95","22,12","2,93","2","791,63","265","9935","0","0","140,24"
"2026-09-02T21:50:44.5887468+02:00","219,177","TinyPedal","False","","0","0","0","0","0","0","0","0","0","0","0","0","0","0","0","0","0"
"2026-09-02T21:50:45.5928175+02:00","220,168","BlackRack Overlay","True","24520","8","2,438","1345,39","1161,68","29,56","47,21","210,49","849,38","22,12","2,93","2","796,2","265","9992","0","0","142,05"
"2026-09-02T21:50:45.5958260+02:00","220,184","TinyPedal","False","","0","0","0","0","0","0","0","0","0","0","0","0","0","0","0","0","0"
"2026-09-02T21:50:46.6190720+02:00","221,199","BlackRack Overlay","True","24520","8","3,219","1356,08","1172,74","29,5","47,24","210,58","860,37","22,12","2,93","2","807,08","265","10028","0","0","141,09"
"2026-09-02T21:50:46.6226140+02:00","221,211","TinyPedal","False","","0","0","0","0","0","0","0","0","0","0","0","0","0","0","0","0","0"
"2026-09-02T21:50:47.6171044+02:00","222,197","BlackRack Overlay","True","24520","8","3,817","1365,45","1182,77","29,56","47,28","210,58","870,3","22,12","2,93","2","817","265","10085","0","0","139,33"
"2026-09-02T21:50:47.6191047+02:00","222,208","TinyPedal","False","","0","0","0","0","0","0","0","0","0","0","0","0","0","0","0","0","0"
"2026-09-02T21:50:48.6251017+02:00","223,205","BlackRack Overlay","True","24520","8","5,038","1372,85","1186,48","29,56","47,09","210,26","874,52","22,12","2,93","2","821,23","265","9814","0","0","139,24"
"2026-09-02T21:50:48.6281176+02:00","223,217","TinyPedal","False","","0","0","0","0","0","0","0","0","0","0","0","0","0","0","0","0","0"
"2026-09-02T21:50:49.6346598+02:00","224,214","BlackRack Overlay","True","24520","8","3,289","1369,59","1183,92","29,89","47,3","210,28","871,36","22,16","2,93","2","818,06","265","9870","0","0","139,43"
"2026-09-02T21:50:49.6376605+02:00","224,226","TinyPedal","False","","0","0","0","0","0","0","0","0","0","0","0","0","0","0","0","0","0"
"2026-09-02T21:50:50.6588953+02:00","225,234","BlackRack Overlay","True","24520","8","1,724","1374,33","1192,84","29,84","47,3","212,68","877,93","22,16","2,93","2","824,53","265","9906","0","0","143,37"
"2026-09-02T21:50:50.6614087+02:00","225,25","TinyPedal","False","","0","0","0","0","0","0","0","0","0","0","0","0","0","0","0","0","0"
"2026-09-02T21:50:51.6569600+02:00","226,236","BlackRack Overlay","True","24520","8","2,532","1382,31","1201,27","29,9","47,3","212,42","886,56","22,16","2,93","2","833,08","265","9981","0","0","137,62"
"2026-09-02T21:50:51.6589658+02:00","226,248","TinyPedal","False","","0","0","0","0","0","0","0","0","0","0","0","0","0","0","0","0","0"
"2026-09-02T21:50:52.6873790+02:00","227,267","BlackRack Overlay","True","24520","8","3,412","1393,11","1216,75","29,9","47,09","217,79","896,88","22,16","2,93","2","843,39","265","10026","0","0","137,25"
"2026-09-02T21:50:52.6944050+02:00","227,283","TinyPedal","False","","0","0","0","0","0","0","0","0","0","0","0","0","0","0","0","0","0"
"2026-09-02T21:50:53.7034827+02:00","228,283","BlackRack Overlay","True","24520","8","3,459","1402,6","1226,74","29,86","47,28","217,28","907,23","22,16","2,93","2","853,74","265","10083","0","0","131,52"
"2026-09-02T21:50:53.7049916+02:00","228,294","TinyPedal","False","","0","0","0","0","0","0","0","0","0","0","0","0","0","0","0","0","0"
"2026-09-02T21:50:54.7051558+02:00","229,286","BlackRack Overlay","True","24520","8","2,24","1409,52","1234,4","29,86","47,37","216,97","915,11","22,16","2,93","2","861,62","265","10119","0","0","129,15"
"2026-09-02T21:50:54.7076708+02:00","229,296","TinyPedal","False","","0","0","0","0","0","0","0","0","0","0","0","0","0","0","0","0","0"
"2026-09-02T21:50:55.7265077+02:00","230,306","BlackRack Overlay","True","24520","8","2,679","1413,32","1222,51","29,86","47,46","201,91","918,18","22,16","2,93","2","864,69","265","10176","0","0","129,96"
"2026-09-02T21:50:55.7280124+02:00","230,317","TinyPedal","False","","0","0","0","0","0","0","0","0","0","0","0","0","0","0","0","0","0"
"2026-09-02T21:50:56.7548486+02:00","231,333","BlackRack Overlay","True","24520","8","3,042","1415,05","1220,36","29,87","47,31","196,82","921,27","22,16","2,93","2","867,53","265","10212","0","0","130,27"
"2026-09-02T21:50:56.7568561+02:00","231,346","TinyPedal","False","","0","0","0","0","0","0","0","0","0","0","0","0","0","0","0","0","0"
"2026-09-02T21:50:57.7689961+02:00","232,347","BlackRack Overlay","True","24520","8","6,164","1326,03","1125","29,87","47,49","194,66","827,89","22,16","2,93","2","774,14","265","10035","0","0","129,27"
"2026-09-02T21:50:57.7720083+02:00","232,36","TinyPedal","False","","0","0","0","0","0","0","0","0","0","0","0","0","0","0","0","0","0"
"2026-09-02T21:50:58.7768354+02:00","233,356","BlackRack Overlay","True","24520","8","2,71","1334,75","1134,04","30,08","47,49","194,56","836,82","22,16","2,93","2","783,08","268","10082","0","0","129,3"
"2026-09-02T21:50:58.7793334+02:00","233,368","TinyPedal","False","","0","0","0","0","0","0","0","0","0","0","0","0","0","0","0","0","0"
"2026-09-02T21:50:59.7986421+02:00","234,377","BlackRack Overlay","True","24520","8","3,158","1338,6","1138,12","29,84","47,5","193,93","841,76","22,16","2,93","2","788,27","265","10128","0","0","130,05"
"2026-09-02T21:50:59.8056447+02:00","234,394","TinyPedal","False","","0","0","0","0","0","0","0","0","0","0","0","0","0","0","0","0","0"
"2026-09-02T21:51:00.7846185+02:00","235,365","BlackRack Overlay","True","24520","8","2,174","1339,94","1140,17","29,79","47,32","193,78","844,18","22,16","2,93","2","790,62","265","10164","0","0","129,3"
"2026-09-02T21:51:00.7861182+02:00","235,375","TinyPedal","False","","0","0","0","0","0","0","0","0","0","0","0","0","0","0","0","0","0"
"2026-09-02T21:51:01.7982574+02:00","236,376","BlackRack Overlay","True","24520","8","2,608","1345,22","1149,7","29,86","47,47","197,54","849,74","22,16","2,93","2","796,18","265","10230","0","0","133,27"
"2026-09-02T21:51:01.8002609+02:00","236,389","TinyPedal","False","","0","0","0","0","0","0","0","0","0","0","0","0","0","0","0","0","0"
"2026-09-02T21:51:02.8233586+02:00","237,402","BlackRack Overlay","True","24520","8","2,57","1352,61","1157,83","29,93","47,57","197,54","857,7","22,16","2,93","2","804,15","265","10284","0","0","126,74"
"2026-09-02T21:51:02.8253682+02:00","237,414","TinyPedal","False","","0","0","0","0","0","0","0","0","0","0","0","0","0","0","0","0","0"
"2026-09-02T21:51:03.8349076+02:00","238,415","BlackRack Overlay","True","24520","8","4,048","1363,41","1169,71","29,91","47,57","197,54","869,6","22,16","2,93","2","816,05","265","10341","0","0","125,93"
"2026-09-02T21:51:03.8374141+02:00","238,426","TinyPedal","False","","0","0","0","0","0","0","0","0","0","0","0","0","0","0","0","0","0"
"2026-09-02T21:51:04.8688633+02:00","239,442","BlackRack Overlay","True","24520","8","4,47","1368,05","1170,91","29,86","47,33","197,44","871,19","22,16","2,93","2","817,34","265","10109","0","0","126,58"
"2026-09-02T21:51:04.8703638+02:00","239,46","TinyPedal","False","","0","0","0","0","0","0","0","0","0","0","0","0","0","0","0","0","0"
"2026-09-02T21:51:05.8578019+02:00","240,439","BlackRack Overlay","True","24520","8","3,232","1370,32","1169,61","29,91","47,57","193,16","873,88","22,16","2,93","2","819,76","265","10166","0","0","126,18"
"2026-09-02T21:51:05.8608153+02:00","240,449","TinyPedal","False","","0","0","0","0","0","0","0","0","0","0","0","0","0","0","0","0","0"
"2026-09-02T21:51:06.8641552+02:00","241,443","BlackRack Overlay","True","24520","8","2,335","1371,97","1168,39","29,91","47,57","189,69","876,12","22,16","2,93","2","821,99","265","10202","0","0","125,92"
"2026-09-02T21:51:06.8704897+02:00","241,455","TinyPedal","False","","0","0","0","0","0","0","0","0","0","0","0","0","0","0","0","0","0"
"2026-09-02T21:51:07.8690181+02:00","242,449","BlackRack Overlay","True","24520","8","2,331","1376,19","1173,2","29,92","47,57","189,69","880,92","22,16","2,93","2","826,79","265","10259","0","0","125,64"
"2026-09-02T21:51:07.8705227+02:00","242,46","TinyPedal","False","","0","0","0","0","0","0","0","0","0","0","0","0","0","0","0","0","0"
"2026-09-02T21:51:08.9088412+02:00","243,489","BlackRack Overlay","True","24520","8","3,192","1384,43","1181,76","30,13","47,3","188,82","890,41","22,16","2,93","2","836,43","268","10306","0","0","125,64"
"2026-09-02T21:51:08.9118496+02:00","243,5","TinyPedal","False","","0","0","0","0","0","0","0","0","0","0","0","0","0","0","0","0","0"
"2026-09-02T21:51:09.9256031+02:00","244,506","BlackRack Overlay","True","24520","8","3,17","1394,32","1196,6","29,91","47,47","194,43","899,7","22,16","2,93","2","845,62","265","10352","0","0","130,39"
"2026-09-02T21:51:09.9276036+02:00","244,516","TinyPedal","False","","0","0","0","0","0","0","0","0","0","0","0","0","0","0","0","0","0"
"2026-09-02T21:51:10.9200294+02:00","245,5","BlackRack Overlay","True","24520","8","3,043","1403,14","1205,89","29,86","47,51","194,5","908,93","22,16","2,93","2","854,84","265","10388","0","0","130,52"
"2026-09-02T21:51:10.9225370+02:00","245,511","TinyPedal","False","","0","0","0","0","0","0","0","0","0","0","0","0","0","0","0","0","0"
"2026-09-02T21:51:11.9548319+02:00","246,531","BlackRack Overlay","True","24520","8","2,653","1409,72","1213,08","29,92","47,54","194,49","916,03","22,16","2,93","2","861,95","265","10445","0","0","129,14"
"2026-09-02T21:51:11.9578505+02:00","246,547","TinyPedal","False","","0","0","0","0","0","0","0","0","0","0","0","0","0","0","0","0","0"
"2026-09-02T21:51:12.9550622+02:00","247,533","BlackRack Overlay","True","24520","8","2,923","1410,66","1214,99","29,92","47,31","195,07","917,52","22,24","2,93","2","863,44","265","10481","0","0","127,14"
"2026-09-02T21:51:12.9575692+02:00","247,547","TinyPedal","False","","0","0","0","0","0","0","0","0","0","0","0","0","0","0","0","0","0"
"2026-09-02T21:51:13.9655376+02:00","248,547","BlackRack Overlay","True","24520","8","3,084","1414,15","1218,88","29,92","47,52","195,08","921,18","22,24","2,93","2","867,11","265","10556","0","0","128,33"
"2026-09-02T21:51:13.9685688+02:00","248,557","TinyPedal","False","","0","0","0","0","0","0","0","0","0","0","0","0","0","0","0","0","0"
"2026-09-02T21:51:14.9890230+02:00","249,569","BlackRack Overlay","True","24520","8","3,342","1422,09","1227,62","29,92","47,52","195,08","929,93","22,24","2,93","2","875,85","265","10592","0","0","126,61"
"2026-09-02T21:51:14.9920430+02:00","249,581","TinyPedal","False","","0","0","0","0","0","0","0","0","0","0","0","0","0","0","0","0","0"
"2026-09-02T21:51:16.0030927+02:00","250,583","BlackRack Overlay","True","24520","8","2,6","1427,3","1229,7","29,87","47,56","190,76","936,34","22,24","2,93","2","882,26","265","10649","0","0","126,58"
"2026-09-02T21:51:16.0055967+02:00","250,594","TinyPedal","False","","0","0","0","0","0","0","0","0","0","0","0","0","0","0","0","0","0"
"2026-09-02T21:51:17.0078352+02:00","251,588","BlackRack Overlay","True","24520","8","3,111","1434,75","1236,92","29,93","47,43","190,73","943,66","22,24","2,93","2","889,58","265","10666","0","0","126,08"
"2026-09-02T21:51:17.0098426+02:00","251,598","TinyPedal","False","","0","0","0","0","0","0","0","0","0","0","0","0","0","0","0","0","0"
"2026-09-02T21:51:18.0356857+02:00","252,615","BlackRack Overlay","True","24520","8","2,186","1440,71","1243,86","29,87","47,5","190,59","950,73","22,24","2,93","2","896,7","265","10742","0","0","125,86"
"2026-09-02T21:51:18.0381923+02:00","252,627","TinyPedal","False","","0","0","0","0","0","0","0","0","0","0","0","0","0","0","0","0","0"
"2026-09-02T21:51:19.0388575+02:00","253,613","BlackRack Overlay","True","24520","8","2,838","1447,05","1250,92","29,9","47,53","190,03","958,29","22,24","2,93","2","904,16","265","10782","0","0","125,52"
"2026-09-02T21:51:19.0408570+02:00","253,63","TinyPedal","False","","0","0","0","0","0","0","0","0","0","0","0","0","0","0","0","0","0"
"2026-09-02T21:51:20.0306381+02:00","254,611","BlackRack Overlay","True","24520","8","6,362","1441,57","1238,29","29,84","47,57","189,09","946,61","22,24","2,93","2","892,46","265","10551","0","0","124,45"
"2026-09-02T21:51:20.0331489+02:00","254,622","TinyPedal","False","","0","0","0","0","0","0","0","0","0","0","0","0","0","0","0","0","0"
"2026-09-02T21:51:21.0204939+02:00","255,602","BlackRack Overlay","True","24520","8","2,66","1435,32","1232,72","29,84","47,43","188,72","941,56","22,24","2,93","2","887,15","265","10594","0","0","126,18"
"2026-09-02T21:51:21.0235087+02:00","255,612","TinyPedal","False","","0","0","0","0","0","0","0","0","0","0","0","0","0","0","0","0","0"
"2026-09-02T21:51:22.0623890+02:00","256,64","BlackRack Overlay","True","24520","8","3,198","1437,78","1235,8","29,89","47,52","189,1","944,11","22,24","2,93","2","889,7","265","10644","0","0","125,43"
"2026-09-02T21:51:22.0653942+02:00","256,654","TinyPedal","False","","0","0","0","0","0","0","0","0","0","0","0","0","0","0","0","0","0"
"2026-09-02T21:51:23.0552088+02:00","257,634","BlackRack Overlay","True","24520","8","2,95","1439,33","1253,23","29,89","47,56","204,21","946,39","22,24","2,93","2","892,03","265","10669","0","0","141,3"
"2026-09-02T21:51:23.0582109+02:00","257,647","TinyPedal","False","","0","0","0","0","0","0","0","0","0","0","0","0","0","0","0","0","0"
"2026-09-02T21:51:24.0646998+02:00","258,642","BlackRack Overlay","True","24520","8","3,584","1441,45","1260,68","29,91","47,71","209,11","948,87","22,2","2,89","2","894,54","261","10737","0","0","145,46"
"2026-09-02T21:51:24.0672013+02:00","258,656","TinyPedal","False","","0","0","0","0","0","0","0","0","0","0","0","0","0","0","0","0","0"
"2026-09-02T21:51:25.0785857+02:00","259,657","BlackRack Overlay","True","24520","8","3,27","1441,1","1261,08","29,98","47,37","209,07","949,46","22,27","2,93","2","895,05","266","10787","0","0","145,27"
"2026-09-02T21:51:25.0805923+02:00","259,67","TinyPedal","False","","0","0","0","0","0","0","0","0","0","0","0","0","0","0","0","0","0"
"2026-09-02T21:51:26.0934412+02:00","260,669","BlackRack Overlay","True","24520","8","3,476","1447,44","1268,64","29,98","47,42","209,1","956,95","22,27","2,93","2","902,29","266","10858","0","0","144,21"
"2026-09-02T21:51:26.0954421+02:00","260,684","TinyPedal","False","","0","0","0","0","0","0","0","0","0","0","0","0","0","0","0","0","0"
"2026-09-02T21:51:27.1009406+02:00","261,682","BlackRack Overlay","True","24520","8","3,277","1452,43","1274,08","29,99","47,46","209,1","962,33","22,27","2,93","2","907,82","266","10898","0","0","144,21"
"2026-09-02T21:51:27.1039574+02:00","261,693","TinyPedal","False","","0","0","0","0","0","0","0","0","0","0","0","0","0","0","0","0","0"
"2026-09-02T21:51:28.1197093+02:00","262,698","BlackRack Overlay","True","24520","8","2,788","1456,36","1278,31","30,02","47,46","209,78","965,85","22,27","2,93","2","911,22","266","10960","0","0","139,18"
"2026-09-02T21:51:28.1217150+02:00","262,71","TinyPedal","False","","0","0","0","0","0","0","0","0","0","0","0","0","0","0","0","0","0"
"2026-09-02T21:51:29.1518575+02:00","263,732","BlackRack Overlay","True","24520","8","3,682","1458,59","1280,08","30,25","47,34","208,79","968,5","22,27","2,93","2","913,86","269","11012","0","0","140,52"
"2026-09-02T21:51:29.1543677+02:00","263,743","TinyPedal","False","","0","0","0","0","0","0","0","0","0","0","0","0","0","0","0","0","0"
"2026-09-02T21:51:30.1453331+02:00","264,726","BlackRack Overlay","True","24520","8","3,243","1460,81","1283,25","29,87","47,37","208,77","972,04","22,27","2,93","2","917,39","266","11053","0","0","140,27"
"2026-09-02T21:51:30.1483417+02:00","264,737","TinyPedal","False","","0","0","0","0","0","0","0","0","0","0","0","0","0","0","0","0","0"
"2026-09-02T21:51:31.1768717+02:00","265,755","BlackRack Overlay","True","24520","8","3,036","1465,41","1288,52","29,98","47,37","208,32","977,64","22,27","2,93","2","922,99","266","11110","0","0","138,39"
"2026-09-02T21:51:31.1793869+02:00","265,768","TinyPedal","False","","0","0","0","0","0","0","0","0","0","0","0","0","0","0","0","0","0"
"2026-09-02T21:51:32.1746436+02:00","266,754","BlackRack Overlay","True","24520","8","3,03","1468,45","1292,05","29,99","47,41","208,2","981,25","22,27","2,93","2","926,62","266","11146","0","0","142,3"
"2026-09-02T21:51:32.1771430+02:00","266,766","TinyPedal","False","","0","0","0","0","0","0","0","0","0","0","0","0","0","0","0","0","0"
"2026-09-02T21:51:33.1930690+02:00","267,77","BlackRack Overlay","True","24520","8","2,98","1475,91","1300,51","30","47,27","208,71","989,32","22,27","2,93","2","934,64","266","11186","0","0","142,05"
"2026-09-02T21:51:33.1950679+02:00","267,784","TinyPedal","False","","0","0","0","0","0","0","0","0","0","0","0","0","0","0","0","0","0"
"2026-09-02T21:51:34.2072065+02:00","268,786","BlackRack Overlay","True","24520","8","2,307","1479","1303,98","29,39","47,29","208,72","993,38","22,27","2,93","2","938,45","266","11239","0","0","134,67"
"2026-09-02T21:51:34.2097210+02:00","268,798","TinyPedal","False","","0","0","0","0","0","0","0","0","0","0","0","0","0","0","0","0","0"
"2026-09-02T21:51:35.2049793+02:00","269,784","BlackRack Overlay","True","24520","8","2,347","1483,02","1308,99","29,98","47,36","208,66","997,79","22,27","2,93","2","942,35","266","11296","0","0","125,24"
"2026-09-02T21:51:35.2074853+02:00","269,797","TinyPedal","False","","0","0","0","0","0","0","0","0","0","0","0","0","0","0","0","0","0"
"2026-09-02T21:51:36.2334615+02:00","270,815","BlackRack Overlay","True","24520","8","4,073","1468,18","1286,59","29,94","47,37","207,44","976,64","22,27","2,93","2","921,26","266","10888","0","0","123,76"
"2026-09-02T21:51:36.2370050+02:00","270,826","TinyPedal","False","","0","0","0","0","0","0","0","0","0","0","0","0","0","0","0","0","0"
"2026-09-02T21:51:37.2492639+02:00","271,829","BlackRack Overlay","True","24520","8","2,794","1463,79","1274,71","29,74","47,36","199,46","972,95","22,27","2,93","2","917,51","266","10945","0","0","123,41"
"2026-09-02T21:51:37.2522905+02:00","271,841","TinyPedal","False","","0","0","0","0","0","0","0","0","0","0","0","0","0","0","0","0","0"
"2026-09-02T21:51:38.2559016+02:00","272,831","BlackRack Overlay","True","24520","8","3,217","1465,61","1266,03","29,88","47,4","188,39","975,17","22,27","2,93","2","919,73","266","10982","0","0","125,17"
"2026-09-02T21:51:38.2578988+02:00","272,847","TinyPedal","False","","0","0","0","0","0","0","0","0","0","0","0","0","0","0","0","0","0"
"2026-09-02T21:51:39.2649590+02:00","273,844","BlackRack Overlay","True","24520","8","2,506","1468,81","1270,09","29,88","47,47","189,63","977,92","22,27","2,93","2","922,46","266","11038","0","0","124,68"
"2026-09-02T21:51:39.2664667+02:00","273,855","TinyPedal","False","","0","0","0","0","0","0","0","0","0","0","0","0","0","0","0","0","0"
"2026-09-02T21:51:40.2846074+02:00","274,86","BlackRack Overlay","True","24520","8","2,596","1469,64","1271,7","29,9","47,47","190,17","978,97","22,27","2,93","2","923,52","266","11074","0","0","127,34"
"2026-09-02T21:51:40.2871069+02:00","274,876","TinyPedal","False","","0","0","0","0","0","0","0","0","0","0","0","0","0","0","0","0","0"
"2026-09-02T21:51:41.2850957+02:00","275,864","BlackRack Overlay","True","24520","8","2,627","1469,25","1271,86","29,93","47,3","190,07","979,37","22,27","2,93","2","924,06","266","11131","0","0","126,95"
"2026-09-02T21:51:41.2881045+02:00","275,877","TinyPedal","False","","0","0","0","0","0","0","0","0","0","0","0","0","0","0","0","0","0"
"2026-09-02T21:51:42.2939373+02:00","276,873","BlackRack Overlay","True","24520","8","2,517","1478,06","1281,04","29,93","47,4","190,07","988,51","22,2","2,93","2","933,08","266","11167","0","0","125,61"
"2026-09-02T21:51:42.2959447+02:00","276,885","TinyPedal","False","","0","0","0","0","0","0","0","0","0","0","0","0","0","0","0","0","0"
"2026-09-02T21:51:43.3195638+02:00","277,901","BlackRack Overlay","True","24520","8","2,28","1480,61","1284,06","30","47,4","190,01","991,52","22,2","2,93","2","936,09","266","11224","0","0","125,36"
"2026-09-02T21:51:43.3220735+02:00","277,911","TinyPedal","False","","0","0","0","0","0","0","0","0","0","0","0","0","0","0","0","0","0"
"2026-09-02T21:51:44.3158128+02:00","278,895","BlackRack Overlay","True","24520","8","2,749","1483,04","1286,98","29,94","47,4","190,01","994,49","22,2","2,93","2","939,04","266","11260","0","0","125,29"
"2026-09-02T21:51:44.3183125+02:00","278,907","TinyPedal","False","","0","0","0","0","0","0","0","0","0","0","0","0","0","0","0","0","0"
"2026-09-02T21:51:45.3328653+02:00","279,911","BlackRack Overlay","True","24520","8","2,979","1485,53","1290,04","29,95","47,37","190,69","996,91","22,2","2,93","2","941,45","266","11317","0","0","125,67"
"2026-09-02T21:51:45.3353747+02:00","279,924","TinyPedal","False","","0","0","0","0","0","0","0","0","0","0","0","0","0","0","0","0","0"
"2026-09-02T21:51:46.3331367+02:00","280,913","BlackRack Overlay","True","24520","8","1,853","1488,02","1294,55","29,95","47,42","191,77","1000,29","22,2","2,93","2","944,89","266","11353","0","0","128,86"
"2026-09-02T21:51:46.3351523+02:00","280,924","TinyPedal","False","","0","0","0","0","0","0","0","0","0","0","0","0","0","0","0","0","0"
"2026-09-02T21:51:47.3489701+02:00","281,919","BlackRack Overlay","True","24520","8","3,01","1490,41","1297,39","30","47,42","191,43","1003,41","22,2","2,93","2","947,97","266","11410","0","0","127,23"
"2026-09-02T21:51:47.3509668+02:00","281,94","TinyPedal","False","","0","0","0","0","0","0","0","0","0","0","0","0","0","0","0","0","0"
"2026-09-02T21:51:48.3560363+02:00","282,935","BlackRack Overlay","True","24520","8","2,881","1493,52","1300,98","29,95","47,46","191,44","1006,99","22,2","2,93","2","951,54","266","11464","0","0","127,17"
"2026-09-02T21:51:48.3580500+02:00","282,947","TinyPedal","False","","0","0","0","0","0","0","0","0","0","0","0","0","0","0","0","0","0"
"2026-09-02T21:51:49.3685516+02:00","283,948","BlackRack Overlay","True","24520","8","2,988","1496,04","1304,16","29,92","47,44","191,45","1010,21","22,21","2,93","2","954,75","266","11521","0","0","125,36"
"2026-09-02T21:51:49.3710526+02:00","283,96","TinyPedal","False","","0","0","0","0","0","0","0","0","0","0","0","0","0","0","0","0","0"
"2026-09-02T21:51:50.3785680+02:00","284,96","BlackRack Overlay","True","24520","8","2,317","1501,11","1309,95","29,94","47,44","191,36","1016,08","22,21","2,93","2","960,89","266","11557","0","0","125,86"
"2026-09-02T21:51:50.3810683+02:00","284,97","TinyPedal","False","","0","0","0","0","0","0","0","0","0","0","0","0","0","0","0","0","0"
"2026-09-02T21:51:51.3715928+02:00","285,951","BlackRack Overlay","True","24520","8","2,858","1504,63","1316,35","30,01","47,45","193,81","1019,95","22,21","2,93","2","964,75","266","11614","0","0","128,98"
"2026-09-02T21:51:51.3725963+02:00","285,962","TinyPedal","False","","0","0","0","0","0","0","0","0","0","0","0","0","0","0","0","0","0"
"2026-09-02T21:51:52.3954736+02:00","286,969","BlackRack Overlay","True","24520","8","7,001","1481,58","1286,52","29,95","47,46","194,85","989,12","22,21","2,93","2","933,92","266","11182","0","0","130,42"
"2026-09-02T21:51:52.3989816+02:00","286,988","TinyPedal","False","","0","0","0","0","0","0","0","0","0","0","0","0","0","0","0","0","0"
"2026-09-02T21:51:53.3981517+02:00","287,978","BlackRack Overlay","True","24520","8","2,709","1474,5","1279,11","29,95","47,4","194,85","981,77","22,21","2,93","2","926,58","266","11239","0","0","127,73"
"2026-09-02T21:51:53.4001500+02:00","287,989","TinyPedal","False","","0","0","0","0","0","0","0","0","0","0","0","0","0","0","0","0","0"
"2026-09-02T21:51:54.4146312+02:00","288,991","BlackRack Overlay","True","24520","8","2,604","1476,12","1280,64","29,95","47,4","194,04","984,11","22,21","2,93","2","928,91","266","11275","0","0","125,79"
"2026-09-02T21:51:54.4166413+02:00","289,005","TinyPedal","False","","0","0","0","0","0","0","0","0","0","0","0","0","0","0","0","0","0"
"2026-09-02T21:51:55.4188999+02:00","289,999","BlackRack Overlay","True","24520","8","3,294","1477,94","1282,94","29,96","47,42","194","986,42","22,21","2,93","2","931,3","266","11332","0","0","125,89"
"2026-09-02T21:51:55.4209149+02:00","290,01","TinyPedal","False","","0","0","0","0","0","0","0","0","0","0","0","0","0","0","0","0","0"
"2026-09-02T21:51:56.4328616+02:00","291,014","BlackRack Overlay","True","24520","8","2,79","1479,27","1282,34","29,96","47,45","192,25","987,54","22,21","2,93","2","932,1","266","11368","0","0","125,32"
"2026-09-02T21:51:56.4353637+02:00","291,025","TinyPedal","False","","0","0","0","0","0","0","0","0","0","0","0","0","0","0","0","0","0"
"2026-09-02T21:51:57.4670380+02:00","292,046","BlackRack Overlay","True","24520","8","3,029","1482,95","1285,26","30,02","47,34","190,73","992,02","22,21","2,93","2","936,57","266","11425","0","0","125,14"
"2026-09-02T21:51:57.4700433+02:00","292,059","TinyPedal","False","","0","0","0","0","0","0","0","0","0","0","0","0","0","0","0","0","0"
"2026-09-02T21:51:58.4631105+02:00","293,042","BlackRack Overlay","True","24520","8","2,94","1488,46","1290,67","29,97","47,45","190,02","998,09","22,21","2,93","2","942,63","266","11461","0","0","124,66"
"2026-09-02T21:51:58.4651210+02:00","293,055","TinyPedal","False","","0","0","0","0","0","0","0","0","0","0","0","0","0","0","0","0","0"
"2026-09-02T21:51:59.4591598+02:00","294,036","BlackRack Overlay","True","24520","8","2,948","1490,78","1292,8","29,93","47,45","189,34","1000,95","22,21","2,93","2","945,64","266","11518","0","0","124,95"
"2026-09-02T21:51:59.4611645+02:00","294,05","TinyPedal","False","","0","0","0","0","0","0","0","0","0","0","0","0","0","0","0","0","0"
"2026-09-02T21:52:00.4701432+02:00","295,051","BlackRack Overlay","True","24520","8","6,353","1357,29","1155,02","29,95","47,46","188,97","863,5","22,21","2,93","2","808,03","266","11154","0","0","125,16"
"2026-09-02T21:52:00.4726521+02:00","295,061","TinyPedal","False","","0","0","0","0","0","0","0","0","0","0","0","0","0","0","0","0","0"
"2026-09-02T21:52:01.4673014+02:00","296,042","BlackRack Overlay","True","24520","8","3,546","1357,92","1157,27","30,03","47,37","189,37","865,37","22,21","2,93","2","809,88","266","11211","0","0","125,61"
"2026-09-02T21:52:01.4693125+02:00","296,058","TinyPedal","False","","0","0","0","0","0","0","0","0","0","0","0","0","0","0","0","0","0"
"2026-09-02T21:52:02.4775520+02:00","297,059","BlackRack Overlay","True","24520","8","2,402","1363,21","1163,8","30,01","47,64","190,14","870,71","22,36","2,93","2","815,22","266","11247","0","0","126,01"
"2026-09-02T21:52:02.4795579+02:00","297,069","TinyPedal","False","","0","0","0","0","0","0","0","0","0","0","0","0","0","0","0","0","0"
"2026-09-02T21:52:03.4904801+02:00","298,072","BlackRack Overlay","True","24520","8","4,047","1371,86","1173,1","30,01","47,64","190,26","879,9","22,36","2,93","2","824,4","266","11303","0","0","126,32"
"2026-09-02T21:52:03.4935009+02:00","298,082","TinyPedal","False","","0","0","0","0","0","0","0","0","0","0","0","0","0","0","0","0","0"
"2026-09-02T21:52:04.5040023+02:00","299,084","BlackRack Overlay","True","24520","8","2,123","1374,61","1176,45","29,96","47,64","189,97","883,59","22,36","2,93","2","827,88","266","11340","0","0","125,88"
"2026-09-02T21:52:04.5060104+02:00","299,095","TinyPedal","False","","0","0","0","0","0","0","0","0","0","0","0","0","0","0","0","0","0"
"2026-09-02T21:52:05.5163407+02:00","300,091","BlackRack Overlay","True","24520","8","3,785","1378,21","1197,46","29,6","47,77","207,82","886,97","22,36","2,93","2","830,48","266","11397","0","0","145,05"
"2026-09-02T21:52:05.5188405+02:00","300,108","TinyPedal","False","","0","0","0","0","0","0","0","0","0","0","0","0","0","0","0","0","0"
"2026-09-02T21:52:06.5246766+02:00","301,101","BlackRack Overlay","True","24520","8","3,191","1388,05","1208,13","29,93","47,71","207,73","897,71","22,21","2,84","2","841,15","251","11427","0","0","144,92"
"2026-09-02T21:52:06.5271764+02:00","301,116","TinyPedal","False","","0","0","0","0","0","0","0","0","0","0","0","0","0","0","0","0","0"
"2026-09-02T21:52:07.5390590+02:00","302,12","BlackRack Overlay","True","24520","8","5,271","1395,14","1212,18","29,89","47,79","207,93","901,51","22,23","2,83","2","845","252","11228","0","0","143,61"
"2026-09-02T21:52:07.5410590+02:00","302,13","TinyPedal","False","","0","0","0","0","0","0","0","0","0","0","0","0","0","0","0","0","0"
"2026-09-02T21:52:08.5541993+02:00","303,128","BlackRack Overlay","True","24520","8","2,325","1395,86","1213,24","29,9","47,79","207,62","902,87","22,23","2,83","2","846,7","252","11273","0","0","143,92"
"2026-09-02T21:52:08.5572194+02:00","303,146","TinyPedal","False","","0","0","0","0","0","0","0","0","0","0","0","0","0","0","0","0","0"
"2026-09-02T21:52:09.5552751+02:00","304,134","BlackRack Overlay","True","24520","8","3,008","1382,65","1202,84","29,87","47,6","209,07","891,24","22,23","2,83","2","834,88","252","11330","0","0","144,48"
"2026-09-02T21:52:09.5572861+02:00","304,147","TinyPedal","False","","0","0","0","0","0","0","0","0","0","0","0","0","0","0","0","0","0"
"2026-09-02T21:52:10.5696386+02:00","305,15","BlackRack Overlay","True","24520","8","3,173","1391,24","1211,81","29,88","47,6","209,02","900,24","22,23","2,83","2","843,89","252","11375","0","0","145,52"
"2026-09-02T21:52:10.5716525+02:00","305,161","TinyPedal","False","","0","0","0","0","0","0","0","0","0","0","0","0","0","0","0","0","0"
"2026-09-02T21:52:11.5906295+02:00","306,169","BlackRack Overlay","True","24520","8","1,917","1399,79","1220,64","29,89","47,73","209,02","908,94","22,23","2,83","2","852,58","252","11432","0","0","145,64"
"2026-09-02T21:52:11.5936542+02:00","306,182","TinyPedal","False","","0","0","0","0","0","0","0","0","0","0","0","0","0","0","0","0","0"
"2026-09-02T21:52:12.5953904+02:00","307,175","BlackRack Overlay","True","24520","8","2,525","1405,68","1226,98","29,89","46,85","208,64","916,53","22,23","2,83","2","860,28","252","11486","0","0","143,55"
"2026-09-02T21:52:12.5968907+02:00","307,186","TinyPedal","False","","0","0","0","0","0","0","0","0","0","0","0","0","0","0","0","0","0"
"2026-09-02T21:52:13.6171344+02:00","308,194","BlackRack Overlay","True","24520","8","2,873","1412,88","1234,63","29,96","47,53","208,85","923,22","22,23","2,83","2","866,83","252","11543","0","0","143,8"
"2026-09-02T21:52:13.6196460+02:00","308,209","TinyPedal","False","","0","0","0","0","0","0","0","0","0","0","0","0","0","0","0","0","0"
"2026-09-02T21:52:14.6112978+02:00","309,189","BlackRack Overlay","True","24520","8","3,239","1422,45","1244,69","29,91","47,6","209,57","932,54","22,23","2,83","2","876,14","252","11579","0","0","143,8"
"2026-09-02T21:52:14.6148267+02:00","309,203","TinyPedal","False","","0","0","0","0","0","0","0","0","0","0","0","0","0","0","0","0","0"
"2026-09-02T21:52:15.6226562+02:00","310,2","BlackRack Overlay","True","24520","8","3,863","1430,6","1251,55","29,91","47,77","207,82","940,99","22,23","2,83","2","884,57","252","11636","0","0","138,48"
"2026-09-02T21:52:15.6241594+02:00","310,213","TinyPedal","False","","0","0","0","0","0","0","0","0","0","0","0","0","0","0","0","0","0"
"2026-09-02T21:52:16.6528700+02:00","311,233","BlackRack Overlay","True","24520","8","2,08","1432,63","1254,19","29,97","46,84","207,79","944,52","22,23","2,83","2","888,1","252","11672","0","0","138,48"
"2026-09-02T21:52:16.6553689+02:00","311,244","TinyPedal","False","","0","0","0","0","0","0","0","0","0","0","0","0","0","0","0","0","0"
"2026-09-02T21:52:17.6575977+02:00","312,236","BlackRack Overlay","True","24520","8","6,916","1331,34","1147,61","29,97","47,68","207,64","837,25","22,23","2,83","2","780,83","252","11491","0","0","138,48"
"2026-09-02T21:52:17.6590942+02:00","312,249","TinyPedal","False","","0","0","0","0","0","0","0","0","0","0","0","0","0","0","0","0","0"
"2026-09-02T21:52:18.6713768+02:00","313,252","BlackRack Overlay","True","24520","8","3,46","1338,74","1153,94","29,97","47,73","205,62","845,55","22,23","2,83","2","789,33","252","11527","0","0","138,04"
"2026-09-02T21:52:18.6738839+02:00","313,263","TinyPedal","False","","0","0","0","0","0","0","0","0","0","0","0","0","0","0","0","0","0"
"2026-09-02T21:52:19.6653253+02:00","314,246","BlackRack Overlay","True","24520","8","3,733","1344,87","1161,01","29,81","47,73","205,64","852,77","22,23","2,83","2","796,42","252","11584","0","0","139,67"
"2026-09-02T21:52:19.6673383+02:00","314,256","TinyPedal","False","","0","0","0","0","0","0","0","0","0","0","0","0","0","0","0","0","0"
"2026-09-02T21:52:20.6805728+02:00","315,256","BlackRack Overlay","True","24520","8","2,418","1354,96","1171,64","29,88","46,88","206,54","863,29","22,23","2,83","2","806,93","252","11620","0","0","138,98"
"2026-09-02T21:52:20.6830843+02:00","315,272","TinyPedal","False","","0","0","0","0","0","0","0","0","0","0","0","0","0","0","0","0","0"
"2026-09-02T21:52:21.6763648+02:00","316,257","BlackRack Overlay","True","24520","8","3,023","1356,78","1174,42","29,91","47,65","206,57","865,23","22,23","2,83","2","808,87","252","11677","0","0","137,73"
"2026-09-02T21:52:21.6783659+02:00","316,267","TinyPedal","False","","0","0","0","0","0","0","0","0","0","0","0","0","0","0","0","0","0"
"2026-09-02T21:52:22.6934742+02:00","317,268","BlackRack Overlay","True","24520","8","1,933","1365,84","1183,91","29,91","47,83","206,51","874,6","22,23","2,83","2","818,25","252","11713","0","0","138,95"
"2026-09-02T21:52:22.6960190+02:00","317,285","TinyPedal","False","","0","0","0","0","0","0","0","0","0","0","0","0","0","0","0","0","0"
"2026-09-02T21:52:23.7171221+02:00","318,297","BlackRack Overlay","True","24520","8","3,415","1376,43","1194,54","29,96","47,84","206,51","885,16","22,23","2,83","2","828,81","252","11770","0","0","138,14"
"2026-09-02T21:52:23.7196336+02:00","318,308","TinyPedal","False","","0","0","0","0","0","0","0","0","0","0","0","0","0","0","0","0","0"
"2026-09-02T21:52:24.7180629+02:00","319,298","BlackRack Overlay","True","24520","8","6,638","1387,7","1199,41","29,96","46,9","203,79","893,69","22,23","2,83","2","837,34","252","11546","0","0","138,77"
"2026-09-02T21:52:24.7215900+02:00","319,31","TinyPedal","False","","0","0","0","0","0","0","0","0","0","0","0","0","0","0","0","0","0"
"2026-09-02T21:52:25.7367653+02:00","320,316","BlackRack Overlay","True","24520","8","3,835","1384,66","1196,08","29,96","47,51","203,54","890","22,23","2,83","2","833,65","252","11603","0","0","138,7"
"2026-09-02T21:52:25.7387703+02:00","320,328","TinyPedal","False","","0","0","0","0","0","0","0","0","0","0","0","0","0","0","0","0","0"
"2026-09-02T21:52:26.7308825+02:00","321,309","BlackRack Overlay","True","24520","8","2,065","1387,75","1199,45","29,91","47,51","203,13","893,84","22,23","2,83","2","837,48","252","11639","0","0","137,61"
"2026-09-02T21:52:26.7333930+02:00","321,322","TinyPedal","False","","0","0","0","0","0","0","0","0","0","0","0","0","0","0","0","0","0"
"2026-09-02T21:52:27.7472489+02:00","322,324","BlackRack Overlay","True","24520","8","3,465","1395,61","1207,91","29,91","47,51","203,12","902,3","22,23","2,83","2","845,92","252","11696","0","0","137,32"
"2026-09-02T21:52:27.7497534+02:00","322,338","TinyPedal","False","","0","0","0","0","0","0","0","0","0","0","0","0","0","0","0","0","0"
"2026-09-02T21:52:28.7595092+02:00","323,34","BlackRack Overlay","True","24520","8","1,826","1406,25","1219,31","29,96","47,46","202,65","914,16","22,23","2,83","2","857,77","252","11732","0","0","137,45"
"2026-09-02T21:52:28.7615164+02:00","323,35","TinyPedal","False","","0","0","0","0","0","0","0","0","0","0","0","0","0","0","0","0","0"
"2026-09-02T21:52:29.7739241+02:00","324,355","BlackRack Overlay","True","24520","8","4,33","1413,12","1226,17","29,89","47,51","201,63","922,07","22,23","2,83","2","865,67","252","11789","0","0","138,45"
"2026-09-02T21:52:29.7809365+02:00","324,37","TinyPedal","False","","0","0","0","0","0","0","0","0","0","0","0","0","0","0","0","0","0"
"2026-09-02T21:52:30.8052579+02:00","325,383","BlackRack Overlay","True","24520","8","2,659","1421,7","1234,71","29,84","47,51","201,54","930,75","22,23","2,83","2","874,34","252","11825","0","0","137,26"
"2026-09-02T21:52:30.8092580+02:00","325,398","TinyPedal","False","","0","0","0","0","0","0","0","0","0","0","0","0","0","0","0","0","0"
"2026-09-02T21:52:31.7889222+02:00","326,369","BlackRack Overlay","True","24520","8","3,169","1424,34","1237,6","29,95","47,55","201,45","933,58","22,24","2,83","2","877,53","252","11882","0","0","138,27"
"2026-09-02T21:52:31.7909245+02:00","326,38","TinyPedal","False","","0","0","0","0","0","0","0","0","0","0","0","0","0","0","0","0","0"
"2026-09-02T21:52:32.8146095+02:00","327,395","BlackRack Overlay","True","24520","8","2,381","1426,96","1240,85","29,95","47,42","201,43","936,98","22,24","2,83","2","880,88","252","11918","0","0","137,02"
"2026-09-02T21:52:32.8171138+02:00","327,406","TinyPedal","False","","0","0","0","0","0","0","0","0","0","0","0","0","0","0","0","0","0"
"2026-09-02T21:52:33.8225199+02:00","328,403","BlackRack Overlay","True","24520","8","2,712","1429,48","1243,79","29,96","47,54","201,27","939,95","22,24","2,83","2","883,85","252","11975","0","0","137,26"
"2026-09-02T21:52:33.8245356+02:00","328,413","TinyPedal","False","","0","0","0","0","0","0","0","0","0","0","0","0","0","0","0","0","0"
"2026-09-02T21:52:34.8457883+02:00","329,421","BlackRack Overlay","True","24520","8","3,165","1435,26","1250,19","29,9","47,6","201,2","946,42","22,24","2,83","2","890,31","252","12011","0","0","138,27"
"2026-09-02T21:52:34.8477981+02:00","329,436","TinyPedal","False","","0","0","0","0","0","0","0","0","0","0","0","0","0","0","0","0","0"
"2026-09-02T21:52:35.8445672+02:00","330,423","BlackRack Overlay","True","24520","8","2,435","1439,66","1255,5","29,95","47,6","201,43","951,45","22,24","2,83","2","895,09","252","12085","0","0","138,55"
"2026-09-02T21:52:35.8475790+02:00","330,436","TinyPedal","False","","0","0","0","0","0","0","0","0","0","0","0","0","0","0","0","0","0"
"2026-09-02T21:52:36.8637508+02:00","331,443","BlackRack Overlay","True","24520","8","2,873","1450,72","1267,1","29,9","47,41","201,46","963,27","22,24","2,83","2","906,94","252","12122","0","0","138,77"
"2026-09-02T21:52:36.8697702+02:00","331,458","TinyPedal","False","","0","0","0","0","0","0","0","0","0","0","0","0","0","0","0","0","0"
"2026-09-02T21:52:37.8639036+02:00","332,442","BlackRack Overlay","True","24520","8","6,357","1437,65","1247,72","29,95","47,55","201,48","943,66","22,24","2,83","2","887,29","252","11909","0","0","139,08"
"2026-09-02T21:52:37.8669138+02:00","332,455","TinyPedal","False","","0","0","0","0","0","0","0","0","0","0","0","0","0","0","0","0","0"
"2026-09-02T21:52:38.8660536+02:00","333,447","BlackRack Overlay","True","24520","8","2,914","1440,2","1250,37","30,16","47,63","201,5","946,01","22,24","2,83","2","889,39","255","11956","0","0","139,05"
"2026-09-02T21:52:38.8680551+02:00","333,457","TinyPedal","False","","0","0","0","0","0","0","0","0","0","0","0","0","0","0","0","0","0"
"2026-09-02T21:52:39.8844390+02:00","334,464","BlackRack Overlay","True","24520","8","3,554","1443,64","1254,65","29,93","47,77","202,93","948,96","22,24","2,83","2","891,8","252","12002","0","0","139,83"
"2026-09-02T21:52:39.8869392+02:00","334,476","TinyPedal","False","","0","0","0","0","0","0","0","0","0","0","0","0","0","0","0","0","0"
"2026-09-02T21:52:40.8920099+02:00","335,47","BlackRack Overlay","True","24520","8","2,427","1445,15","1256,73","29,98","47,47","202,9","951,3","22,24","2,83","2","894,22","252","12038","0","0","139,42"
"2026-09-02T21:52:40.8945183+02:00","335,483","TinyPedal","False","","0","0","0","0","0","0","0","0","0","0","0","0","0","0","0","0","0"
"2026-09-02T21:52:41.8971551+02:00","336,473","BlackRack Overlay","True","24520","8","3,018","1440,27","1253,12","29,98","47,55","203,87","946,65","22,24","2,83","2","889,48","252","12095","0","0","140,45"
"2026-09-02T21:52:41.8996573+02:00","336,488","TinyPedal","False","","0","0","0","0","0","0","0","0","0","0","0","0","0","0","0","0","0"
"2026-09-02T21:52:42.9097204+02:00","337,489","BlackRack Overlay","True","24520","8","2,594","1442,56","1256,02","29,98","47,56","203,87","949,62","22,15","2,83","2","892,45","252","12131","0","0","140,02"
"2026-09-02T21:52:42.9122501+02:00","337,501","TinyPedal","False","","0","0","0","0","0","0","0","0","0","0","0","0","0","0","0","0","0"
"2026-09-02T21:52:43.9194645+02:00","338,5","BlackRack Overlay","True","24520","8","3,284","1447,34","1261,13","29,98","47,61","203,81","954,75","22,15","2,83","2","897,55","252","12188","0","0","137,11"
"2026-09-02T21:52:43.9219751+02:00","338,511","TinyPedal","False","","0","0","0","0","0","0","0","0","0","0","0","0","0","0","0","0","0"
"2026-09-02T21:52:44.9547462+02:00","339,535","BlackRack Overlay","True","24520","8","3,211","1451,17","1265,94","29,78","47,58","203,82","959,77","22,16","2,83","2","902,58","252","12224","0","0","137,17"
"2026-09-02T21:52:44.9567600+02:00","339,546","TinyPedal","False","","0","0","0","0","0","0","0","0","0","0","0","0","0","0","0","0","0"
"2026-09-02T21:52:45.9528139+02:00","340,534","BlackRack Overlay","True","24520","8","2,736","1452,25","1267,62","29,89","47,69","203,76","961,29","22,16","2,83","2","904,21","252","12281","0","0","137,45"
"2026-09-02T21:52:45.9548247+02:00","340,544","TinyPedal","False","","0","0","0","0","0","0","0","0","0","0","0","0","0","0","0","0","0"
"2026-09-02T21:52:46.9710532+02:00","341,551","BlackRack Overlay","True","24520","8","2,976","1454,89","1270,7","29,9","47,77","203,39","964,65","22,16","2,83","2","907,51","252","12317","0","0","137,26"
"2026-09-02T21:52:46.9735663+02:00","341,562","TinyPedal","False","","0","0","0","0","0","0","0","0","0","0","0","0","0","0","0","0","0"
"2026-09-02T21:52:47.9666837+02:00","342,546","BlackRack Overlay","True","24520","8","4,221","1461,47","1278,11","29,96","47,81","203,39","971,96","22,16","2,83","2","914,82","252","12392","0","0","139,17"
"2026-09-02T21:52:47.9691954+02:00","342,558","TinyPedal","False","","0","0","0","0","0","0","0","0","0","0","0","0","0","0","0","0","0"
"2026-09-02T21:52:48.9860325+02:00","343,563","BlackRack Overlay","True","24520","8","2,88","1464,63","1282,65","30,12","47,54","204,55","975,44","22,16","2,83","2","918,3","255","12439","0","0","139,14"
"2026-09-02T21:52:48.9890535+02:00","343,578","TinyPedal","False","","0","0","0","0","0","0","0","0","0","0","0","0","0","0","0","0","0"
"2026-09-02T21:52:49.9945916+02:00","344,575","BlackRack Overlay","True","24520","8","3,477","1466,69","1285,35","29,78","47,65","204,2","978,73","22,16","2,83","2","921,59","252","12485","0","0","140,14"
"2026-09-02T21:52:49.9976019+02:00","344,586","TinyPedal","False","","0","0","0","0","0","0","0","0","0","0","0","0","0","0","0","0","0"
"2026-09-02T21:52:51.0092207+02:00","345,589","BlackRack Overlay","True","24520","8","2,792","1477,09","1295,82","29,79","47,81","204,03","989,2","22,16","2,83","2","932,08","252","12521","0","0","139,89"
"2026-09-02T21:52:51.0117385+02:00","345,601","TinyPedal","False","","0","0","0","0","0","0","0","0","0","0","0","0","0","0","0","0","0"
"2026-09-02T21:52:52.0395042+02:00","346,62","BlackRack Overlay","True","24520","8","5,491","1460,93","1271,82","29,86","47,81","203,9","965,27","22,16","2,83","2","908,12","252","12174","0","0","138,32"
"2026-09-02T21:52:52.0430191+02:00","346,632","TinyPedal","False","","0","0","0","0","0","0","0","0","0","0","0","0","0","0","0","0","0"
"2026-09-02T21:52:53.0367833+02:00","347,616","BlackRack Overlay","True","24520","8","3,531","1462,45","1273,89","29,86","47,52","203,86","967,66","22,16","2,83","2","910,52","252","12210","0","0","139,23"
"2026-09-02T21:52:53.0392936+02:00","347,628","TinyPedal","False","","0","0","0","0","0","0","0","0","0","0","0","0","0","0","0","0","0"
"2026-09-02T21:52:54.0494683+02:00","348,626","BlackRack Overlay","True","24520","8","3,19","1457,48","1270,95","29,87","47,6","205,71","962,87","22,11","2,79","2","905,73","249","12267","0","0","142,55"
"2026-09-02T21:52:54.0509724+02:00","348,64","TinyPedal","False","","0","0","0","0","0","0","0","0","0","0","0","0","0","0","0","0","0"
"2026-09-02T21:52:55.0787797+02:00","349,658","BlackRack Overlay","True","24520","8","2,556","1459,64","1273,88","29,87","47,77","205,6","965,7","22,11","2,83","2","908,56","251","12303","0","0","141,05"
"2026-09-02T21:52:55.0812840+02:00","349,67","TinyPedal","False","","0","0","0","0","0","0","0","0","0","0","0","0","0","0","0","0","0"
"2026-09-02T21:52:56.0884719+02:00","350,664","BlackRack Overlay","True","24520","8","2,134","1462,2","1278,11","29,87","47,81","206,14","969,35","22,11","2,83","2","912,19","251","12360","0","0","140,95"
"2026-09-02T21:52:56.0919860+02:00","350,681","TinyPedal","False","","0","0","0","0","0","0","0","0","0","0","0","0","0","0","0","0","0"
"2026-09-02T21:52:57.0882616+02:00","351,669","BlackRack Overlay","True","24520","8","3,499","1464,61","1281","29,87","47,54","206,35","972,29","22,11","2,83","2","915,12","251","12396","0","0","138,52"
"2026-09-02T21:52:57.0902690+02:00","351,679","TinyPedal","False","","0","0","0","0","0","0","0","0","0","0","0","0","0","0","0","0","0"
"2026-09-02T21:52:58.1119895+02:00","352,691","BlackRack Overlay","True","24520","8","2,58","1467,82","1284,75","29,87","47,58","205,96","976,41","22,11","2,83","2","919,21","251","12453","0","0","138,64"
"2026-09-02T21:52:58.1144982+02:00","352,703","TinyPedal","False","","0","0","0","0","0","0","0","0","0","0","0","0","0","0","0","0","0"
"2026-09-02T21:52:59.1178321+02:00","353,698","BlackRack Overlay","True","24520","8","2,327","1471,27","1288,41","30,14","47,63","206,3","979,39","22,11","2,83","2","922,45","254","12518","0","0","138,27"
"2026-09-02T21:52:59.1203340+02:00","353,709","TinyPedal","False","","0","0","0","0","0","0","0","0","0","0","0","0","0","0","0","0","0"
"2026-09-02T21:53:00.1075601+02:00","354,687","BlackRack Overlay","True","24520","8","2,567","1472,8","1289,81","29,78","47,63","205,13","982,33","22,11","2,83","2","925,55","251","12566","0","0","139,61"
"2026-09-02T21:53:00.1100593+02:00","354,699","TinyPedal","False","","0","0","0","0","0","0","0","0","0","0","0","0","0","0","0","0","0"
"2026-09-02T21:53:01.1241785+02:00","355,7","BlackRack Overlay","True","24520","8","2,506","1475,7","1292,56","29,84","47,61","204,42","985,74","22,11","2,83","2","928,88","251","12600","0","0","137,66"
"2026-09-02T21:53:01.1266837+02:00","355,716","TinyPedal","False","","0","0","0","0","0","0","0","0","0","0","0","0","0","0","0","0","0"
"2026-09-02T21:53:02.1438829+02:00","356,721","BlackRack Overlay","True","24520","8","2,392","1479,07","1296,65","29,88","47,65","205,48","988,7","22,11","2,83","2","931,57","251","12657","0","0","138,7"
"2026-09-02T21:53:02.1468863+02:00","356,736","TinyPedal","False","","0","0","0","0","0","0","0","0","0","0","0","0","0","0","0","0","0"
"2026-09-02T21:53:03.1611728+02:00","357,735","BlackRack Overlay","True","24520","8","2,505","1482,12","1300,21","29,88","47,72","205,44","992,23","22,11","2,83","2","935,1","251","12692","0","0","140,2"
"2026-09-02T21:53:03.1631781+02:00","357,752","TinyPedal","False","","0","0","0","0","0","0","0","0","0","0","0","0","0","0","0","0","0"
"2026-09-02T21:53:04.1630789+02:00","358,744","BlackRack Overlay","True","24520","8","3,677","1487,13","1305,9","29,89","47,72","205,38","997,96","22,11","2,83","2","940,82","251","12750","0","0","140,07"
"2026-09-02T21:53:04.1655861+02:00","358,754","TinyPedal","False","","0","0","0","0","0","0","0","0","0","0","0","0","0","0","0","0","0"
"2026-09-02T21:53:05.1749611+02:00","359,755","BlackRack Overlay","True","24520","8","7,341","1477,12","1290,46","29,89","47,68","206,62","981,32","22,11","2,83","2","924,21","251","12382","0","0","141,57"
"2026-09-02T21:53:05.1769590+02:00","359,766","TinyPedal","False","","0","0","0","0","0","0","0","0","0","0","0","0","0","0","0","0","0"
"2026-09-02T21:53:06.2082458+02:00","360,787","BlackRack Overlay","True","24520","8","3,879","1474,2","1287,63","29,95","47,68","206,48","978,57","22,11","2,83","2","921,44","251","12441","0","0","139,26"
"2026-09-02T21:53:06.2112483+02:00","360,8","TinyPedal","False","","0","0","0","0","0","0","0","0","0","0","0","0","0","0","0","0","0"
"2026-09-02T21:53:07.2005089+02:00","361,78","BlackRack Overlay","True","24520","8","3,836","1477,6","1296,25","29,95","47,77","210,86","982,72","22,11","2,83","2","925,59","251","12475","0","0","141,98"
"2026-09-02T21:53:07.2025102+02:00","361,792","TinyPedal","False","","0","0","0","0","0","0","0","0","0","0","0","0","0","0","0","0","0"
"2026-09-02T21:53:08.2220276+02:00","362,797","BlackRack Overlay","True","24520","8","2,208","1479,37","1298,64","29,89","47,8","210,81","985,19","22,11","2,83","2","928,05","251","12532","0","0","137,83"
"2026-09-02T21:53:08.2245336+02:00","362,813","TinyPedal","False","","0","0","0","0","0","0","0","0","0","0","0","0","0","0","0","0","0"
"2026-09-02T21:53:09.2209114+02:00","363,801","BlackRack Overlay","True","24520","8","2,53","1481,45","1300,95","29,91","47,49","210,41","988,19","22,11","2,83","2","931,05","251","12568","0","0","122,48"
"2026-09-02T21:53:09.2234224+02:00","363,812","TinyPedal","False","","0","0","0","0","0","0","0","0","0","0","0","0","0","0","0","0","0"
"2026-09-02T21:53:10.2271190+02:00","364,804","BlackRack Overlay","True","24520","8","2,824","1479,27","1297,18","29,93","47,53","208,4","986,38","22,11","2,83","2","928,94","251","12625","0","0","124,67"
"2026-09-02T21:53:10.2291235+02:00","364,818","TinyPedal","False","","0","0","0","0","0","0","0","0","0","0","0","0","0","0","0","0","0"
"2026-09-02T21:53:11.2296772+02:00","365,81","BlackRack Overlay","True","24520","8","2,426","1483,75","1300,68","29,98","47,56","206,15","992,04","22,11","2,83","2","933,83","251","12679","0","0","124,45"
"2026-09-02T21:53:11.2311847+02:00","365,82","TinyPedal","False","","0","0","0","0","0","0","0","0","0","0","0","0","0","0","0","0","0"
"2026-09-02T21:53:12.2569245+02:00","366,835","BlackRack Overlay","True","24520","8","2,762","1488,55","1290,93","29,98","47,56","190,71","997,74","22,11","2,83","2","939,53","251","12735","0","0","124,98"
"2026-09-02T21:53:12.2594244+02:00","366,848","TinyPedal","False","","0","0","0","0","0","0","0","0","0","0","0","0","0","0","0","0","0"
"2026-09-02T21:53:13.2704996+02:00","367,85","BlackRack Overlay","True","24520","8","2,503","1492,87","1295,02","29,92","47,44","189,4","1003,38","22,05","2,83","2","945,16","246","12752","0","0","126,11"
"2026-09-02T21:53:13.2730185+02:00","367,862","TinyPedal","False","","0","0","0","0","0","0","0","0","0","0","0","0","0","0","0","0","0"
"2026-09-02T21:53:14.2695664+02:00","368,849","BlackRack Overlay","True","24520","8","2,833","1492,47","1299,87","29,86","47,48","194,71","1002,92","22,06","2,83","2","944,73","246","12809","0","0","129,39"
"2026-09-02T21:53:14.2720637+02:00","368,861","TinyPedal","False","","0","0","0","0","0","0","0","0","0","0","0","0","0","0","0","0","0"
"2026-09-02T21:53:15.2799161+02:00","369,857","BlackRack Overlay","True","24520","8","3,197","1499,81","1308,98","29,86","47,48","195,68","1011,07","22,06","2,83","2","952,88","246","12845","0","0","128,86"
"2026-09-02T21:53:15.2819216+02:00","369,871","TinyPedal","False","","0","0","0","0","0","0","0","0","0","0","0","0","0","0","0","0","0"
"2026-09-02T21:53:16.2852081+02:00","370,866","BlackRack Overlay","True","24520","8","3","1502,6","1312,3","29,92","47,52","195,61","1014,36","22,06","2,83","2","956,16","246","12902","0","0","128,33"
"2026-09-02T21:53:16.2887129+02:00","370,877","TinyPedal","False","","0","0","0","0","0","0","0","0","0","0","0","0","0","0","0","0","0"
"2026-09-02T21:53:17.3198388+02:00","371,897","BlackRack Overlay","True","24520","8","2,558","1505,45","1315,7","29,86","47,41","195,59","1017,94","22,06","2,83","2","959,73","246","12938","0","0","128,55"
"2026-09-02T21:53:17.3223419+02:00","371,911","TinyPedal","False","","0","0","0","0","0","0","0","0","0","0","0","0","0","0","0","0","0"
"2026-09-02T21:53:18.3277220+02:00","372,908","BlackRack Overlay","True","24520","8","2,995","1513,66","1324,27","29,86","47,5","195,52","1026,49","22,06","2,83","2","968,54","246","12995","0","0","130,05"
"2026-09-02T21:53:18.3297231+02:00","372,919","TinyPedal","False","","0","0","0","0","0","0","0","0","0","0","0","0","0","0","0","0","0"
"2026-09-02T21:53:19.3374378+02:00","373,917","BlackRack Overlay","True","24520","8","6,29","1501,14","1319,38","29,86","47,79","213,83","1003","22,06","2,83","2","944,93","246","12631","0","0","143,43"
"2026-09-02T21:53:19.3399449+02:00","373,929","TinyPedal","False","","0","0","0","0","0","0","0","0","0","0","0","0","0","0","0","0","0"
"2026-09-02T21:53:20.3332344+02:00","374,914","BlackRack Overlay","True","24520","8","2,351","1501,36","1320,66","29,92","47,81","212,96","1005,07","22,06","2,83","2","946,97","246","12688","0","0","144,12"
"2026-09-02T21:53:20.3352379+02:00","374,924","TinyPedal","False","","0","0","0","0","0","0","0","0","0","0","0","0","0","0","0","0","0"
"2026-09-02T21:53:21.3450279+02:00","375,925","BlackRack Overlay","True","24520","8","2,607","1502,39","1322,13","29,92","47,37","212,48","1007,47","22,06","2,83","2","949,38","246","12724","0","0","144"
"2026-09-02T21:53:21.3470303+02:00","375,936","TinyPedal","False","","0","0","0","0","0","0","0","0","0","0","0","0","0","0","0","0","0"
"2026-09-02T21:53:22.3655235+02:00","376,939","BlackRack Overlay","True","24520","8","2,984","1497,14","1317,22","29,92","47,37","212,51","1002,53","22,06","2,83","2","944,57","246","12798","0","0","143,3"
"2026-09-02T21:53:22.3675297+02:00","376,956","TinyPedal","False","","0","0","0","0","0","0","0","0","0","0","0","0","0","0","0","0","0"
"2026-09-02T21:53:23.3741882+02:00","377,955","BlackRack Overlay","True","24520","8","2,885","1499,64","1320,2","29,86","47,37","212,82","1005,25","22,06","2,83","2","947,18","246","12835","0","0","139,29"
"2026-09-02T21:53:23.3766880+02:00","377,965","TinyPedal","False","","0","0","0","0","0","0","0","0","0","0","0","0","0","0","0","0","0"
"2026-09-02T21:53:24.4043594+02:00","378,984","BlackRack Overlay","True","24520","8","3,418","1501,77","1322,65","29,92","47,51","212,48","1007,84","22,06","2,83","2","949,72","246","12892","0","0","128,42"
"2026-09-02T21:53:24.4118648+02:00","379","TinyPedal","False","","0","0","0","0","0","0","0","0","0","0","0","0","0","0","0","0","0"
"2026-09-02T21:53:25.4068321+02:00","379,987","BlackRack Overlay","True","24520","8","2,142","1505,35","1326,4","29,86","47,36","212,2","1012,09","22,06","2,83","2","953,95","246","12928","0","0","128,29"
"2026-09-02T21:53:25.4093321+02:00","379,998","TinyPedal","False","","0","0","0","0","0","0","0","0","0","0","0","0","0","0","0","0","0"
"2026-09-02T21:53:26.4206582+02:00","380,999","BlackRack Overlay","True","24520","8","2,701","1508,17","1331,18","29,86","47,43","212,98","1016,02","22,06","2,83","2","957,86","246","12985","0","0","142,64"
"2026-09-02T21:53:26.4226671+02:00","381,012","TinyPedal","False","","0","0","0","0","0","0","0","0","0","0","0","0","0","0","0","0","0"
"2026-09-02T21:53:27.4621602+02:00","382,042","BlackRack Overlay","True","24520","8","2,529","1510,21","1333,23","29,86","47,43","211,98","1019,07","22,06","2,83","2","960,99","246","13025","0","0","139,23"
"2026-09-02T21:53:27.4641683+02:00","382,054","TinyPedal","False","","0","0","0","0","0","0","0","0","0","0","0","0","0","0","0","0","0"
"2026-09-02T21:53:28.4556722+02:00","383,036","BlackRack Overlay","True","24520","8","2,653","1512,78","1335,73","29,92","47,43","211,73","1021,76","22,06","2,83","2","963,89","246","13078","0","0","128,45"
"2026-09-02T21:53:28.4581709+02:00","383,047","TinyPedal","False","","0","0","0","0","0","0","0","0","0","0","0","0","0","0","0","0","0"
"2026-09-02T21:53:29.4524747+02:00","384,028","BlackRack Overlay","True","24520","8","2,263","1514,74","1338,03","29,78","47,36","211,12","1024,88","22,06","2,83","2","967,01","246","13118","0","0","128,29"
"2026-09-02T21:53:29.4549839+02:00","384,044","TinyPedal","False","","0","0","0","0","0","0","0","0","0","0","0","0","0","0","0","0","0"
"2026-09-02T21:53:30.4487588+02:00","385,027","BlackRack Overlay","True","24520","8","2,737","1516,45","1335,29","29,81","47,39","206,86","1026,34","22,06","2,83","2","968,47","247","13175","0","0","128,04"
"2026-09-02T21:53:30.4512560+02:00","385,04","TinyPedal","False","","0","0","0","0","0","0","0","0","0","0","0","0","0","0","0","0","0"
"2026-09-02T21:53:31.4874317+02:00","386,066","BlackRack Overlay","True","24520","8","5,736","1528,24","1337,89","29,87","47,43","196,03","1039,67","22,06","2,83","2","981,8","247","13146","0","0","127,91"
"2026-09-02T21:53:31.4949413+02:00","386,084","TinyPedal","False","","0","0","0","0","0","0","0","0","0","0","0","0","0","0","0","0","0"
"2026-09-02T21:53:32.4664992+02:00","387,046","BlackRack Overlay","True","24520","8","3,189","1509,39","1312,86","29,81","47,43","197,58","1013,15","22,06","2,83","2","955,06","247","12872","0","0","129,91"
"2026-09-02T21:53:32.4695016+02:00","387,058","TinyPedal","False","","0","0","0","0","0","0","0","0","0","0","0","0","0","0","0","0","0"
"2026-09-02T21:53:33.4827798+02:00","388,063","BlackRack Overlay","True","24520","8","2,977","1510,64","1314,54","29,81","47,35","197,54","1014,95","22,06","2,83","2","956,85","247","12912","0","0","129,89"
"2026-09-02T21:53:33.4862921+02:00","388,075","TinyPedal","False","","0","0","0","0","0","0","0","0","0","0","0","0","0","0","0","0","0"
"2026-09-02T21:53:34.5041049+02:00","389,083","BlackRack Overlay","True","24520","8","2,872","1502,87","1306,96","29,89","47,39","197,28","1007,5","22,07","2,83","2","949,41","247","12983","0","0","128,82"
"2026-09-02T21:53:34.5071041+02:00","389,096","TinyPedal","False","","0","0","0","0","0","0","0","0","0","0","0","0","0","0","0","0","0"
"2026-09-02T21:53:35.5146359+02:00","390,094","BlackRack Overlay","True","24520","8","4,057","1505,04","1309,49","29,87","47,43","197,3","1009,99","22,07","2,83","2","951,89","247","13019","0","0","129,61"
"2026-09-02T21:53:35.5171445+02:00","390,106","TinyPedal","False","","0","0","0","0","0","0","0","0","0","0","0","0","0","0","0","0","0"
"2026-09-02T21:53:36.5447435+02:00","391,116","BlackRack Overlay","True","24520","8","2,388","1507,72","1312,5","29,87","47,43","197,45","1012,85","22,07","2,83","2","954,75","247","13076","0","0","128,51"
"2026-09-02T21:53:36.5472525+02:00","391,136","TinyPedal","False","","0","0","0","0","0","0","0","0","0","0","0","0","0","0","0","0","0"
"2026-09-02T21:53:37.5419228+02:00","392,122","BlackRack Overlay","True","24520","8","2,912","1509,9","1315,04","29,87","47,43","197,28","1015,56","22,07","2,83","2","957,47","247","13116","0","0","124,29"
"2026-09-02T21:53:37.5439373+02:00","392,133","TinyPedal","False","","0","0","0","0","0","0","0","0","0","0","0","0","0","0","0","0","0"
"2026-09-02T21:53:38.5716120+02:00","393,15","BlackRack Overlay","True","24520","8","3,326","1512,4","1318,25","29,82","47,43","196,38","1019,73","22,07","2,83","2","961,59","247","13169","0","0","124,45"
"2026-09-02T21:53:38.5746216+02:00","393,163","TinyPedal","False","","0","0","0","0","0","0","0","0","0","0","0","0","0","0","0","0","0"
"2026-09-02T21:53:39.5906720+02:00","394,169","BlackRack Overlay","True","24520","8","3,353","1514,49","1320,58","28,89","47,43","196,41","1022,96","22,07","2,83","2","964,55","247","13209","0","0","129,16"
"2026-09-02T21:53:39.5936838+02:00","394,182","TinyPedal","False","","0","0","0","0","0","0","0","0","0","0","0","0","0","0","0","0","0"
"2026-09-02T21:53:40.5821664+02:00","395,163","BlackRack Overlay","True","24520","8","2,948","1516,34","1323,18","29,77","47,43","195,16","1025,93","22,07","2,83","2","967,51","247","13262","0","0","127,91"
"2026-09-02T21:53:40.5847013+02:00","395,173","TinyPedal","False","","0","0","0","0","0","0","0","0","0","0","0","0","0","0","0","0","0"
"2026-09-02T21:53:41.5899678+02:00","396,166","BlackRack Overlay","True","24520","8","2,728","1519,43","1327,06","29,79","47,34","195,48","1029,55","22,07","2,83","2","970,73","247","13302","0","0","127,73"
"2026-09-02T21:53:41.5919693+02:00","396,181","TinyPedal","False","","0","0","0","0","0","0","0","0","0","0","0","0","0","0","0","0","0"
"2026-09-02T21:53:42.5971302+02:00","397,177","BlackRack Overlay","True","24520","8","3,571","1523,56","1331,88","29,79","47,39","195,43","1034,38","22,07","2,83","2","975,48","247","13355","0","0","127,6"
"2026-09-02T21:53:42.5996304+02:00","397,188","TinyPedal","False","","0","0","0","0","0","0","0","0","0","0","0","0","0","0","0","0","0"
"2026-09-02T21:53:43.6329714+02:00","398,209","BlackRack Overlay","True","24520","8","7,388","1387,55","1190,62","29,86","47,7","195,43","892,42","22,38","2,83","2","833,52","247","13032","0","0","125,97"
"2026-09-02T21:53:43.6349790+02:00","398,224","TinyPedal","False","","0","0","0","0","0","0","0","0","0","0","0","0","0","0","0","0","0"
"2026-09-02T21:53:44.6440277+02:00","399,223","BlackRack Overlay","True","24520","8","2,792","1393,3","1196,88","29,86","47,75","195,29","898,77","22,38","2,83","2","839,86","247","13069","0","0","128,76"
"2026-09-02T21:53:44.6475401+02:00","399,236","TinyPedal","False","","0","0","0","0","0","0","0","0","0","0","0","0","0","0","0","0","0"
"2026-09-02T21:53:45.6455588+02:00","400,226","BlackRack Overlay","True","24520","8","2,24","1399","1203,3","29,89","47,47","195,48","905,25","22,38","2,83","2","846,34","247","13143","0","0","128,32"
"2026-09-02T21:53:45.6480641+02:00","400,237","TinyPedal","False","","0","0","0","0","0","0","0","0","0","0","0","0","0","0","0","0","0"
"2026-09-02T21:53:46.6688075+02:00","401,249","BlackRack Overlay","True","24520","8","3,054","1400,46","1204,93","29,87","47,55","195,59","906,71","22,38","2,83","2","847,86","247","13179","0","0","129,54"
"2026-09-02T21:53:46.6708197+02:00","401,259","TinyPedal","False","","0","0","0","0","0","0","0","0","0","0","0","0","0","0","0","0","0"
"2026-09-02T21:53:47.6805510+02:00","402,261","BlackRack Overlay","True","24520","8","3,376","1406,22","1211,76","29,75","47,55","195,91","913,35","22,38","2,83","2","854,48","247","13236","0","0","128,57"
"2026-09-02T21:53:47.6825561+02:00","402,272","TinyPedal","False","","0","0","0","0","0","0","0","0","0","0","0","0","0","0","0","0","0"
"2026-09-02T21:53:48.7004834+02:00","403,277","BlackRack Overlay","True","24520","8","2,787","1414,04","1220,05","29,8","47,58","195,61","921,85","22,38","2,83","2","862,96","247","13272","0","0","128,51"
"2026-09-02T21:53:48.7035012+02:00","403,292","TinyPedal","False","","0","0","0","0","0","0","0","0","0","0","0","0","0","0","0","0","0"
"2026-09-02T21:53:49.6976096+02:00","404,279","BlackRack Overlay","True","24520","8","2,926","1424,05","1230,26","29,29","47,5","196,04","932,21","22,38","2,83","2","873,33","247","13329","0","0","128,64"
"2026-09-02T21:53:49.6996098+02:00","404,288","TinyPedal","False","","0","0","0","0","0","0","0","0","0","0","0","0","0","0","0","0","0"
"2026-09-02T21:53:50.7321922+02:00","405,308","BlackRack Overlay","True","24520","8","4,176","1439,35","1243,2","29,27","47,55","197,19","943,98","22,38","2,83","2","885,2","247","13049","0","0","129,82"
"2026-09-02T21:53:50.7347059+02:00","405,323","TinyPedal","False","","0","0","0","0","0","0","0","0","0","0","0","0","0","0","0","0","0"
"2026-09-02T21:53:51.7296011+02:00","406,308","BlackRack Overlay","True","24520","8","3,22","1441,94","1246,04","29,28","47,7","197,9","945,95","22,38","2,83","2","887,07","247","13106","0","0","128,89"
"2026-09-02T21:53:51.7321012+02:00","406,321","TinyPedal","False","","0","0","0","0","0","0","0","0","0","0","0","0","0","0","0","0","0"
"2026-09-02T21:53:52.7245958+02:00","407,303","BlackRack Overlay","True","24520","8","2,749","1443,48","1247,87","29,35","47,78","197,58","947,95","22,38","2,83","2","889,03","247","13142","0","0","125,67"
"2026-09-02T21:53:52.7270964+02:00","407,316","TinyPedal","False","","0","0","0","0","0","0","0","0","0","0","0","0","0","0","0","0","0"
"2026-09-02T21:53:53.7422723+02:00","408,323","BlackRack Overlay","True","24520","8","3,256","1446,05","1251,1","29,3","47,6","197,46","951,54","22,38","2,83","2","892,6","247","13199","0","0","126,67"
"2026-09-02T21:53:53.7442814+02:00","408,333","TinyPedal","False","","0","0","0","0","0","0","0","0","0","0","0","0","0","0","0","0","0"
"2026-09-02T21:53:54.7425961+02:00","409,322","BlackRack Overlay","True","24520","8","1,857","1450,58","1256,33","29,35","47,6","198,29","955,92","22,38","2,79","2","897","245","13235","0","0","128,36"
"2026-09-02T21:53:54.7451029+02:00","409,334","TinyPedal","False","","0","0","0","0","0","0","0","0","0","0","0","0","0","0","0","0","0"
"2026-09-02T21:53:55.7471409+02:00","410,324","BlackRack Overlay","True","24520","8","3,022","1462,12","1268,12","29,35","47,67","198,18","967,7","22,38","2,83","2","908,88","247","13292","0","0","125,58"
"2026-09-02T21:53:55.7491392+02:00","410,338","TinyPedal","False","","0","0","0","0","0","0","0","0","0","0","0","0","0","0","0","0","0"
"2026-09-02T21:53:56.7702832+02:00","411,35","BlackRack Overlay","True","24520","8","3,709","1469,55","1292,92","29,3","46,93","215,48","976","22,38","2,83","2","917,11","247","13347","0","0","145,43"
"2026-09-02T21:53:56.7727849+02:00","411,362","TinyPedal","False","","0","0","0","0","0","0","0","0","0","0","0","0","0","0","0","0","0"
"2026-09-02T21:53:57.7650041+02:00","412,341","BlackRack Overlay","True","24520","8","2,564","1474,54","1298,21","29,37","47,68","215,17","980,79","22,38","2,83","2","922,14","247","13403","0","0","143,64"
"2026-09-02T21:53:57.7675012+02:00","412,356","TinyPedal","False","","0","0","0","0","0","0","0","0","0","0","0","0","0","0","0","0","0"
"2026-09-02T21:53:58.7756600+02:00","413,356","BlackRack Overlay","True","24520","8","3,464","1476,33","1302,25","29,35","47,79","219,75","980,15","22,38","2,83","2","921,51","247","13439","0","0","146,66"
"2026-09-02T21:53:58.7776594+02:00","413,367","TinyPedal","False","","0","0","0","0","0","0","0","0","0","0","0","0","0","0","0","0","0"
"2026-09-02T21:53:59.7792204+02:00","414,358","BlackRack Overlay","True","24520","8","6,819","1362,97","1184,9","29,27","47,82","221,21","861,39","22,38","2,83","2","802,82","247","13254","1","1","147,91"
"2026-09-02T21:53:59.7822480+02:00","414,371","TinyPedal","False","","0","0","0","0","0","0","0","0","0","0","0","0","0","0","0","0","0"
"2026-09-02T21:54:00.8009640+02:00","415,38","BlackRack Overlay","True","24520","8","2,676","1367,25","1189,93","29,28","46,93","220,85","867,67","22,38","2,83","2","809,04","247","13290","0","0","148,47"
"2026-09-02T21:54:00.8029636+02:00","415,392","TinyPedal","False","","0","0","0","0","0","0","0","0","0","0","0","0","0","0","0","0","0"
"2026-09-02T21:54:01.7880659+02:00","416,369","BlackRack Overlay","True","24520","8","3,949","1373,47","1199,54","29,23","47,83","222,81","874,46","22,38","2,83","2","815,83","247","13356","1","1","146,72"
"2026-09-02T21:54:01.7900651+02:00","416,379","TinyPedal","False","","0","0","0","0","0","0","0","0","0","0","0","0","0","0","0","0","0"
"2026-09-02T21:54:02.7923696+02:00","417,369","BlackRack Overlay","True","24520","8","2,538","1373,54","1200","29,24","47,91","222,79","874,86","22,38","2,83","2","815,97","247","13392","0","0","147,6"
"2026-09-02T21:54:02.7943804+02:00","417,383","TinyPedal","False","","0","0","0","0","0","0","0","0","0","0","0","0","0","0","0","0","0"
"2026-09-02T21:54:03.8089045+02:00","418,388","BlackRack Overlay","True","24520","8","3,356","1381,56","1208,45","29,25","47,91","222,57","883,51","22,38","2,83","2","824,62","247","13449","0","0","146,22"
"2026-09-02T21:54:03.8109120+02:00","418,399","TinyPedal","False","","0","0","0","0","0","0","0","0","0","0","0","0","0","0","0","0","0"
"2026-09-02T21:54:04.8087976+02:00","419,39","BlackRack Overlay","True","24520","8","3,898","1384,77","1209,74","29,25","46,94","219,57","888,77","22,38","2,83","2","829,96","247","13485","0","0","144,16"
"2026-09-02T21:54:04.8158077+02:00","419,404","TinyPedal","False","","0","0","0","0","0","0","0","0","0","0","0","0","0","0","0","0","0"
"2026-09-02T21:54:05.8268849+02:00","420,408","BlackRack Overlay","True","24520","8","3,168","1394,2","1219,63","29,25","47,76","219,41","897,99","22,38","2,83","2","839,14","247","13542","0","0","145,75"
"2026-09-02T21:54:05.8288850+02:00","420,418","TinyPedal","False","","0","0","0","0","0","0","0","0","0","0","0","0","0","0","0","0","0"
"2026-09-02T21:54:06.8418206+02:00","421,421","BlackRack Overlay","True","24520","8","2,408","1403,95","1230,81","29,28","47,85","220,07","908,41","22,38","2,83","2","849,27","247","13579","0","0","140,19"
"2026-09-02T21:54:06.8448622+02:00","421,433","TinyPedal","False","","0","0","0","0","0","0","0","0","0","0","0","0","0","0","0","0","0"
"2026-09-02T21:54:07.8722445+02:00","422,452","BlackRack Overlay","True","24520","8","4,74","1414,79","1235,29","29,33","47,88","218,64","914,24","22,38","2,83","2","855,09","247","13370","0","0","140,81"
"2026-09-02T21:54:07.8747576+02:00","422,464","TinyPedal","False","","0","0","0","0","0","0","0","0","0","0","0","0","0","0","0","0","0"
"2026-09-02T21:54:08.8844949+02:00","423,463","BlackRack Overlay","True","24520","8","3,185","1415","1236","29,33","46,92","218,45","916,09","22,38","2,83","2","857,02","247","13424","0","0","141,16"
"2026-09-02T21:54:08.8874937+02:00","423,476","TinyPedal","False","","0","0","0","0","0","0","0","0","0","0","0","0","0","0","0","0","0"
"2026-09-02T21:54:09.8971117+02:00","424,473","BlackRack Overlay","True","24520","8","2,514","1418,21","1234,39","29,91","47,72","212,92","918,62","22,38","2,83","2","859,23","247","13481","0","0","140,47"
"2026-09-02T21:54:09.8996109+02:00","424,488","TinyPedal","False","","0","0","0","0","0","0","0","0","0","0","0","0","0","0","0","0","0"
"2026-09-02T21:54:10.8840062+02:00","425,465","BlackRack Overlay","True","24520","8","2,66","1419,79","1235,61","29,91","47,73","211,95","920,81","22,38","2,83","2","861,4","247","13517","0","0","140,28"
"2026-09-02T21:54:10.8870208+02:00","425,476","TinyPedal","False","","0","0","0","0","0","0","0","0","0","0","0","0","0","0","0","0","0"
"2026-09-02T21:54:11.8999714+02:00","426,48","BlackRack Overlay","True","24520","8","3,945","1427,61","1243,82","29,91","47,77","211,97","928,95","22,38","2,83","2","869,27","247","13574","0","0","140,66"
"2026-09-02T21:54:11.9205150+02:00","426,509","TinyPedal","False","","0","0","0","0","0","0","0","0","0","0","0","0","0","0","0","0","0"
"2026-09-02T21:54:12.9131510+02:00","427,494","BlackRack Overlay","True","24520","8","2,503","1434,48","1250,45","29,91","47,57","210,92","937,19","22,02","2,83","2","877,62","247","13610","0","0","140,75"
"2026-09-02T21:54:12.9161624+02:00","427,505","TinyPedal","False","","0","0","0","0","0","0","0","0","0","0","0","0","0","0","0","0","0"
"2026-09-02T21:54:13.9309675+02:00","428,51","BlackRack Overlay","True","24520","8","4,231","1439,61","1263,89","29,86","48,18","217,97","943,01","22,04","2,83","2","883,34","247","13667","1","1","147,16"
"2026-09-02T21:54:13.9329638+02:00","428,522","TinyPedal","False","","0","0","0","0","0","0","0","0","0","0","0","0","0","0","0","0","0"
"2026-09-02T21:54:14.9351547+02:00","429,516","BlackRack Overlay","True","24520","8","1,845","1447,04","1271,54","29,86","48,25","217,6","950,96","22,04","2,83","2","891,25","247","13703","0","0","146,97"
"2026-09-02T21:54:14.9376514+02:00","429,526","TinyPedal","False","","0","0","0","0","0","0","0","0","0","0","0","0","0","0","0","0","0"
"2026-09-02T21:54:15.9652234+02:00","430,543","BlackRack Overlay","True","24520","8","3,612","1455,76","1280,79","29,86","48,25","218,55","959,26","22,04","2,83","2","899,55","247","13760","0","0","143,66"
"2026-09-02T21:54:15.9682339+02:00","430,557","TinyPedal","False","","0","0","0","0","0","0","0","0","0","0","0","0","0","0","0","0","0"
"2026-09-02T21:54:16.9814952+02:00","431,557","BlackRack Overlay","True","24520","8","2,505","1459,66","1285,02","29,91","47,38","218,48","964,38","22,04","2,83","2","904,67","247","13796","0","0","142,54"
"2026-09-02T21:54:16.9840010+02:00","431,573","TinyPedal","False","","0","0","0","0","0","0","0","0","0","0","0","0","0","0","0","0","0"
"2026-09-02T21:54:17.9821943+02:00","432,56","BlackRack Overlay","True","24520","8","2,823","1461,48","1287,24","29,91","47,54","218,33","966,59","22,04","2,83","2","906,95","247","13853","0","0","142,75"
"2026-09-02T21:54:17.9847166+02:00","432,573","TinyPedal","False","","0","0","0","0","0","0","0","0","0","0","0","0","0","0","0","0","0"
"2026-09-02T21:54:19.0077534+02:00","433,589","BlackRack Overlay","True","24520","8","3,988","1466,21","1289,63","30,07","47,54","214,06","973,1","22,04","2,83","2","913,37","250","13900","0","0","144,13"
"2026-09-02T21:54:19.0097518+02:00","433,599","TinyPedal","False","","0","0","0","0","0","0","0","0","0","0","0","0","0","0","0","0","0"
"2026-09-02T21:54:20.0131115+02:00","434,593","BlackRack Overlay","True","24520","8","6,225","1460,58","1277,62","29,86","47,54","214,91","960,45","22,04","2,83","2","900,6","247","13688","0","0","143,66"
"2026-09-02T21:54:20.0156209+02:00","434,604","TinyPedal","False","","0","0","0","0","0","0","0","0","0","0","0","0","0","0","0","0","0"
"2026-09-02T21:54:21.0123665+02:00","435,592","BlackRack Overlay","True","24520","8","2,931","1461,75","1289,03","29,92","47,34","224,72","962,19","22,04","2,83","2","902,33","247","13724","0","0","151,25"
"2026-09-02T21:54:21.0133664+02:00","435,603","TinyPedal","False","","0","0","0","0","0","0","0","0","0","0","0","0","0","0","0","0","0"
"2026-09-02T21:54:22.0280794+02:00","436,605","BlackRack Overlay","True","24520","8","2,218","1453,59","1284,37","29,97","47,5","227,79","954,25","22,04","2,83","2","894,6","247","13781","0","0","155,16"
"2026-09-02T21:54:22.0300858+02:00","436,619","TinyPedal","False","","0","0","0","0","0","0","0","0","0","0","0","0","0","0","0","0","0"
"2026-09-02T21:54:23.0456461+02:00","437,624","BlackRack Overlay","True","24520","8","2,971","1455,38","1287,29","29,71","47,5","227,98","957,24","22,04","2,83","2","897,53","247","13817","0","0","149,63"
"2026-09-02T21:54:23.0481423+02:00","437,637","TinyPedal","False","","0","0","0","0","0","0","0","0","0","0","0","0","0","0","0","0","0"
"2026-09-02T21:54:24.0630248+02:00","438,638","BlackRack Overlay","True","24520","8","2,888","1457,45","1289,73","29,8","47,53","227,96","959,57","22,04","2,83","2","899,86","246","13874","0","0","136,98"
"2026-09-02T21:54:24.0660664+02:00","438,655","TinyPedal","False","","0","0","0","0","0","0","0","0","0","0","0","0","0","0","0","0","0"
"2026-09-02T21:54:25.0564549+02:00","439,636","BlackRack Overlay","True","24520","8","2,545","1458,66","1291,57","29,8","47,29","227,76","961,84","22,04","2,83","2","902,14","247","13910","0","0","140,69"
"2026-09-02T21:54:25.0589679+02:00","439,648","TinyPedal","False","","0","0","0","0","0","0","0","0","0","0","0","0","0","0","0","0","0"
"2026-09-02T21:54:26.0603722+02:00","440,64","BlackRack Overlay","True","24520","8","2,918","1460,02","1293,57","29,82","47,48","227,38","964,02","22,04","2,83","2","904,31","247","13967","0","0","137,82"
"2026-09-02T21:54:26.0623728+02:00","440,651","TinyPedal","False","","0","0","0","0","0","0","0","0","0","0","0","0","0","0","0","0","0"
"2026-09-02T21:54:27.0762476+02:00","441,656","BlackRack Overlay","True","24520","8","2,307","1467,32","1294,29","29,82","47,48","219,86","972,26","22,04","2,83","2","912,64","247","14003","0","0","135,73"
"2026-09-02T21:54:27.0787578+02:00","441,668","TinyPedal","False","","0","0","0","0","0","0","0","0","0","0","0","0","0","0","0","0","0"
"2026-09-02T21:54:28.0886246+02:00","442,669","BlackRack Overlay","True","24520","8","3,276","1469,32","1295,3","29,82","47,48","218,01","975,12","22,04","2,83","2","915,17","247","14060","0","0","134,72"
"2026-09-02T21:54:28.0911265+02:00","442,68","TinyPedal","False","","0","0","0","0","0","0","0","0","0","0","0","0","0","0","0","0","0"
"2026-09-02T21:54:29.0911588+02:00","443,668","BlackRack Overlay","True","24520","8","3,325","1470,96","1289","30,02","47,38","209,11","977,62","22,04","2,83","2","917,66","250","14107","0","0","129,45"
"2026-09-02T21:54:29.0931679+02:00","443,682","TinyPedal","False","","0","0","0","0","0","0","0","0","0","0","0","0","0","0","0","0","0"
"2026-09-02T21:54:30.1060025+02:00","444,685","BlackRack Overlay","True","24520","8","2,879","1472,62","1287,9","29,86","47,48","206,06","979,62","22,04","2,83","2","919,65","247","14153","0","0","136,51"
"2026-09-02T21:54:30.1085121+02:00","444,697","TinyPedal","False","","0","0","0","0","0","0","0","0","0","0","0","0","0","0","0","0","0"
"2026-09-02T21:54:31.1277875+02:00","445,7","BlackRack Overlay","True","24520","8","2,502","1476,9","1292,64","29,86","47,52","206,89","983,5","22,04","2,83","2","923,52","247","14189","0","0","137,17"
"2026-09-02T21:54:31.1302871+02:00","445,719","TinyPedal","False","","0","0","0","0","0","0","0","0","0","0","0","0","0","0","0","0","0"
"2026-09-02T21:54:32.1333231+02:00","446,714","BlackRack Overlay","True","24520","8","3,371","1479,59","1295,97","29,86","47,57","206,77","986,9","22,03","2,83","2","926,91","247","14264","0","0","136,31"
"2026-09-02T21:54:32.1358320+02:00","446,725","TinyPedal","False","","0","0","0","0","0","0","0","0","0","0","0","0","0","0","0","0","0"
"2026-09-02T21:54:33.1400514+02:00","447,719","BlackRack Overlay","True","24520","8","2,917","1481,76","1299,41","29,11","47,45","207,32","990,66","22,03","2,83","2","930,41","247","14300","0","0","137,25"
"2026-09-02T21:54:33.1420518+02:00","447,731","TinyPedal","False","","0","0","0","0","0","0","0","0","0","0","0","0","0","0","0","0","0"
"2026-09-02T21:54:34.1634827+02:00","448,742","BlackRack Overlay","True","24520","8","4,103","1473,12","1282,21","29,16","47,48","207,55","973,16","22,03","2,83","2","912,89","247","13975","0","0","136,31"
"2026-09-02T21:54:34.1654922+02:00","448,754","TinyPedal","False","","0","0","0","0","0","0","0","0","0","0","0","0","0","0","0","0","0"
"2026-09-02T21:54:35.1585725+02:00","449,739","BlackRack Overlay","True","24520","8","1,862","1475,9","1285,39","29,22","47,66","207,57","976,08","22,03","2,83","2","915,81","247","14011","0","0","134,93"
"2026-09-02T21:54:35.1610812+02:00","449,75","TinyPedal","False","","0","0","0","0","0","0","0","0","0","0","0","0","0","0","0","0","0"
"2026-09-02T21:54:36.1931157+02:00","450,768","BlackRack Overlay","True","24520","8","2,087","1477,19","1287,32","29,23","47,69","207,38","978,15","22,03","2,83","2","917,95","247","14068","0","0","134,75"
"2026-09-02T21:54:36.1956281+02:00","450,785","TinyPedal","False","","0","0","0","0","0","0","0","0","0","0","0","0","0","0","0","0","0"
"2026-09-02T21:54:37.1819216+02:00","451,763","BlackRack Overlay","True","24520","8","2,258","1479,12","1289,88","29,23","47,43","207","981,35","22,03","2,83","2","921,09","247","14104","0","0","136,03"
"2026-09-02T21:54:37.1844316+02:00","451,773","TinyPedal","False","","0","0","0","0","0","0","0","0","0","0","0","0","0","0","0","0","0"
"2026-09-02T21:54:38.1961751+02:00","452,773","BlackRack Overlay","True","24520","8","2,899","1477,92","1289,18","29,27","47,66","207,17","980,22","22,03","2,83","2","919,96","247","14161","0","0","137,96"
"2026-09-02T21:54:38.1981881+02:00","452,787","TinyPedal","False","","0","0","0","0","0","0","0","0","0","0","0","0","0","0","0","0","0"
"2026-09-02T21:54:39.1907439+02:00","453,769","BlackRack Overlay","True","24520","8","2,844","1480,29","1293,89","30,11","47,69","208,54","982,7","22,03","2,83","2","922,42","250","14208","0","0","138,96"
"2026-09-02T21:54:39.1927471+02:00","453,782","TinyPedal","False","","0","0","0","0","0","0","0","0","0","0","0","0","0","0","0","0","0"
"2026-09-02T21:54:40.2024233+02:00","454,782","BlackRack Overlay","True","24520","8","2,409","1483,11","1297,46","29,71","47,84","209,55","985,49","22,03","2,83","2","925,22","247","14254","0","0","137,07"
"2026-09-02T21:54:40.2044273+02:00","454,793","TinyPedal","False","","0","0","0","0","0","0","0","0","0","0","0","0","0","0","0","0","0"
"2026-09-02T21:54:41.2316918+02:00","455,811","BlackRack Overlay","True","24520","8","2,278","1488,28","1303,25","29,78","47,41","208,98","992,22","22,03","2,83","2","931,77","247","14299","0","0","130,12"
"2026-09-02T21:54:41.2336916+02:00","455,823","TinyPedal","False","","0","0","0","0","0","0","0","0","0","0","0","0","0","0","0","0","0"
"2026-09-02T21:54:42.2509444+02:00","456,83","BlackRack Overlay","True","24520","8","2,877","1489,11","1307,92","29,79","47,44","212,32","993,53","22,01","2,83","2","932,75","247","14356","0","0","134,96"
"2026-09-02T21:54:42.2534443+02:00","456,842","TinyPedal","False","","0","0","0","0","0","0","0","0","0","0","0","0","0","0","0","0","0"
"2026-09-02T21:54:43.2461001+02:00","457,823","BlackRack Overlay","True","24520","8","3,048","1490,14","1308,27","29,79","47,45","209,9","996,29","22,02","2,83","2","935,5","247","14392","0","0","131,71"
"2026-09-02T21:54:43.2491149+02:00","457,838","TinyPedal","False","","0","0","0","0","0","0","0","0","0","0","0","0","0","0","0","0","0"
"2026-09-02T21:54:44.2736445+02:00","458,855","BlackRack Overlay","True","24520","8","2,839","1492,35","1310,81","29,79","47,45","209,78","998,94","22,03","2,83","2","938,12","247","14467","0","0","132,21"
"2026-09-02T21:54:44.2761520+02:00","458,865","TinyPedal","False","","0","0","0","0","0","0","0","0","0","0","0","0","0","0","0","0","0"
"2026-09-02T21:54:45.2749079+02:00","459,855","BlackRack Overlay","True","24520","8","2,44","1495,16","1312,45","29,79","47,79","208,03","1001,98","22,03","2,83","2","941,21","247","14503","0","0","136,05"
"2026-09-02T21:54:45.2819352+02:00","459,871","TinyPedal","False","","0","0","0","0","0","0","0","0","0","0","0","0","0","0","0","0","0"
"2026-09-02T21:54:46.2915401+02:00","460,872","BlackRack Overlay","True","24520","8","2,497","1496,65","1314,43","29,79","47,85","207,74","1004,19","22,03","2,83","2","943,38","247","14560","0","0","133,93"
"2026-09-02T21:54:46.2935470+02:00","460,882","TinyPedal","False","","0","0","0","0","0","0","0","0","0","0","0","0","0","0","0","0","0"
"2026-09-02T21:54:47.2945689+02:00","461,874","BlackRack Overlay","True","24520","8","2,631","1498,95","1317,27","29,79","47,88","207,45","1007,3","22,03","2,83","2","946,49","247","14596","0","0","130,68"
"2026-09-02T21:54:47.2960717+02:00","461,886","TinyPedal","False","","0","0","0","0","0","0","0","0","0","0","0","0","0","0","0","0","0"
"2026-09-02T21:54:48.3195959+02:00","462,898","BlackRack Overlay","True","24520","8","4,769","1492,8","1302,52","29,79","47,96","207,39","992,52","22,03","2,83","2","931,7","247","14249","0","0","132,86"
"2026-09-02T21:54:48.3221047+02:00","462,911","TinyPedal","False","","0","0","0","0","0","0","0","0","0","0","0","0","0","0","0","0","0"
"2026-09-02T21:54:49.3079640+02:00","463,888","BlackRack Overlay","True","24520","8","2,072","1493,31","1303,35","29,85","47,21","207,07","994,35","22,04","2,83","2","933,62","247","14285","0","0","133,74"
"2026-09-02T21:54:49.3094636+02:00","463,898","TinyPedal","False","","0","0","0","0","0","0","0","0","0","0","0","0","0","0","0","0","0"
"2026-09-02T21:54:50.3257248+02:00","464,903","BlackRack Overlay","True","24520","8","3,56","1487,13","1293,98","29,85","47,28","203,28","988,69","22,04","2,83","2","927,9","247","14342","0","0","127,93"
"2026-09-02T21:54:50.3282210+02:00","464,917","TinyPedal","False","","0","0","0","0","0","0","0","0","0","0","0","0","0","0","0","0","0"
"2026-09-02T21:54:51.3537569+02:00","465,934","BlackRack Overlay","True","24520","8","2,178","1488,54","1295,91","29,85","47,28","203,16","990,74","22,04","2,83","2","929,95","247","14378","0","0","127,93"
"2026-09-02T21:54:51.3567881+02:00","465,946","TinyPedal","False","","0","0","0","0","0","0","0","0","0","0","0","0","0","0","0","0","0"
"2026-09-02T21:54:52.3518637+02:00","466,932","BlackRack Overlay","True","24520","8","2,641","1491,72","1299,93","29,85","47,33","204,07","993,81","22,04","2,83","2","933","247","14435","0","0","126,86"
"2026-09-02T21:54:52.3589000+02:00","466,948","TinyPedal","False","","0","0","0","0","0","0","0","0","0","0","0","0","0","0","0","0","0"
"2026-09-02T21:54:53.3645425+02:00","467,946","BlackRack Overlay","True","24520","8","1,638","1492,8","1297,23","29,85","47,23","199,32","995,96","22,04","2,83","2","935,16","247","14471","0","0","126,58"
"2026-09-02T21:54:53.3665608+02:00","467,955","TinyPedal","False","","0","0","0","0","0","0","0","0","0","0","0","0","0","0","0","0","0"
"2026-09-02T21:54:54.3878299+02:00","468,966","BlackRack Overlay","True","24520","8","2,393","1489,48","1294,45","29,91","47,31","199,46","992,93","22,04","2,79","2","932,21","245","14528","0","0","124,43"
"2026-09-02T21:54:54.3908408+02:00","468,979","TinyPedal","False","","0","0","0","0","0","0","0","0","0","0","0","0","0","0","0","0","0"
"2026-09-02T21:54:55.4022933+02:00","469,983","BlackRack Overlay","True","24520","8","1,44","1494,03","1299,59","29,92","47,32","199,21","998,27","22,04","2,83","2","937,47","247","14582","0","0","124,58"
"2026-09-02T21:54:55.4048015+02:00","469,994","TinyPedal","False","","0","0","0","0","0","0","0","0","0","0","0","0","0","0","0","0","0"
"2026-09-02T21:54:56.4064337+02:00","470,987","BlackRack Overlay","True","24520","8","2,53","1498,68","1304,68","29,92","47,36","199,06","1003,47","22,04","2,83","2","942,67","247","14639","0","0","126,89"
"2026-09-02T21:54:56.4089351+02:00","470,998","TinyPedal","False","","0","0","0","0","0","0","0","0","0","0","0","0","0","0","0","0","0"
"2026-09-02T21:54:57.4223798+02:00","471,995","BlackRack Overlay","True","24520","8","2,228","1500,04","1303,45","29,91","47,25","195,44","1005,98","22,04","2,83","2","945,18","247","14675","0","0","123,39"
"2026-09-02T21:54:57.4248846+02:00","472,014","TinyPedal","False","","0","0","0","0","0","0","0","0","0","0","0","0","0","0","0","0","0"
"2026-09-02T21:54:58.4317437+02:00","473,01","BlackRack Overlay","True","24520","8","3,27","1501,61","1305,64","29,91","47,28","195,45","1008,14","22,04","2,83","2","947,36","247","14732","0","0","123,24"
"2026-09-02T21:54:58.4337468+02:00","473,023","TinyPedal","False","","0","0","0","0","0","0","0","0","0","0","0","0","0","0","0","0","0"
"2026-09-02T21:54:59.4347299+02:00","474,016","BlackRack Overlay","True","24520","8","3,498","1504,45","1309,19","29,92","47,6","195,5","1011,3","22,04","2,83","2","950,32","247","14768","0","0","126,18"
"2026-09-02T21:54:59.4372370+02:00","474,026","TinyPedal","False","","0","0","0","0","0","0","0","0","0","0","0","0","0","0","0","0","0"
"2026-09-02T21:55:00.4711022+02:00","475,051","BlackRack Overlay","True","24520","8","2,829","1506,77","1310,85","29,86","47,63","193,84","1014,65","22,04","2,83","2","953,64","247","14825","0","0","125,18"
"2026-09-02T21:55:00.4736316+02:00","475,062","TinyPedal","False","","0","0","0","0","0","0","0","0","0","0","0","0","0","0","0","0","0"
"2026-09-02T21:55:01.4650150+02:00","476,045","BlackRack Overlay","True","24520","8","1,769","1509,07","1313,96","29,92","47,39","194,02","1017,77","22,04","2,83","2","956,76","247","14861","0","0","126,61"
"2026-09-02T21:55:01.4670243+02:00","476,056","TinyPedal","False","","0","0","0","0","0","0","0","0","0","0","0","0","0","0","0","0","0"
"2026-09-02T21:55:02.4817161+02:00","477,059","BlackRack Overlay","True","24520","8","2,31","1510,99","1321,33","29,92","47,44","199,16","1019,95","22,04","2,83","2","958,94","247","14918","0","0","129,89"
"2026-09-02T21:55:02.4847351+02:00","477,073","TinyPedal","False","","0","0","0","0","0","0","0","0","0","0","0","0","0","0","0","0","0"
"2026-09-02T21:55:03.4975376+02:00","478,076","BlackRack Overlay","True","24520","8","5,09","1499,63","1301,63","29,86","47,5","199,18","1000,21","22,04","2,83","2","939,43","247","14552","0","0","129,18"
"2026-09-02T21:55:03.5000397+02:00","478,089","TinyPedal","False","","0","0","0","0","0","0","0","0","0","0","0","0","0","0","0","0","0"
"2026-09-02T21:55:04.5196586+02:00","479,093","BlackRack Overlay","True","24520","8","2,689","1501,12","1303,57","29,86","47,51","199,18","1002,14","22,04","2,83","2","941,3","247","14609","0","0","128,24"
"2026-09-02T21:55:04.5216658+02:00","479,11","TinyPedal","False","","0","0","0","0","0","0","0","0","0","0","0","0","0","0","0","0","0"
"2026-09-02T21:55:05.5278236+02:00","480,108","BlackRack Overlay","True","24520","8","2,309","1503","1305,89","29,86","47,33","200","1003,82","22,04","2,83","2","942,97","247","14645","0","0","126,99"
"2026-09-02T21:55:05.5303215+02:00","480,119","TinyPedal","False","","0","0","0","0","0","0","0","0","0","0","0","0","0","0","0","0","0"
"2026-09-02T21:55:06.5449408+02:00","481,124","BlackRack Overlay","True","24520","8","2,979","1487,82","1291,25","29,93","47,33","200,12","988,99","22,04","2,83","2","937,66","247","14720","0","0","124,43"
"2026-09-02T21:55:06.5474596+02:00","481,136","TinyPedal","False","","0","0","0","0","0","0","0","0","0","0","0","0","0","0","0","0","0"
"2026-09-02T21:55:07.5778068+02:00","482,158","BlackRack Overlay","True","24520","8","2,457","1489,29","1293,34","29,86","47,37","199,98","991,25","22,04","2,83","2","940,03","247","14756","0","0","123,64"
"2026-09-02T21:55:07.5793163+02:00","482,168","TinyPedal","False","","0","0","0","0","0","0","0","0","0","0","0","0","0","0","0","0","0"
"2026-09-02T21:55:08.5854070+02:00","483,165","BlackRack Overlay","True","24520","8","2,617","1473,15","1272,43","29,86","47,37","193,98","976,35","22,04","2,83","2","925,12","247","14813","0","0","124,99"
"2026-09-02T21:55:08.5879190+02:00","483,177","TinyPedal","False","","0","0","0","0","0","0","0","0","0","0","0","0","0","0","0","0","0"
"2026-09-02T21:55:09.5826219+02:00","484,16","BlackRack Overlay","True","24520","8","2,455","1477,44","1277,76","29,92","47,37","194,3","981,3","22,04","2,83","2","929,98","247","14849","0","0","126,05"
"2026-09-02T21:55:09.5851346+02:00","484,174","TinyPedal","False","","0","0","0","0","0","0","0","0","0","0","0","0","0","0","0","0","0"
"2026-09-02T21:55:10.5848098+02:00","485,165","BlackRack Overlay","True","24520","8","2,43","1481,85","1284,81","29,22","47,44","196,34","986,93","22,04","2,83","2","935,6","247","14906","0","0","128,74"
"2026-09-02T21:55:10.5863142+02:00","485,175","TinyPedal","False","","0","0","0","0","0","0","0","0","0","0","0","0","0","0","0","0","0"
"2026-09-02T21:55:11.5909677+02:00","486,163","BlackRack Overlay","True","24520","8","2,25","1483,15","1289,69","29,72","47,46","198,58","989,05","22,04","2,83","2","937,95","247","14942","0","0","130,61"
"2026-09-02T21:55:11.5939684+02:00","486,183","TinyPedal","False","","0","0","0","0","0","0","0","0","0","0","0","0","0","0","0","0","0"
"2026-09-02T21:55:12.5974673+02:00","487,178","BlackRack Overlay","True","24520","8","3,464","1484,86","1292,25","29,8","47,46","198,57","991,55","22,04","2,83","2","940,39","247","14999","0","0","127,39"
"2026-09-02T21:55:12.5994649+02:00","487,188","TinyPedal","False","","0","0","0","0","0","0","0","0","0","0","0","0","0","0","0","0","0"
"2026-09-02T21:55:13.6064810+02:00","488,184","BlackRack Overlay","True","24520","8","2,232","1487,07","1295,44","29,8","47,36","198,55","994,85","22,04","2,83","2","943,69","247","15035","0","0","126,21"
"2026-09-02T21:55:13.6084911+02:00","488,197","TinyPedal","False","","0","0","0","0","0","0","0","0","0","0","0","0","0","0","0","0","0"
"2026-09-02T21:55:14.6352418+02:00","489,215","BlackRack Overlay","True","24520","8","2,936","1488,19","1296,8","29,85","47,43","197,29","997,35","22,04","2,83","2","945,92","247","15092","0","0","124,92"
"2026-09-02T21:55:14.6387426+02:00","489,227","TinyPedal","False","","0","0","0","0","0","0","0","0","0","0","0","0","0","0","0","0","0"
"2026-09-02T21:55:15.6482700+02:00","490,229","BlackRack Overlay","True","24520","8","3,082","1489,82","1299,06","29,85","47,43","196,73","1000,18","22,04","2,83","2","948,74","247","15128","0","0","124,86"
"2026-09-02T21:55:15.6502716+02:00","490,239","TinyPedal","False","","0","0","0","0","0","0","0","0","0","0","0","0","0","0","0","0","0"
"2026-09-02T21:55:16.6670748+02:00","491,244","BlackRack Overlay","True","24520","8","2,792","1492,18","1301,77","29,81","47,43","196,49","1003,16","22,04","2,83","2","951,8","247","15185","0","0","124,51"
"2026-09-02T21:55:16.6690819+02:00","491,258","TinyPedal","False","","0","0","0","0","0","0","0","0","0","0","0","0","0","0","0","0","0"
"2026-09-02T21:55:17.6658853+02:00","492,244","BlackRack Overlay","True","24520","8","2,929","1495,12","1304,97","29,86","47,34","196,35","1006,55","22,04","2,83","2","955,13","247","15221","0","0","126,39"
"2026-09-02T21:55:17.6678847+02:00","492,257","TinyPedal","False","","0","0","0","0","0","0","0","0","0","0","0","0","0","0","0","0","0"
"2026-09-02T21:55:18.6786073+02:00","493,253","BlackRack Overlay","True","24520","8","5,225","1473,21","1273,09","29,87","47,37","196,35","974,64","22,04","2,83","2","923,22","247","14828","0","0","122,79"
"2026-09-02T21:55:18.6796071+02:00","493,269","TinyPedal","False","","0","0","0","0","0","0","0","0","0","0","0","0","0","0","0","0","0"
"2026-09-02T21:55:19.6827287+02:00","494,261","BlackRack Overlay","True","24520","8","2,326","1474,53","1273,25","29,92","47,4","194,41","976,65","22,04","2,83","2","925,24","247","14864","0","0","123,92"
"2026-09-02T21:55:19.6852444+02:00","494,274","TinyPedal","False","","0","0","0","0","0","0","0","0","0","0","0","0","0","0","0","0","0"
"2026-09-02T21:55:20.6695477+02:00","495,249","BlackRack Overlay","True","24520","8","2,272","1476,44","1275,96","29,86","47,46","194,05","979,71","22,04","2,83","2","928,4","247","14921","0","0","124,21"
"2026-09-02T21:55:20.6710491+02:00","495,26","TinyPedal","False","","0","0","0","0","0","0","0","0","0","0","0","0","0","0","0","0","0"
"2026-09-02T21:55:21.6908593+02:00","496,271","BlackRack Overlay","True","24520","8","2,388","1478,54","1279,75","29,92","47,31","195,1","982,55","22,04","2,83","2","931,17","247","14957","0","0","127,17"
"2026-09-02T21:55:21.6928592+02:00","496,282","TinyPedal","False","","0","0","0","0","0","0","0","0","0","0","0","0","0","0","0","0","0"
"2026-09-02T21:55:22.6961138+02:00","497,275","BlackRack Overlay","True","24520","8","3,015","1476,27","1278,29","29,92","47,34","195,38","980,78","22,04","2,83","2","929,12","247","15014","0","0","128,08"
"2026-09-02T21:55:22.6986223+02:00","497,288","TinyPedal","False","","0","0","0","0","0","0","0","0","0","0","0","0","0","0","0","0","0"
"2026-09-02T21:55:23.7089223+02:00","498,284","BlackRack Overlay","True","24520","8","2,325","1469,08","1273,57","29,95","47,34","197,56","973,86","22,04","2,83","2","922,2","250","15050","0","0","128,43"
"2026-09-02T21:55:23.7114271+02:00","498,3","TinyPedal","False","","0","0","0","0","0","0","0","0","0","0","0","0","0","0","0","0","0"
"2026-09-02T21:55:24.6984221+02:00","499,279","BlackRack Overlay","True","24520","8","2,454","1472,57","1277,87","29,95","47,58","197,27","977,96","22,18","2,93","2","926,18","262","15109","0","0","123,77"
"2026-09-02T21:55:24.7009265+02:00","499,29","TinyPedal","False","","0","0","0","0","0","0","0","0","0","0","0","0","0","0","0","0","0"
"2026-09-02T21:55:25.7328362+02:00","500,312","BlackRack Overlay","True","24520","8","2,646","1478,71","1284,79","29,95","47,17","197,57","984,99","22,18","2,93","2","933,21","263","15145","0","0","126,71"
"2026-09-02T21:55:25.7393488+02:00","500,328","TinyPedal","False","","0","0","0","0","0","0","0","0","0","0","0","0","0","0","0","0","0"
"2026-09-02T21:55:26.7317414+02:00","501,31","BlackRack Overlay","True","24520","8","2,153","1480,57","1287,15","29,95","47,4","197,41","987,29","22,18","2,93","2","935,35","263","15202","0","0","126,43"
"2026-09-02T21:55:26.7337458+02:00","501,323","TinyPedal","False","","0","0","0","0","0","0","0","0","0","0","0","0","0","0","0","0","0"
"2026-09-02T21:55:27.7503988+02:00","502,33","BlackRack Overlay","True","24520","8","2,107","1483,65","1290,96","30","47,52","196,99","991,35","22,18","2,93","2","939,58","263","15238","0","0","125,05"
"2026-09-02T21:55:27.7523996+02:00","502,341","TinyPedal","False","","0","0","0","0","0","0","0","0","0","0","0","0","0","0","0","0","0"
"2026-09-02T21:55:28.7738716+02:00","503,352","BlackRack Overlay","True","24520","8","2,198","1486,64","1294,54","29,95","47,55","197,7","994,25","22,18","2,93","2","942,45","263","15295","0","0","127,02"
"2026-09-02T21:55:28.7763920+02:00","503,365","TinyPedal","False","","0","0","0","0","0","0","0","0","0","0","0","0","0","0","0","0","0"
"2026-09-02T21:55:29.7648575+02:00","504,345","BlackRack Overlay","True","24520","8","3,539","1491,16","1298,16","30","47,23","198,26","997,12","22,63","2,93","2","945,15","266","15336","0","0","123,17"
"2026-09-02T21:55:29.7675807+02:00","504,356","TinyPedal","False","","0","0","0","0","0","0","0","0","0","0","0","0","0","0","0","0","0"
"2026-09-02T21:55:30.7839208+02:00","505,358","BlackRack Overlay","True","24520","8","2,698","1491,82","1298,83","30,02","47,25","197,33","998,63","22,68","2,93","2","946,39","267","15426","0","0","125,49"
"2026-09-02T21:55:30.7864421+02:00","505,375","TinyPedal","False","","0","0","0","0","0","0","0","0","0","0","0","0","0","0","0","0","0"
"2026-09-02T21:55:31.7967984+02:00","506,375","BlackRack Overlay","True","24520","8","2,688","1494,61","1302,49","30","47,31","197,29","1002,29","22,68","2,93","2","949,52","267","15464","0","0","123,05"
"2026-09-02T21:55:31.7998079+02:00","506,389","TinyPedal","False","","0","0","0","0","0","0","0","0","0","0","0","0","0","0","0","0","0"
"2026-09-02T21:55:32.8135431+02:00","507,393","BlackRack Overlay","True","24520","8","3,166","1496,91","1305,04","29,95","47,34","196,8","1005,46","22,57","2,93","2","952,66","267","15519","0","0","124,8"
"2026-09-02T21:55:32.8155463+02:00","507,404","TinyPedal","False","","0","0","0","0","0","0","0","0","0","0","0","0","0","0","0","0","0"
"2026-09-02T21:55:33.8419017+02:00","508,422","BlackRack Overlay","True","24520","8","5,221","1481,62","1280,61","30","47,37","197,55","980,2","22,57","2,93","2","927,41","267","15103","0","0","124,21"
"2026-09-02T21:55:33.8444150+02:00","508,434","TinyPedal","False","","0","0","0","0","0","0","0","0","0","0","0","0","0","0","0","0","0"
"2026-09-02T21:55:34.8534741+02:00","509,433","BlackRack Overlay","True","24520","8","2,704","1477,22","1274,46","30","47,37","195,59","976","22,57","2,93","2","923,21","267","15156","0","0","125,3"
"2026-09-02T21:55:34.8565090+02:00","509,445","TinyPedal","False","","0","0","0","0","0","0","0","0","0","0","0","0","0","0","0","0","0"
"2026-09-02T21:55:35.8724667+02:00","510,451","BlackRack Overlay","True","24520","8","1,439","1478,09","1274,51","29,95","47,37","194,17","977,53","22,57","2,93","2","924,8","267","15178","0","0","125,3"
"2026-09-02T21:55:35.8749859+02:00","510,463","TinyPedal","False","","0","0","0","0","0","0","0","0","0","0","0","0","0","0","0","0","0"
"2026-09-02T21:55:36.8688793+02:00","511,45","BlackRack Overlay","True","24520","8","0,391","1477,63","1273,79","30","47,45","192,86","977,99","22,57","2,93","2","925,18","267","15195","0","0","124,8"
"2026-09-02T21:55:36.8713817+02:00","511,46","TinyPedal","False","","0","0","0","0","0","0","0","0","0","0","0","0","0","0","0","0","0"
"2026-09-02T21:55:37.8919762+02:00","512,469","BlackRack Overlay","True","24520","8","0,575","1475,12","1271,97","30","45,67","192,52","978,29","22,57","2,93","2","925,48","267","15193","0","0","124,8"
"2026-09-02T21:55:37.8939759+02:00","512,483","TinyPedal","False","","0","0","0","0","0","0","0","0","0","0","0","0","0","0","0","0","0"
"2026-09-02T21:55:38.9159508+02:00","513,497","BlackRack Overlay","True","24520","8","0,475","1474,71","1271,56","30","45,69","191,7","978,68","22,57","2,93","2","925,86","267","15210","0","0","124,8"
"2026-09-02T21:55:38.9189582+02:00","513,507","TinyPedal","False","","0","0","0","0","0","0","0","0","0","0","0","0","0","0","0","0","0"
"2026-09-02T21:55:39.9150561+02:00","514,495","BlackRack Overlay","True","24520","8","0,489","1474,13","1270,67","30","45,69","190,48","979","22,57","2,93","2","926,18","267","15214","0","0","124,8"
"2026-09-02T21:55:39.9165616+02:00","514,505","TinyPedal","False","","0","0","0","0","0","0","0","0","0","0","0","0","0","0","0","0","0"
"2026-09-02T21:55:40.9432399+02:00","515,525","BlackRack Overlay","True","24520","8","0,19","1474,2","1270,76","30","45,67","190,2","979,39","22,57","2,93","2","926,56","267","15231","0","0","124,8"
"2026-09-02T21:55:40.9457492+02:00","515,534","TinyPedal","False","","0","0","0","0","0","0","0","0","0","0","0","0","0","0","0","0","0"
"2026-09-02T21:55:41.9462431+02:00","516,528","BlackRack Overlay","True","24520","8","0,779","1474,53","1271,08","30","45,67","190,2","979,72","22,57","2,93","2","926,89","267","15252","0","0","124,8"
"2026-09-02T21:55:41.9482444+02:00","516,537","TinyPedal","False","","0","0","0","0","0","0","0","0","0","0","0","0","0","0","0","0","0"
"2026-09-02T21:55:42.9710984+02:00","517,533","BlackRack Overlay","True","24520","8","3,401","1480,29","1313,36","29,2","47,54","230,27","981,33","22,1","2,93","2","928,49","267","15294","0","0","142,58"
"2026-09-02T21:55:42.9730987+02:00","517,562","TinyPedal","False","","0","0","0","0","0","0","0","0","0","0","0","0","0","0","0","0","0"
"2026-09-02T21:55:43.9801657+02:00","518,56","BlackRack Overlay","True","24520","8","3,802","1482,26","1315,89","29,36","47,66","230,27","983,58","22,1","2,93","2","930,74","267","15351","0","0","140,73"
"2026-09-02T21:55:43.9826646+02:00","518,572","TinyPedal","False","","0","0","0","0","0","0","0","0","0","0","0","0","0","0","0","0","0"
"2026-09-02T21:55:44.9860590+02:00","519,56","BlackRack Overlay","True","24520","8","2,734","1467,64","1301,93","29,3","46,64","230,16","970,79","22,11","2,93","2","918,3","267","15387","0","0","140,25"
"2026-09-02T21:55:44.9875591+02:00","519,577","TinyPedal","False","","0","0","0","0","0","0","0","0","0","0","0","0","0","0","0","0","0"
"2026-09-02T21:55:45.9944713+02:00","520,575","BlackRack Overlay","True","24520","8","2,888","1469,55","1292,13","29,36","47,22","217,39","973,12","22,11","2,93","2","920,56","267","15427","0","0","138,03"
"2026-09-02T21:55:45.9964821+02:00","520,585","TinyPedal","False","","0","0","0","0","0","0","0","0","0","0","0","0","0","0","0","0","0"
"2026-09-02T21:55:46.9953655+02:00","521,576","BlackRack Overlay","True","24520","8","2,536","1474,8","1298,11","29,37","47,29","217,33","979,09","22,11","2,93","2","926,5","267","15480","0","0","140,16"
"2026-09-02T21:55:46.9983704+02:00","521,587","TinyPedal","False","","0","0","0","0","0","0","0","0","0","0","0","0","0","0","0","0","0"
"2026-09-02T21:55:47.9972192+02:00","522,577","BlackRack Overlay","True","24520","8","5,661","1470,75","1289,92","29,32","47,29","216,91","971,36","22,11","2,93","2","918,78","267","15147","0","0","140,41"
"2026-09-02T21:55:47.9997269+02:00","522,589","TinyPedal","False","","0","0","0","0","0","0","0","0","0","0","0","0","0","0","0","0","0"
"2026-09-02T21:55:49.0368267+02:00","523,617","BlackRack Overlay","True","24520","8","3,005","1470,76","1290,05","29,41","46,65","215,86","973,1","22,11","2,93","2","920,52","268","15183","0","0","137,79"
"2026-09-02T21:55:49.0393369+02:00","523,628","TinyPedal","False","","0","0","0","0","0","0","0","0","0","0","0","0","0","0","0","0","0"
"2026-09-02T21:55:50.0346323+02:00","524,612","BlackRack Overlay","True","24520","8","2,454","1471,62","1290,62","29,07","47,19","214,43","974,89","22,11","2,93","2","922,2","267","15240","0","0","136,68"
"2026-09-02T21:55:50.0366421+02:00","524,625","TinyPedal","False","","0","0","0","0","0","0","0","0","0","0","0","0","0","0","0","0","0"
"2026-09-02T21:55:51.0375880+02:00","525,617","BlackRack Overlay","True","24520","8","2,234","1465,49","1283,65","29,12","47,25","213,64","968,63","22,09","2,93","2","915,92","267","15276","0","0","137,59"
"2026-09-02T21:55:51.0405996+02:00","525,629","TinyPedal","False","","0","0","0","0","0","0","0","0","0","0","0","0","0","0","0","0","0"
"2026-09-02T21:55:52.0488871+02:00","526,625","BlackRack Overlay","True","24520","8","2,423","1466,74","1281,3","29,16","47,25","209,05","970,83","22,09","2,93","2","918,11","267","15333","0","0","137,88"
"2026-09-02T21:55:52.0508855+02:00","526,64","TinyPedal","False","","0","0","0","0","0","0","0","0","0","0","0","0","0","0","0","0","0"
"2026-09-02T21:55:53.0736891+02:00","527,654","BlackRack Overlay","True","24520","8","2,656","1468,19","1282,6","29,16","46,6","209,36","972,46","22,09","2,93","2","919,74","267","15387","0","0","138,66"
"2026-09-02T21:55:53.0762127+02:00","527,665","TinyPedal","False","","0","0","0","0","0","0","0","0","0","0","0","0","0","0","0","0","0"
"2026-09-02T21:55:54.0710271+02:00","528,65","BlackRack Overlay","True","24520","8","1,961","1471,33","1285,89","29,21","47,13","210,54","973,99","22,09","2,93","2","921,29","267","15444","0","0","139,03"
"2026-09-02T21:55:54.0735368+02:00","528,662","TinyPedal","False","","0","0","0","0","0","0","0","0","0","0","0","0","0","0","0","0","0"
"2026-09-02T21:55:55.1052919+02:00","529,685","BlackRack Overlay","True","24520","8","2,454","1472,1","1286,88","29,16","47,21","210,35","975,1","22,14","2,93","2","922,36","267","15480","0","0","139,09"
"2026-09-02T21:55:55.1073347+02:00","529,696","TinyPedal","False","","0","0","0","0","0","0","0","0","0","0","0","0","0","0","0","0","0"
"2026-09-02T21:55:56.1021352+02:00","530,683","BlackRack Overlay","True","24520","8","2,837","1474,03","1288,77","29,16","47,21","210,33","977,02","22,14","2,93","2","924,26","267","15537","0","0","139"
"2026-09-02T21:55:56.1042995+02:00","530,693","TinyPedal","False","","0","0","0","0","0","0","0","0","0","0","0","0","0","0","0","0","0"
"2026-09-02T21:55:57.1193482+02:00","531,695","BlackRack Overlay","True","24520","8","2,894","1475,49","1290,1","29,16","46,61","210,23","979,04","22,14","2,93","2","926,27","267","15573","0","0","139"
"2026-09-02T21:55:57.1213464+02:00","531,711","TinyPedal","False","","0","0","0","0","0","0","0","0","0","0","0","0","0","0","0","0","0"
"2026-09-02T21:55:58.1189538+02:00","532,697","BlackRack Overlay","True","24520","8","2,924","1478,19","1292,84","29,34","47,18","210,24","981,02","22,14","2,93","2","928,34","267","15630","0","0","137,59"
"2026-09-02T21:55:58.1204520+02:00","532,709","TinyPedal","False","","0","0","0","0","0","0","0","0","0","0","0","0","0","0","0","0","0"
"2026-09-02T21:55:59.1400966+02:00","533,714","BlackRack Overlay","True","24520","8","2,401","1480,54","1297,55","30,13","47,21","212,45","982,69","22,14","2,93","2","929,96","270","15678","0","0","141"
"2026-09-02T21:55:59.1431102+02:00","533,732","TinyPedal","False","","0","0","0","0","0","0","0","0","0","0","0","0","0","0","0","0","0"
"2026-09-02T21:56:00.1525573+02:00","534,732","BlackRack Overlay","True","24520","8","4,605","1444,26","1258,85","29,95","47,21","212,62","944,01","22,14","2,93","2","891,03","267","15459","0","0","141,53"
"2026-09-02T21:56:00.1545558+02:00","534,743","TinyPedal","False","","0","0","0","0","0","0","0","0","0","0","0","0","0","0","0","0","0"
"2026-09-02T21:56:01.1704721+02:00","535,749","BlackRack Overlay","True","24520","8","2,593","1445,14","1259,74","29,95","47,06","212,75","944,91","22,14","2,93","2","891,93","267","15495","0","0","141,84"
"2026-09-02T21:56:01.1724720+02:00","535,761","TinyPedal","False","","0","0","0","0","0","0","0","0","0","0","0","0","0","0","0","0","0"
"2026-09-02T21:56:02.1935139+02:00","536,775","BlackRack Overlay","True","24520","8","3,428","1446,38","1261,05","30,01","47,35","212,87","945,76","22,14","2,93","2","892,78","267","15552","0","0","141,5"
"2026-09-02T21:56:02.1970438+02:00","536,786","TinyPedal","False","","0","0","0","0","0","0","0","0","0","0","0","0","0","0","0","0","0"
"2026-09-02T21:56:03.1972171+02:00","537,777","BlackRack Overlay","True","24520","8","2,73","1441,57","1255,72","30,01","47,39","212,83","940,43","22,14","2,93","2","887,46","267","15606","0","0","140,78"
"2026-09-02T21:56:03.1997172+02:00","537,788","TinyPedal","False","","0","0","0","0","0","0","0","0","0","0","0","0","0","0","0","0","0"
"2026-09-02T21:56:04.2068690+02:00","538,782","BlackRack Overlay","True","24520","8","2,526","1444,46","1258,3","30,05","47,59","213,3","942,29","22,14","2,93","2","889,32","267","15663","0","0","140,71"
"2026-09-02T21:56:04.2093687+02:00","538,798","TinyPedal","False","","0","0","0","0","0","0","0","0","0","0","0","0","0","0","0","0","0"
"2026-09-02T21:56:05.2031932+02:00","539,782","BlackRack Overlay","True","24520","8","3,125","1445,84","1259,85","29,95","46,98","213,19","944,67","22,14","2,93","2","891,7","267","15699","0","0","140,22"
"2026-09-02T21:56:05.2056976+02:00","539,795","TinyPedal","False","","0","0","0","0","0","0","0","0","0","0","0","0","0","0","0","0","0"
"2026-09-02T21:56:06.2218112+02:00","540,798","BlackRack Overlay","True","24520","8","2,981","1448,36","1262,61","29,95","47,07","213,05","947,51","22,11","2,93","2","894,54","267","15756","0","0","139,91"
"2026-09-02T21:56:06.2243102+02:00","540,813","TinyPedal","False","","0","0","0","0","0","0","0","0","0","0","0","0","0","0","0","0","0"
"2026-09-02T21:56:07.2345529+02:00","541,814","BlackRack Overlay","True","24520","8","3,458","1448,62","1267,34","30,01","47,12","216,97","948,21","22,11","2,93","2","895,28","267","15792","0","0","144,65"
"2026-09-02T21:56:07.2375634+02:00","541,826","TinyPedal","False","","0","0","0","0","0","0","0","0","0","0","0","0","0","0","0","0","0"
"2026-09-02T21:56:08.2512590+02:00","542,832","BlackRack Overlay","True","24520","8","2,783","1451,52","1270,86","30,01","47,18","218,65","949,99","22,11","2,93","2","897,03","267","15849","0","0","145,44"
"2026-09-02T21:56:08.2527590+02:00","542,842","TinyPedal","False","","0","0","0","0","0","0","0","0","0","0","0","0","0","0","0","0","0"
"2026-09-02T21:56:09.2720154+02:00","543,852","BlackRack Overlay","True","24520","8","2,969","1453,21","1272,46","30,23","46,98","218,64","951,57","22,12","2,93","2","898,57","270","15896","0","0","140,78"
"2026-09-02T21:56:09.2735137+02:00","543,862","TinyPedal","False","","0","0","0","0","0","0","0","0","0","0","0","0","0","0","0","0","0"
"2026-09-02T21:56:10.2834897+02:00","544,862","BlackRack Overlay","True","24520","8","2,803","1454,37","1273,54","30,02","47,08","218,2","953,2","22,12","2,93","2","900,19","267","15942","0","0","129,12"
"2026-09-02T21:56:10.2860156+02:00","544,875","TinyPedal","False","","0","0","0","0","0","0","0","0","0","0","0","0","0","0","0","0","0"
"2026-09-02T21:56:11.3080729+02:00","545,883","BlackRack Overlay","True","24520","8","3,251","1452,19","1266,33","30,02","47,08","212,73","951,45","22,12","2,93","2","898,57","267","15978","0","0","124,87"
"2026-09-02T21:56:11.3100830+02:00","545,899","TinyPedal","False","","0","0","0","0","0","0","0","0","0","0","0","0","0","0","0","0","0"
"2026-09-02T21:56:12.3133061+02:00","546,893","BlackRack Overlay","True","24520","8","3,096","1454,27","1256,45","30,01","47,45","200,42","953,54","22,12","2,93","2","900,57","267","16035","0","0","126,41"
"2026-09-02T21:56:12.3143071+02:00","546,904","TinyPedal","False","","0","0","0","0","0","0","0","0","0","0","0","0","0","0","0","0","0"
"2026-09-02T21:56:13.3024023+02:00","547,882","BlackRack Overlay","True","24520","8","4,839","1432,94","1234,9","30","46,75","199,51","933,61","22,12","2,93","2","880,62","267","15679","0","0","126,41"
"2026-09-02T21:56:13.3094121+02:00","547,898","TinyPedal","False","","0","0","0","0","0","0","0","0","0","0","0","0","0","0","0","0","0"
"2026-09-02T21:56:14.3156449+02:00","548,896","BlackRack Overlay","True","24520","8","2,31","1433,5","1231,7","30,01","46,86","195,15","934,63","22,12","2,93","2","881,65","267","15736","0","0","125,16"
"2026-09-02T21:56:14.3181646+02:00","548,907","TinyPedal","False","","0","0","0","0","0","0","0","0","0","0","0","0","0","0","0","0","0"
"2026-09-02T21:56:15.3201325+02:00","549,9","BlackRack Overlay","True","24520","8","2,628","1428,69","1226,8","30,01","46,87","195,16","929,73","22,12","2,93","2","876,84","267","15789","0","0","124,75"
"2026-09-02T21:56:15.3231399+02:00","549,912","TinyPedal","False","","0","0","0","0","0","0","0","0","0","0","0","0","0","0","0","0","0"
"2026-09-02T21:56:16.3242793+02:00","550,903","BlackRack Overlay","True","24520","8","3,212","1430,34","1228,23","30","46,91","195,19","931,1","22,12","2,93","2","878,13","267","15847","0","0","126,16"
"2026-09-02T21:56:16.3262938+02:00","550,915","TinyPedal","False","","0","0","0","0","0","0","0","0","0","0","0","0","0","0","0","0","0"
"2026-09-02T21:56:17.3298339+02:00","551,91","BlackRack Overlay","True","24520","8","2,715","1431,08","1228,23","30","46,79","194,02","932,38","22,12","2,93","2","879,4","267","15883","0","0","124,75"
"2026-09-02T21:56:17.3323322+02:00","551,921","TinyPedal","False","","0","0","0","0","0","0","0","0","0","0","0","0","0","0","0","0","0"
"2026-09-02T21:56:18.3413278+02:00","552,916","BlackRack Overlay","True","24520","8","3,009","1432,62","1229,86","30","46,87","194,17","933,78","22,12","2,93","2","880,8","267","15940","0","0","124,62"
"2026-09-02T21:56:18.3433325+02:00","552,932","TinyPedal","False","","0","0","0","0","0","0","0","0","0","0","0","0","0","0","0","0","0"
"2026-09-02T21:56:19.3497707+02:00","553,929","BlackRack Overlay","True","24520","8","3,665","1432,64","1229,96","30,21","46,92","193,91","933,88","22,12","2,93","2","880,9","270","15987","0","0","125,47"
"2026-09-02T21:56:19.3522838+02:00","553,941","TinyPedal","False","","0","0","0","0","0","0","0","0","0","0","0","0","0","0","0","0","0"
"2026-09-02T21:56:20.3649220+02:00","554,947","BlackRack Overlay","True","24520","8","2,686","1433,82","1232,2","29,34","47","195,34","935,39","22,2","2,93","2","882,42","267","16033","0","0","126,12"
"2026-09-02T21:56:20.3674305+02:00","554,956","TinyPedal","False","","0","0","0","0","0","0","0","0","0","0","0","0","0","0","0","0","0"
"2026-09-02T21:56:21.3775823+02:00","555,958","BlackRack Overlay","True","24520","8","1,642","1435,12","1233,88","29,39","46,83","195,39","937,14","22,2","2,93","2","883,92","267","16069","0","0","127,54"
"2026-09-02T21:56:21.3800813+02:00","555,969","TinyPedal","False","","0","0","0","0","0","0","0","0","0","0","0","0","0","0","0","0","0"
"2026-09-02T21:56:22.3923425+02:00","556,974","BlackRack Overlay","True","24520","8","2,5","1436,94","1235,8","29,4","46,86","195,59","938,83","22,2","2,93","2","885,61","267","16126","0","0","127,54"
"2026-09-02T21:56:22.3938436+02:00","556,983","TinyPedal","False","","0","0","0","0","0","0","0","0","0","0","0","0","0","0","0","0","0"
"2026-09-02T21:56:23.4099041+02:00","557,985","BlackRack Overlay","True","24520","8","2,027","1438,21","1237,12","29,48","46,86","195,49","940,16","22,2","2,93","2","886,91","267","16162","0","0","126,25"
"2026-09-02T21:56:23.4119221+02:00","558,001","TinyPedal","False","","0","0","0","0","0","0","0","0","0","0","0","0","0","0","0","0","0"
"2026-09-02T21:56:24.4382658+02:00","559,017","BlackRack Overlay","True","24520","8","2,556","1442,3","1241,29","29,49","46,87","196,5","943,38","22,16","2,89","2","890,14","263","16219","0","0","126,34"
"2026-09-02T21:56:24.4397736+02:00","559,029","TinyPedal","False","","0","0","0","0","0","0","0","0","0","0","0","0","0","0","0","0","0"
"2026-09-02T21:56:25.4373274+02:00","560,013","BlackRack Overlay","True","24520","8","2,451","1444,27","1243,07","29,5","46,93","196,25","945,31","22,16","2,93","2","892,08","266","16255","0","0","125,81"
"2026-09-02T21:56:25.4383274+02:00","560,028","TinyPedal","False","","0","0","0","0","0","0","0","0","0","0","0","0","0","0","0","0","0"
"2026-09-02T21:56:26.4479127+02:00","561,028","BlackRack Overlay","True","24520","8","5,482","1409,71","1208,62","29,5","47,01","196,27","910,77","22,16","2,93","2","857,54","266","15936","0","0","125,69"
"2026-09-02T21:56:26.4499184+02:00","561,039","TinyPedal","False","","0","0","0","0","0","0","0","0","0","0","0","0","0","0","0","0","0"
"2026-09-02T21:56:27.4628619+02:00","562,043","BlackRack Overlay","True","24520","8","2,503","1411,61","1210,36","29,49","47,07","195,86","912,86","22,16","2,93","2","859,63","266","15972","0","0","125,38"
"2026-09-02T21:56:27.4648639+02:00","562,054","TinyPedal","False","","0","0","0","0","0","0","0","0","0","0","0","0","0","0","0","0","0"
"2026-09-02T21:56:28.4875634+02:00","563,066","BlackRack Overlay","True","24520","8","2,385","1412,83","1211,5","29,49","47,07","195,78","914,08","22,16","2,93","2","860,84","266","16029","0","0","125,12"
"2026-09-02T21:56:28.4905664+02:00","563,079","TinyPedal","False","","0","0","0","0","0","0","0","0","0","0","0","0","0","0","0","0","0"
"2026-09-02T21:56:29.4799220+02:00","564,06","BlackRack Overlay","True","24520","8","2,457","1413,13","1212,17","29,98","46,86","194,66","915,59","22,16","2,93","2","862,14","266","16065","0","0","126,12"
"2026-09-02T21:56:29.4824212+02:00","564,071","TinyPedal","False","","0","0","0","0","0","0","0","0","0","0","0","0","0","0","0","0","0"
"2026-09-02T21:56:30.5004058+02:00","565,077","BlackRack Overlay","True","24520","8","2,783","1411,05","1213,34","29,19","46,95","197,46","914,66","22,16","2,93","2","861,18","266","16124","0","0","126,71"
"2026-09-02T21:56:30.5034148+02:00","565,092","TinyPedal","False","","0","0","0","0","0","0","0","0","0","0","0","0","0","0","0","0","0"
"2026-09-02T21:56:31.5269313+02:00","566,107","BlackRack Overlay","True","24520","8","2,087","1414,54","1217,61","29,23","46,96","198,96","917,37","22,16","2,93","2","863,38","266","16160","0","0","129,09"
"2026-09-02T21:56:31.5294402+02:00","566,118","TinyPedal","False","","0","0","0","0","0","0","0","0","0","0","0","0","0","0","0","0","0"
"2026-09-02T21:56:32.5287421+02:00","567,104","BlackRack Overlay","True","24520","8","1,763","1416,49","1219,54","29,34","46,96","198,96","919,2","22,16","2,93","2","865,21","266","16217","0","0","128,59"
"2026-09-02T21:56:32.5302406+02:00","567,119","TinyPedal","False","","0","0","0","0","0","0","0","0","0","0","0","0","0","0","0","0","0"
"2026-09-02T21:56:33.5423957+02:00","568,121","BlackRack Overlay","True","24520","8","1,633","1417,82","1220,69","29,34","46,88","198,79","920,61","22,16","2,93","2","866,73","266","16253","0","0","125,65"
"2026-09-02T21:56:33.5443964+02:00","568,133","TinyPedal","False","","0","0","0","0","0","0","0","0","0","0","0","0","0","0","0","0","0"
"2026-09-02T21:56:34.5521052+02:00","569,133","BlackRack Overlay","True","24520","8","2,122","1418,26","1220,93","29,26","46,75","198,71","921,33","22,03","2,84","2","867,29","250","16306","0","0","125,69"
"2026-09-02T21:56:34.5546125+02:00","569,143","TinyPedal","False","","0","0","0","0","0","0","0","0","0","0","0","0","0","0","0","0","0"
"2026-09-02T21:56:35.5730796+02:00","570,152","BlackRack Overlay","True","24520","8","2,013","1420,77","1226,79","29,25","46,78","202,21","923,65","22,07","2,84","2","869,66","251","16342","0","0","131,05"
"2026-09-02T21:56:35.5755933+02:00","570,164","TinyPedal","False","","0","0","0","0","0","0","0","0","0","0","0","0","0","0","0","0","0"
"2026-09-02T21:56:36.5627382+02:00","571,143","BlackRack Overlay","True","24520","8","3,251","1422,38","1228,36","29,36","46,82","202,1","925,19","22,07","2,84","2","871,2","251","16399","0","0","129,16"
"2026-09-02T21:56:36.5652369+02:00","571,154","TinyPedal","False","","0","0","0","0","0","0","0","0","0","0","0","0","0","0","0","0","0"
"2026-09-02T21:56:37.5703632+02:00","572,148","BlackRack Overlay","True","24520","8","2,138","1423,87","1229,87","29,36","46,71","201,96","926,95","22,07","2,84","2","872,93","251","16435","0","0","130,29"
"2026-09-02T21:56:37.5723667+02:00","572,161","TinyPedal","False","","0","0","0","0","0","0","0","0","0","0","0","0","0","0","0","0","0"
"2026-09-02T21:56:38.5866871+02:00","573,161","BlackRack Overlay","True","24520","8","3,278","1426,32","1231,15","29,36","46,76","202","928,18","22,02","2,84","2","874,18","251","16510","0","0","127,26"
"2026-09-02T21:56:38.5902004+02:00","573,179","TinyPedal","False","","0","0","0","0","0","0","0","0","0","0","0","0","0","0","0","0","0"
"2026-09-02T21:56:39.5827078+02:00","574,158","BlackRack Overlay","True","24520","8","5,68","1410,54","1213,59","30,03","46,85","200,22","911,62","22,03","2,84","2","858,62","254","16178","0","0","127,63"
"2026-09-02T21:56:39.5847074+02:00","574,174","TinyPedal","False","","0","0","0","0","0","0","0","0","0","0","0","0","0","0","0","0","0"
"2026-09-02T21:56:40.5876117+02:00","575,168","BlackRack Overlay","True","24520","8","2,708","1411,68","1214,47","29,92","46,93","200,23","912,52","22,03","2,84","2","859,52","251","16223","0","0","131,13"
"2026-09-02T21:56:40.5901236+02:00","575,179","TinyPedal","False","","0","0","0","0","0","0","0","0","0","0","0","0","0","0","0","0","0"
"2026-09-02T21:56:41.6001795+02:00","576,182","BlackRack Overlay","True","24520","8","2,794","1412,16","1214,91","29,95","46,73","199,96","913,42","22,03","2,84","2","860,42","251","16257","0","0","128,84"
"2026-09-02T21:56:41.6031887+02:00","576,192","TinyPedal","False","","0","0","0","0","0","0","0","0","0","0","0","0","0","0","0","0","0"
"2026-09-02T21:56:42.6089578+02:00","577,19","BlackRack Overlay","True","24520","8","4,067","1406,46","1209,02","29,93","46,75","199,81","907,67","22,03","2,84","2","854,71","251","16314","0","0","126,5"
"2026-09-02T21:56:42.6104593+02:00","577,2","TinyPedal","False","","0","0","0","0","0","0","0","0","0","0","0","0","0","0","0","0","0"
"2026-09-02T21:56:43.6162667+02:00","578,197","BlackRack Overlay","True","24520","8","3,105","1408,07","1209,71","29,93","46,75","198,76","909,41","22,03","2,84","2","856,41","251","16350","0","0","126,5"
"2026-09-02T21:56:43.6187708+02:00","578,207","TinyPedal","False","","0","0","0","0","0","0","0","0","0","0","0","0","0","0","0","0","0"
"2026-09-02T21:56:44.6398908+02:00","579,217","BlackRack Overlay","True","24520","8","2,296","1410,38","1212,05","29,95","46,75","198,5","912","22,03","2,84","2","857,99","251","16407","0","0","126,5"
"2026-09-02T21:56:44.6419017+02:00","579,231","TinyPedal","False","","0","0","0","0","0","0","0","0","0","0","0","0","0","0","0","0","0"
"2026-09-02T21:56:45.6522485+02:00","580,231","BlackRack Overlay","True","24520","8","3,179","1412,75","1212,18","29,95","46,73","197,08","913,56","22,03","2,84","2","859,55","251","16443","0","0","126,25"
"2026-09-02T21:56:45.6542471+02:00","580,243","TinyPedal","False","","0","0","0","0","0","0","0","0","0","0","0","0","0","0","0","0","0"
"2026-09-02T21:56:46.6632634+02:00","581,245","BlackRack Overlay","True","24520","8","2,89","1412,4","1211,96","29,95","46,74","196,63","913,78","22,03","2,84","2","859,77","251","16500","0","0","126,79"
"2026-09-02T21:56:46.6702859+02:00","581,259","TinyPedal","False","","0","0","0","0","0","0","0","0","0","0","0","0","0","0","0","0","0"
"2026-09-02T21:56:47.6801860+02:00","582,261","BlackRack Overlay","True","24520","8","1,921","1414,12","1213,57","29,93","46,74","196,22","915,82","22,03","2,84","2","861,86","251","16536","0","0","124,43"
"2026-09-02T21:56:47.6831920+02:00","582,272","TinyPedal","False","","0","0","0","0","0","0","0","0","0","0","0","0","0","0","0","0","0"
"2026-09-02T21:56:48.6864706+02:00","583,267","BlackRack Overlay","True","24520","8","2,913","1415,66","1214,78","29,93","46,74","195,84","917,41","22,03","2,84","2","863,41","251","16593","0","0","125,18"
"2026-09-02T21:56:48.6889696+02:00","583,278","TinyPedal","False","","0","0","0","0","0","0","0","0","0","0","0","0","0","0","0","0","0"
"2026-09-02T21:56:49.7067224+02:00","584,286","BlackRack Overlay","True","24520","8","2,395","1417,83","1216,71","29,94","46,71","195,81","919,38","22,03","2,84","2","865,35","251","16647","0","0","125,69"
"2026-09-02T21:56:49.7087269+02:00","584,298","TinyPedal","False","","0","0","0","0","0","0","0","0","0","0","0","0","0","0","0","0","0"
"2026-09-02T21:56:50.7083783+02:00","585,287","BlackRack Overlay","True","24520","8","2,439","1419,52","1219,96","29,92","47,04","197,77","920,36","22,04","2,84","2","866,3","251","16704","0","0","128,61"
"2026-09-02T21:56:50.7103903+02:00","585,3","TinyPedal","False","","0","0","0","0","0","0","0","0","0","0","0","0","0","0","0","0","0"
"2026-09-02T21:56:51.7275844+02:00","586,303","BlackRack Overlay","True","24520","8","4,998","1396,54","1197,48","29,92","47,08","197,73","897,87","22,04","2,84","2","843,64","251","16350","0","0","122,47"
"2026-09-02T21:56:51.7300937+02:00","586,319","TinyPedal","False","","0","0","0","0","0","0","0","0","0","0","0","0","0","0","0","0","0"
"2026-09-02T21:56:52.7319414+02:00","587,313","BlackRack Overlay","True","24520","8","2,515","1397,55","1198,56","29,93","47,08","197,67","899","22,04","2,84","2","844,75","251","16407","0","0","125,45"
"2026-09-02T21:56:52.7334414+02:00","587,322","TinyPedal","False","","0","0","0","0","0","0","0","0","0","0","0","0","0","0","0","0","0"
"2026-09-02T21:56:53.7483321+02:00","588,328","BlackRack Overlay","True","24520","8","2,212","1398,12","1199,3","29,94","46,63","197,67","900,19","22,04","2,84","2","845,93","251","16443","0","0","125,07"
"2026-09-02T21:56:53.7508390+02:00","588,34","TinyPedal","False","","0","0","0","0","0","0","0","0","0","0","0","0","0","0","0","0","0"
"2026-09-02T21:56:54.7530215+02:00","589,334","BlackRack Overlay","True","24520","8","2,913","1392,69","1192,24","29,93","46,65","195,62","895,17","22,04","2,84","2","840,91","251","16500","0","0","126,07"
"2026-09-02T21:56:54.7550306+02:00","589,344","TinyPedal","False","","0","0","0","0","0","0","0","0","0","0","0","0","0","0","0","0","0"
"2026-09-02T21:56:55.7588385+02:00","590,339","BlackRack Overlay","True","24520","8","2,914","1394,72","1194,09","29,93","46,72","196,18","896,39","22,04","2,84","2","842,24","251","16536","0","0","125,88"
"2026-09-02T21:56:55.7613516+02:00","590,35","TinyPedal","False","","0","0","0","0","0","0","0","0","0","0","0","0","0","0","0","0","0"
"2026-09-02T21:56:56.7807244+02:00","591,359","BlackRack Overlay","True","24520","8","2,203","1395,54","1194,79","29,94","46,72","195,54","897,71","22,04","2,84","2","843,46","251","16593","0","0","124,82"
"2026-09-02T21:56:56.7827383+02:00","591,371","TinyPedal","False","","0","0","0","0","0","0","0","0","0","0","0","0","0","0","0","0","0"
"2026-09-02T21:56:57.7906386+02:00","592,371","BlackRack Overlay","True","24520","8","2,412","1396,77","1196,4","29,94","46,61","195,82","899,16","22,04","2,84","2","844,9","251","16629","0","0","124"
"2026-09-02T21:56:57.7931355+02:00","592,382","TinyPedal","False","","0","0","0","0","0","0","0","0","0","0","0","0","0","0","0","0","0"
"2026-09-02T21:56:58.8004973+02:00","593,377","BlackRack Overlay","True","24520","8","2,136","1395,9","1197,95","29,94","46,62","196,82","899,7","22,04","2,84","2","845,44","251","16686","0","0","124,94"
"2026-09-02T21:56:58.8020005+02:00","593,391","TinyPedal","False","","0","0","0","0","0","0","0","0","0","0","0","0","0","0","0","0","0"
"2026-09-02T21:56:59.8105844+02:00","594,389","BlackRack Overlay","True","24520","8","1,832","1397,25","1199,62","29,94","46,66","196,82","901,32","22,04","2,84","2","846,81","251","16722","0","0","126,44"
"2026-09-02T21:56:59.8135904+02:00","594,403","TinyPedal","False","","0","0","0","0","0","0","0","0","0","0","0","0","0","0","0","0","0"
"2026-09-02T21:57:00.8229281+02:00","595,402","BlackRack Overlay","True","24520","8","2,893","1398,39","1200,64","29,94","46,71","195,93","903,19","22,04","2,84","2","848,45","251","16779","0","0","126,19"
"2026-09-02T21:57:00.8249377+02:00","595,414","TinyPedal","False","","0","0","0","0","0","0","0","0","0","0","0","0","0","0","0","0","0"
"2026-09-02T21:57:01.8287136+02:00","596,409","BlackRack Overlay","True","24520","8","2,814","1399,68","1202,09","29,95","46,6","195,91","904,75","22,04","2,84","2","849,99","251","16833","0","0","124,25"
"2026-09-02T21:57:01.8317207+02:00","596,42","TinyPedal","False","","0","0","0","0","0","0","0","0","0","0","0","0","0","0","0","0","0"
"2026-09-02T21:57:02.8431536+02:00","597,424","BlackRack Overlay","True","24520","8","2,983","1400,32","1202,89","29,94","46,62","195,38","906,08","22,04","2,84","2","851,3","251","16890","0","0","124,22"
"2026-09-02T21:57:02.8461613+02:00","597,435","TinyPedal","False","","0","0","0","0","0","0","0","0","0","0","0","0","0","0","0","0","0"
"2026-09-02T21:57:03.8598138+02:00","598,436","BlackRack Overlay","True","24520","8","2,218","1401,99","1203,51","29,94","46,68","194,01","908","22,04","2,84","2","853,21","251","16926","0","0","121,94"
"2026-09-02T21:57:03.8622316+02:00","598,451","TinyPedal","False","","0","0","0","0","0","0","0","0","0","0","0","0","0","0","0","0","0"
"2026-09-02T21:57:04.8735523+02:00","599,452","BlackRack Overlay","True","24520","8","6,152","1388,23","1187,73","29,94","46,69","193,69","892,54","22,04","2,84","2","837,82","251","16601","0","0","124,72"
"2026-09-02T21:57:04.8755576+02:00","599,465","TinyPedal","False","","0","0","0","0","0","0","0","0","0","0","0","0","0","0","0","0","0"
"2026-09-02T21:57:05.8932944+02:00","600,469","BlackRack Overlay","True","24520","8","1,921","1388,9","1188,35","29,93","46,61","193,98","892,97","22,04","2,84","2","838,2","251","16637","0","0","123,85"
"2026-09-02T21:57:05.8958054+02:00","600,485","TinyPedal","False","","0","0","0","0","0","0","0","0","0","0","0","0","0","0","0","0","0"
"2026-09-02T21:57:06.9029011+02:00","601,483","BlackRack Overlay","True","24520","8","2,696","1385,39","1184,82","29,93","46,62","193,83","889,57","22,04","2,84","2","834,81","251","16694","0","0","123,6"
"2026-09-02T21:57:06.9048993+02:00","601,494","TinyPedal","False","","0","0","0","0","0","0","0","0","0","0","0","0","0","0","0","0","0"
"2026-09-02T21:57:07.9152562+02:00","602,497","BlackRack Overlay","True","24520","8","2,311","1386,47","1186,05","29,93","46,62","193,83","890,8","22,04","2,84","2","836,04","251","16730","0","0","123,25"
"2026-09-02T21:57:07.9182667+02:00","602,507","TinyPedal","False","","0","0","0","0","0","0","0","0","0","0","0","0","0","0","0","0","0"
"2026-09-02T21:57:08.9477002+02:00","603,528","BlackRack Overlay","True","24520","8","3,033","1387,46","1187,09","29,94","46,62","193,59","892,07","22,04","2,84","2","837,3","251","16787","0","0","122,44"
"2026-09-02T21:57:08.9487048+02:00","603,538","TinyPedal","False","","0","0","0","0","0","0","0","0","0","0","0","0","0","0","0","0","0"
"2026-09-02T21:57:09.9508106+02:00","604,53","BlackRack Overlay","True","24520","8","2,144","1388,56","1190,45","29,94","46,61","195,48","893,55","22,04","2,84","2","838,57","251","16823","0","0","127,29"
"2026-09-02T21:57:09.9533144+02:00","604,542","TinyPedal","False","","0","0","0","0","0","0","0","0","0","0","0","0","0","0","0","0","0"
"2026-09-02T21:57:10.9699683+02:00","605,547","BlackRack Overlay","True","24520","8","2,689","1389,68","1192,94","29,93","46,81","196,45","894,82","22,1","2,84","2","839,8","251","16880","0","0","125,7"
"2026-09-02T21:57:10.9719781+02:00","605,561","TinyPedal","False","","0","0","0","0","0","0","0","0","0","0","0","0","0","0","0","0","0"
"2026-09-02T21:57:11.9810489+02:00","606,56","BlackRack Overlay","True","24520","8","2,12","1391,43","1194,74","29,93","46,89","196,33","896,66","22,1","2,84","2","841,63","251","16934","0","0","124,13"
"2026-09-02T21:57:11.9835581+02:00","606,572","TinyPedal","False","","0","0","0","0","0","0","0","0","0","0","0","0","0","0","0","0","0"
"2026-09-02T21:57:13.0010680+02:00","607,575","BlackRack Overlay","True","24520","8","2,309","1376,71","1180,29","29,93","46,89","196,23","882,31","22,1","2,84","2","827,28","251","16991","0","0","123,5"
"2026-09-02T21:57:13.0035725+02:00","607,592","TinyPedal","False","","0","0","0","0","0","0","0","0","0","0","0","0","0","0","0","0","0"
"2026-09-02T21:57:14.0097029+02:00","608,59","BlackRack Overlay","True","24520","8","2,405","1379,93","1181,62","29,93","46,69","194,23","885,84","22,1","2,84","2","830,84","251","17027","0","0","124,72"
"2026-09-02T21:57:14.0127126+02:00","608,601","TinyPedal","False","","0","0","0","0","0","0","0","0","0","0","0","0","0","0","0","0","0"
"2026-09-02T21:57:15.0271923+02:00","609,606","BlackRack Overlay","True","24520","8","3,173","1379,41","1180,96","29,93","46,71","193,54","885,85","22,11","2,84","2","830,54","251","17084","0","0","124,57"
"2026-09-02T21:57:15.0296953+02:00","609,619","TinyPedal","False","","0","0","0","0","0","0","0","0","0","0","0","0","0","0","0","0","0"
"2026-09-02T21:57:16.0449771+02:00","610,625","BlackRack Overlay","True","24520","8","2,684","1380,93","1184,7","29,93","46,71","195,55","887,57","22,11","2,84","2","832,26","251","17120","0","0","125,57"
"2026-09-02T21:57:16.0470011+02:00","610,636","TinyPedal","False","","0","0","0","0","0","0","0","0","0","0","0","0","0","0","0","0","0"
"2026-09-02T21:57:17.0599731+02:00","611,64","BlackRack Overlay","True","24520","8","2,5","1382,98","1186,78","29,93","46,82","195,48","889,6","22,11","2,84","2","834,28","251","17178","0","0","125,5"
"2026-09-02T21:57:17.0624729+02:00","611,651","TinyPedal","False","","0","0","0","0","0","0","0","0","0","0","0","0","0","0","0","0","0"
"2026-09-02T21:57:18.0854270+02:00","612,661","BlackRack Overlay","True","24520","8","4,498","1376,14","1178,44","29,93","46,73","195,7","881,13","22,11","2,84","2","825,9","251","16827","0","0","124,94"
"2026-09-02T21:57:18.0884437+02:00","612,677","TinyPedal","False","","0","0","0","0","0","0","0","0","0","0","0","0","0","0","0","0","0"
"2026-09-02T21:57:19.0878282+02:00","613,668","BlackRack Overlay","True","24520","8","3,685","1372,03","1174,45","29,93","46,74","195,96","876,88","22,11","2,84","2","821,57","251","16880","0","0","126,5"
"2026-09-02T21:57:19.0898598+02:00","613,679","TinyPedal","False","","0","0","0","0","0","0","0","0","0","0","0","0","0","0","0","0","0"
"2026-09-02T21:57:20.1054803+02:00","614,682","BlackRack Overlay","True","24520","8","2,695","1373,22","1177,45","29,93","46,78","197,79","878,01","22,11","2,84","2","822,7","251","16920","0","0","127,32"
"2026-09-02T21:57:20.1079903+02:00","614,697","TinyPedal","False","","0","0","0","0","0","0","0","0","0","0","0","0","0","0","0","0","0"
"2026-09-02T21:57:21.1184630+02:00","615,697","BlackRack Overlay","True","24520","8","2,886","1373,51","1178,07","29,88","46,23","197,81","879,22","22,11","2,84","2","823,89","251","16973","0","0","129,38"
"2026-09-02T21:57:21.1209654+02:00","615,71","TinyPedal","False","","0","0","0","0","0","0","0","0","0","0","0","0","0","0","0","0","0"
"2026-09-02T21:57:22.1156233+02:00","616,697","BlackRack Overlay","True","24520","8","1,856","1375,38","1180,1","29,93","46,71","197,87","880,64","22,11","2,84","2","825,07","251","17013","0","0","125,69"
"2026-09-02T21:57:22.1181338+02:00","616,707","TinyPedal","False","","0","0","0","0","0","0","0","0","0","0","0","0","0","0","0","0","0"
"2026-09-02T21:57:23.1408453+02:00","617,721","BlackRack Overlay","True","24520","8","2,67","1374,25","1179,3","29,93","46,84","197,83","879,75","22,11","2,84","2","824,17","251","17084","0","0","123,88"
"2026-09-02T21:57:23.1438557+02:00","617,732","TinyPedal","False","","0","0","0","0","0","0","0","0","0","0","0","0","0","0","0","0","0"
"2026-09-02T21:57:24.1271950+02:00","618,707","BlackRack Overlay","True","24520","8","2,873","1375,7","1185","29,93","46,9","201,9","881,41","22,07","2,8","2","825,83","248","17109","0","0","126,57"
"2026-09-02T21:57:24.1296977+02:00","618,718","TinyPedal","False","","0","0","0","0","0","0","0","0","0","0","0","0","0","0","0","0","0"
"2026-09-02T21:57:25.1383306+02:00","619,711","BlackRack Overlay","True","24520","8","2,238","1376,12","1185,43","29,93","46,23","201,63","882,73","22,07","2,84","2","827,18","249","17177","0","0","126,5"
"2026-09-02T21:57:25.1403494+02:00","619,729","TinyPedal","False","","0","0","0","0","0","0","0","0","0","0","0","0","0","0","0","0","0"
"2026-09-02T21:57:26.1658301+02:00","620,746","BlackRack Overlay","True","24520","8","1,981","1373,86","1183,44","29,93","46,79","202,81","879,01","22,06","2,84","2","823,43","250","17217","0","0","123,44"
"2026-09-02T21:57:26.1683440+02:00","620,757","TinyPedal","False","","0","0","0","0","0","0","0","0","0","0","0","0","0","0","0","0","0"
"2026-09-02T21:57:27.1632832+02:00","621,743","BlackRack Overlay","True","24520","8","2,35","1378,65","1185,75","29,93","46,79","200,11","884,02","22,07","2,84","2","828,43","250","17270","0","0","124,88"
"2026-09-02T21:57:27.1707883+02:00","621,759","TinyPedal","False","","0","0","0","0","0","0","0","0","0","0","0","0","0","0","0","0","0"
"2026-09-02T21:57:28.1770153+02:00","622,757","BlackRack Overlay","True","24520","8","4,912","1374,55","1179,69","29,93","46,85","199,61","878,4","22,07","2,84","2","822,82","250","16930","0","0","124,63"
"2026-09-02T21:57:28.1795188+02:00","622,768","TinyPedal","False","","0","0","0","0","0","0","0","0","0","0","0","0","0","0","0","0","0"
"2026-09-02T21:57:29.1883864+02:00","623,769","BlackRack Overlay","True","24520","8","3,187","1374,57","1175,73","30,55","46,57","194,74","878,95","22,07","2,84","2","823,11","253","16994","0","0","124,54"
"2026-09-02T21:57:29.1903989+02:00","623,779","TinyPedal","False","","0","0","0","0","0","0","0","0","0","0","0","0","0","0","0","0","0"
"2026-09-02T21:57:30.1992595+02:00","624,781","BlackRack Overlay","True","24520","8","2,219","1375,23","1176,2","30,35","46,79","194,59","879,55","22,07","2,84","2","823,71","250","17021","0","0","123,35"
"2026-09-02T21:57:30.2017656+02:00","624,791","TinyPedal","False","","0","0","0","0","0","0","0","0","0","0","0","0","0","0","0","0","0"
"2026-09-02T21:57:31.2146113+02:00","625,794","BlackRack Overlay","True","24520","8","2,41","1371,43","1172,49","30,35","46,83","194,49","875,91","22,07","2,84","2","819,82","250","17076","0","0","122,44"
"2026-09-02T21:57:31.2166262+02:00","625,806","TinyPedal","False","","0","0","0","0","0","0","0","0","0","0","0","0","0","0","0","0","0"
"2026-09-02T21:57:32.2224669+02:00","626,798","BlackRack Overlay","True","24520","8","2,236","1372,56","1173,81","30,35","46,83","194,59","877,13","22,07","2,84","2","821,08","250","17116","0","0","121,88"
"2026-09-02T21:57:32.2249669+02:00","626,814","TinyPedal","False","","0","0","0","0","0","0","0","0","0","0","0","0","0","0","0","0","0"
"2026-09-02T21:57:33.2296513+02:00","627,809","BlackRack Overlay","True","24520","8","2,705","1373,04","1174,2","30,37","46,66","193,9","878,36","22,07","2,84","2","822,28","250","17169","0","0","120,75"
"2026-09-02T21:57:33.2321547+02:00","627,821","TinyPedal","False","","0","0","0","0","0","0","0","0","0","0","0","0","0","0","0","0","0"
"2026-09-02T21:57:34.2356947+02:00","628,815","BlackRack Overlay","True","24520","8","3,008","1369,65","1170,74","30,35","46,77","193,89","874,82","22,07","2,84","2","818,74","250","17209","0","0","121,75"
"2026-09-02T21:57:34.2387013+02:00","628,828","TinyPedal","False","","0","0","0","0","0","0","0","0","0","0","0","0","0","0","0","0","0"
"2026-09-02T21:57:35.2469172+02:00","629,827","BlackRack Overlay","True","24520","8","3,572","1369,93","1171,13","30,36","46,77","193,23","875,86","22,07","2,84","2","819,77","250","17280","0","0","121,75"
"2026-09-02T21:57:35.2484328+02:00","629,838","TinyPedal","False","","0","0","0","0","0","0","0","0","0","0","0","0","0","0","0","0","0"
"2026-09-02T21:57:36.2655496+02:00","630,845","BlackRack Overlay","True","24520","8","2,111","1372,36","1170,7","29,44","46,78","190,61","878,95","22,07","2,84","2","822,94","250","17337","0","0","121,75"
"2026-09-02T21:57:36.2675581+02:00","630,856","TinyPedal","False","","0","0","0","0","0","0","0","0","0","0","0","0","0","0","0","0","0"
"2026-09-02T21:57:37.2901558+02:00","631,864","BlackRack Overlay","True","24520","8","4,886","1373,44","1171,19","29,5","46,71","190,28","879,78","22,07","2,84","2","823,7","250","17076","0","0","121,75"
"2026-09-02T21:57:37.2936620+02:00","631,882","TinyPedal","False","","0","0","0","0","0","0","0","0","0","0","0","0","0","0","0","0","0"
"2026-09-02T21:57:38.2958940+02:00","632,876","BlackRack Overlay","True","24520","8","2,316","1373,23","1171,73","30,31","46,79","189,76","879,96","22,07","2,84","2","823,88","250","17133","0","0","121,85"
"2026-09-02T21:57:38.2979041+02:00","632,887","TinyPedal","False","","0","0","0","0","0","0","0","0","0","0","0","0","0","0","0","0","0"
"2026-09-02T21:57:39.3181386+02:00","633,893","BlackRack Overlay","True","24520","8","1,632","1368,84","1170,11","30,52","46,79","193,52","874,36","22,07","2,84","2","819,02","253","17180","0","0","124,97"
"2026-09-02T21:57:39.3206583+02:00","633,909","TinyPedal","False","","0","0","0","0","0","0","0","0","0","0","0","0","0","0","0","0","0"
"2026-09-02T21:57:40.3277505+02:00","634,906","BlackRack Overlay","True","24520","8","2,219","1369,85","1171,15","30,35","46,79","193,52","875,57","22,07","2,84","2","820,23","250","17226","0","0","124,97"
"2026-09-02T21:57:40.3302610+02:00","634,919","TinyPedal","False","","0","0","0","0","0","0","0","0","0","0","0","0","0","0","0","0","0"
"2026-09-02T21:57:41.3381994+02:00","635,919","BlackRack Overlay","True","24520","8","2,216","1370,57","1173,68","30,33","46,62","195,04","876,77","22,07","2,84","2","821,43","249","17258","0","0","124,72"
"2026-09-02T21:57:41.3407039+02:00","635,929","TinyPedal","False","","0","0","0","0","0","0","0","0","0","0","0","0","0","0","0","0","0"
"2026-09-02T21:57:42.3650409+02:00","636,945","BlackRack Overlay","True","24520","8","2,76","1371,92","1175,24","30,35","46,79","195,23","877,95","22,07","2,84","2","822,61","249","17315","0","0","122,47"
"2026-09-02T21:57:42.3675546+02:00","636,956","TinyPedal","False","","0","0","0","0","0","0","0","0","0","0","0","0","0","0","0","0","0"
"2026-09-02T21:57:43.3624963+02:00","637,941","BlackRack Overlay","True","24520","8","3,433","1371,34","1175,1","30,33","46,79","195,32","877,73","22,07","2,84","2","822,39","249","17351","0","0","121,94"
"2026-09-02T21:57:43.3649971+02:00","637,954","TinyPedal","False","","0","0","0","0","0","0","0","0","0","0","0","0","0","0","0","0","0"
"2026-09-02T21:57:44.3767863+02:00","638,953","BlackRack Overlay","True","24520","8","2,99","1372,6","1176,43","30,33","46,83","195,27","879,08","22,07","2,84","2","823,73","249","17408","0","0","121,44"
"2026-09-02T21:57:44.3787990+02:00","638,967","TinyPedal","False","","0","0","0","0","0","0","0","0","0","0","0","0","0","0","0","0","0"
"2026-09-02T21:57:45.3919014+02:00","639,971","BlackRack Overlay","True","24520","8","2,399","1373,83","1174,57","30,35","46,67","191,99","880,64","22,07","2,84","2","825,21","249","17444","0","0","123,54"
"2026-09-02T21:57:45.3939030+02:00","639,983","TinyPedal","False","","0","0","0","0","0","0","0","0","0","0","0","0","0","0","0","0","0"
"2026-09-02T21:57:46.4241949+02:00","641,001","BlackRack Overlay","True","24520","8","2,276","1353,59","1154,72","30,34","46,75","192,02","860,7","22,07","2,84","2","804,45","249","17519","0","0","121,91"
"2026-09-02T21:57:46.4257022+02:00","641,015","TinyPedal","False","","0","0","0","0","0","0","0","0","0","0","0","0","0","0","0","0","0"
"2026-09-02T21:57:47.4141309+02:00","641,995","BlackRack Overlay","True","24520","8","2,358","1355,2","1156,64","30,35","46,75","192,86","861,77","22,07","2,84","2","805,5","249","17555","0","0","121,91"
"2026-09-02T21:57:47.4171405+02:00","642,006","TinyPedal","False","","0","0","0","0","0","0","0","0","0","0","0","0","0","0","0","0","0"
"2026-09-02T21:57:48.4113407+02:00","642,99","BlackRack Overlay","True","24520","8","4,905","1352,56","1156,17","30,34","46,79","194,47","859,66","22,07","2,84","2","803,4","249","17314","0","0","125,72"
"2026-09-02T21:57:48.4133455+02:00","643,002","TinyPedal","False","","0","0","0","0","0","0","0","0","0","0","0","0","0","0","0","0","0"
"2026-09-02T21:57:49.4282815+02:00","644,007","BlackRack Overlay","True","24520","8","2,976","1353,17","1156,77","30,55","46,7","194,59","860,02","22,07","2,84","2","803,76","252","17361","0","0","124,12"
"2026-09-02T21:57:49.4307921+02:00","644,02","TinyPedal","False","","0","0","0","0","0","0","0","0","0","0","0","0","0","0","0","0","0"
"2026-09-02T21:57:50.4278348+02:00","645,007","BlackRack Overlay","True","24520","8","2,637","1353,66","1157,15","30,34","46,8","194,59","860,52","22,07","2,84","2","804,31","249","17407","0","0","123,62"
"2026-09-02T21:57:50.4298345+02:00","645,018","TinyPedal","False","","0","0","0","0","0","0","0","0","0","0","0","0","0","0","0","0","0"
"2026-09-02T21:57:51.4356537+02:00","646,013","BlackRack Overlay","True","24520","8","3,011","1350,93","1154,58","30,34","46,8","194,59","857,94","22,07","2,84","2","801,45","249","17443","0","0","122,25"
"2026-09-02T21:57:51.4381655+02:00","646,027","TinyPedal","False","","0","0","0","0","0","0","0","0","0","0","0","0","0","0","0","0","0"
"2026-09-02T21:57:52.4462748+02:00","647,027","BlackRack Overlay","True","24520","8","2,407","1351,79","1155,42","30,34","46,8","194,18","859,19","22,07","2,84","2","802,69","249","17500","0","0","122,12"
"2026-09-02T21:57:52.4487813+02:00","647,037","TinyPedal","False","","0","0","0","0","0","0","0","0","0","0","0","0","0","0","0","0","0"
"2026-09-02T21:57:53.4538394+02:00","648,03","BlackRack Overlay","True","24520","8","2,822","1352,93","1156,29","30,34","46,77","193,78","860,49","22,07","2,84","2","803,99","249","17536","0","0","122,34"
"2026-09-02T21:57:53.4568637+02:00","648,046","TinyPedal","False","","0","0","0","0","0","0","0","0","0","0","0","0","0","0","0","0","0"
"2026-09-02T21:57:54.4647953+02:00","649,044","BlackRack Overlay","True","24520","8","2,987","1354,81","1157,01","30,34","46,8","192,52","862,43","22,07","2,84","2","806","249","17593","0","0","121,41"
"2026-09-02T21:57:54.4672984+02:00","649,056","TinyPedal","False","","0","0","0","0","0","0","0","0","0","0","0","0","0","0","0","0","0"
"2026-09-02T21:57:55.4753799+02:00","650,056","BlackRack Overlay","True","24520","8","1,929","1355,86","1157,84","30,34","46,86","191,87","863,87","22,07","2,84","2","807,37","249","17629","0","0","121,19"
"2026-09-02T21:57:55.4778869+02:00","650,067","TinyPedal","False","","0","0","0","0","0","0","0","0","0","0","0","0","0","0","0","0","0"
"2026-09-02T21:57:56.4957103+02:00","651,076","BlackRack Overlay","True","24520","8","1,82","1359,23","1161,32","30,34","46,86","192,84","866,37","22,07","2,84","2","809,88","249","17686","0","0","121,19"
"2026-09-02T21:57:56.4982281+02:00","651,087","TinyPedal","False","","0","0","0","0","0","0","0","0","0","0","0","0","0","0","0","0","0"
"2026-09-02T21:57:57.4996782+02:00","652,08","BlackRack Overlay","True","24520","8","3,307","1362,07","1164,63","30,34","46,78","194,43","868,17","22,07","2,84","2","811,68","249","17722","0","0","124,62"
"2026-09-02T21:57:57.5021842+02:00","652,091","TinyPedal","False","","0","0","0","0","0","0","0","0","0","0","0","0","0","0","0","0","0"
"2026-09-02T21:57:58.5317536+02:00","653,105","BlackRack Overlay","True","24520","8","4","1353,11","1154,63","30,37","46,8","194,73","857,84","22,07","2,84","2","800,98","249","17485","0","0","124,56"
"2026-09-02T21:57:58.5342535+02:00","653,123","TinyPedal","False","","0","0","0","0","0","0","0","0","0","0","0","0","0","0","0","0","0"
"2026-09-02T21:57:59.5373695+02:00","654,115","BlackRack Overlay","True","24520","8","3,386","1349,31","1150,78","30,37","46,8","194,75","853,95","22,07","2,84","2","796,9","249","17521","0","0","123,5"
"2026-09-02T21:57:59.5393757+02:00","654,128","TinyPedal","False","","0","0","0","0","0","0","0","0","0","0","0","0","0","0","0","0","0"
"2026-09-02T21:58:00.5218856+02:00","655,097","BlackRack Overlay","True","24520","8","2,783","1350,42","1152,05","30,44","46,8","194,79","855,12","22,07","2,84","2","798,06","250","17582","0","0","123,91"
"2026-09-02T21:58:00.5238834+02:00","655,113","TinyPedal","False","","0","0","0","0","0","0","0","0","0","0","0","0","0","0","0","0","0"
"2026-09-02T21:58:01.5184292+02:00","656,097","BlackRack Overlay","True","24520","8","2,05","1350,43","1151,86","29,37","46,73","194,56","856,28","22,07","2,84","2","799,22","250","17618","0","0","121,69"
"2026-09-02T21:58:01.5204266+02:00","656,109","TinyPedal","False","","0","0","0","0","0","0","0","0","0","0","0","0","0","0","0","0","0"
"2026-09-02T21:58:02.5309639+02:00","657,112","BlackRack Overlay","True","24520","8","2,407","1352,62","1155,61","29,44","46,75","195,82","858,75","22,02","2,84","2","801,68","250","17675","0","0","127,03"
"2026-09-02T21:58:02.5334763+02:00","657,122","TinyPedal","False","","0","0","0","0","0","0","0","0","0","0","0","0","0","0","0","0","0"
"2026-09-02T21:58:03.5509379+02:00","658,132","BlackRack Overlay","True","24520","8","1,627","1350,19","1153,92","29,45","46,83","196,36","856,43","22,02","2,84","2","799,73","250","17711","0","0","126,66"
"2026-09-02T21:58:03.5534395+02:00","658,142","TinyPedal","False","","0","0","0","0","0","0","0","0","0","0","0","0","0","0","0","0","0"
"2026-09-02T21:58:04.5447015+02:00","659,124","BlackRack Overlay","True","24520","8","2,461","1351,7","1155,59","29,54","46,87","196,3","858,04","22,02","2,84","2","801,28","250","17768","0","0","125,75"
"2026-09-02T21:58:04.5462017+02:00","659,135","TinyPedal","False","","0","0","0","0","0","0","0","0","0","0","0","0","0","0","0","0","0"
"2026-09-02T21:58:05.5574452+02:00","660,132","BlackRack Overlay","True","24520","8","2,713","1352,53","1156,5","29,54","46,77","196,12","859,23","22,02","2,84","2","802,71","250","17804","0","0","125,09"
"2026-09-02T21:58:05.5599503+02:00","660,149","TinyPedal","False","","0","0","0","0","0","0","0","0","0","0","0","0","0","0","0","0","0"
"2026-09-02T21:58:06.5592364+02:00","661,138","BlackRack Overlay","True","24520","8","2,426","1353,33","1157,47","29,55","46,85","197,27","858,94","22,02","2,84","2","802,42","250","17861","0","0","126,09"
"2026-09-02T21:58:06.5612384+02:00","661,15","TinyPedal","False","","0","0","0","0","0","0","0","0","0","0","0","0","0","0","0","0","0"
"2026-09-02T21:58:07.5761951+02:00","662,155","BlackRack Overlay","True","24520","8","2,881","1357,44","1161,75","29,55","46,85","197,27","863,23","22,02","2,84","2","806,71","250","17897","0","0","124,69"
"2026-09-02T21:58:07.5822305+02:00","662,171","TinyPedal","False","","0","0","0","0","0","0","0","0","0","0","0","0","0","0","0","0","0"
"2026-09-02T21:58:08.6076265+02:00","663,187","BlackRack Overlay","True","24520","8","5,203","1360,15","1163","29,55","46,85","195,93","865,81","22,02","2,84","2","809,43","250","17644","0","0","121"
"2026-09-02T21:58:08.6106425+02:00","663,199","TinyPedal","False","","0","0","0","0","0","0","0","0","0","0","0","0","0","0","0","0","0"
"2026-09-02T21:58:09.6024033+02:00","664,184","BlackRack Overlay","True","24520","8","2,254","1360,51","1163,56","30,26","46,75","195,88","865,82","22,02","2,84","2","809,43","250","17680","0","0","123,09"
"2026-09-02T21:58:09.6059121+02:00","664,195","TinyPedal","False","","0","0","0","0","0","0","0","0","0","0","0","0","0","0","0","0","0"
"2026-09-02T21:58:10.6287862+02:00","665,208","BlackRack Overlay","True","24520","8","3,243","1360,93","1163,75","30,4","46,83","195,85","865,82","22,02","2,84","2","809,43","250","17755","0","0","122,16"
"2026-09-02T21:58:10.6307874+02:00","665,219","TinyPedal","False","","0","0","0","0","0","0","0","0","0","0","0","0","0","0","0","0","0"
"2026-09-02T21:58:11.6517102+02:00","666,231","BlackRack Overlay","True","24520","8","2,194","1352,29","1154,48","30,38","46,89","195,35","857,01","22,02","2,84","2","800,63","250","17791","0","0","122,16"
"2026-09-02T21:58:11.6547187+02:00","666,243","TinyPedal","False","","0","0","0","0","0","0","0","0","0","0","0","0","0","0","0","0","0"
"2026-09-02T21:58:12.6533961+02:00","667,229","BlackRack Overlay","True","24520","8","2,546","1353,23","1152,44","30,37","46,89","192,23","858,1","22,02","2,84","2","801,8","250","17848","0","0","122,75"
"2026-09-02T21:58:12.6558927+02:00","667,245","TinyPedal","False","","0","0","0","0","0","0","0","0","0","0","0","0","0","0","0","0","0"
"2026-09-02T21:58:13.6625585+02:00","668,242","BlackRack Overlay","True","24520","8","2,409","1356,39","1156,26","30,37","46,71","192,22","862,1","22,02","2,84","2","805,74","250","17884","0","0","121,31"
"2026-09-02T21:58:13.6640608+02:00","668,253","TinyPedal","False","","0","0","0","0","0","0","0","0","0","0","0","0","0","0","0","0","0"
"2026-09-02T21:58:14.6802448+02:00","669,26","BlackRack Overlay","True","24520","8","2,685","1340,23","1140,22","30,37","46,85","192,25","845,89","22,02","2,84","2","789,53","250","17941","0","0","121,25"
"2026-09-02T21:58:14.6822466+02:00","669,271","TinyPedal","False","","0","0","0","0","0","0","0","0","0","0","0","0","0","0","0","0","0"
"2026-09-02T21:58:15.7127339+02:00","670,293","BlackRack Overlay","True","24520","8","3,595","1338,38","1137,96","30,37","46,86","191,5","844,38","22,02","2,84","2","788,01","250","17977","0","0","121,12"
"2026-09-02T21:58:15.7142316+02:00","670,303","TinyPedal","False","","0","0","0","0","0","0","0","0","0","0","0","0","0","0","0","0","0"
"2026-09-02T21:58:16.7092755+02:00","671,29","BlackRack Overlay","True","24520","8","3,721","1345,79","1148,21","30,35","46,86","195,07","851,08","22,02","2,84","2","794,71","250","18034","0","0","124"
"2026-09-02T21:58:16.7112723+02:00","671,3","TinyPedal","False","","0","0","0","0","0","0","0","0","0","0","0","0","0","0","0","0","0"
"2026-09-02T21:58:17.7343708+02:00","672,31","BlackRack Overlay","True","24520","8","2,202","1348,12","1151,05","30,37","46,74","195,29","853,8","22,02","2,84","2","797,45","250","18070","0","0","125,34"
"2026-09-02T21:58:17.7363711+02:00","672,325","TinyPedal","False","","0","0","0","0","0","0","0","0","0","0","0","0","0","0","0","0","0"
"2026-09-02T21:58:18.7570198+02:00","673,338","BlackRack Overlay","True","24520","8","2,658","1349,54","1152,52","30,35","46,76","194,73","855,82","22,02","2,84","2","799,45","250","18127","0","0","123,75"
"2026-09-02T21:58:18.7600355+02:00","673,348","TinyPedal","False","","0","0","0","0","0","0","0","0","0","0","0","0","0","0","0","0","0"
"2026-09-02T21:58:19.7603566+02:00","674,337","BlackRack Overlay","True","24520","8","5,674","1345,03","1147,3","30,37","46,86","194,7","850,53","22,02","2,84","2","794,16","250","17857","0","0","122,19"
"2026-09-02T21:58:19.7623542+02:00","674,351","TinyPedal","False","","0","0","0","0","0","0","0","0","0","0","0","0","0","0","0","0","0"
"2026-09-02T21:58:20.7658488+02:00","675,345","BlackRack Overlay","True","24520","8","4,262","1345,32","1147,5","30,37","46,86","194,64","850,78","22,02","2,84","2","794,41","250","17914","0","0","122,19"
"2026-09-02T21:58:20.7688741+02:00","675,358","TinyPedal","False","","0","0","0","0","0","0","0","0","0","0","0","0","0","0","0","0","0"
"2026-09-02T21:58:21.7545480+02:00","676,334","BlackRack Overlay","True","24520","8","2,369","1345,88","1147,96","30,36","46,8","194,44","851,51","22,02","2,84","2","795,2","250","17968","0","0","123,31"
"2026-09-02T21:58:21.7565480+02:00","676,345","TinyPedal","False","","0","0","0","0","0","0","0","0","0","0","0","0","0","0","0","0","0"
"2026-09-02T21:58:22.7880338+02:00","677,368","BlackRack Overlay","True","24520","8","2,079","1346,38","1147,23","30,37","46,81","193,06","852,14","22,02","2,84","2","795,77","250","18025","0","0","122,47"
"2026-09-02T21:58:22.7895320+02:00","677,379","TinyPedal","False","","0","0","0","0","0","0","0","0","0","0","0","0","0","0","0","0","0"
"2026-09-02T21:58:23.7789768+02:00","678,36","BlackRack Overlay","True","24520","8","1,87","1344,12","1145,99","30,37","46,86","194,05","849,86","22,02","2,84","2","792,74","250","18061","0","0","123,34"
"2026-09-02T21:58:23.7819839+02:00","678,371","TinyPedal","False","","0","0","0","0","0","0","0","0","0","0","0","0","0","0","0","0","0"
"2026-09-02T21:58:24.8072915+02:00","679,384","BlackRack Overlay","True","24520","8","2,671","1346,07","1147,23","30,37","46,82","194,06","851,17","22,02","2,8","2","794,05","247","18118","0","0","123,62"
"2026-09-02T21:58:24.8093923+02:00","679,398","TinyPedal","False","","0","0","0","0","0","0","0","0","0","0","0","0","0","0","0","0","0"
"2026-09-02T21:58:25.7962274+02:00","680,377","BlackRack Overlay","True","24520","8","2,754","1347,59","1154,17","30,35","46,79","199,46","852,72","22,02","2,84","2","795,56","250","18154","0","0","127,79"
"2026-09-02T21:58:25.7982338+02:00","680,387","TinyPedal","False","","0","0","0","0","0","0","0","0","0","0","0","0","0","0","0","0","0"
"2026-09-02T21:58:26.8331075+02:00","681,408","BlackRack Overlay","True","24520","8","2,462","1349,05","1155,65","30,37","46,8","199,42","854,21","22,02","2,84","2","797,09","250","18211","0","0","126,75"
"2026-09-02T21:58:26.8356107+02:00","681,424","TinyPedal","False","","0","0","0","0","0","0","0","0","0","0","0","0","0","0","0","0","0"
"2026-09-02T21:58:27.8255255+02:00","682,405","BlackRack Overlay","True","24520","8","2,449","1349,73","1158,29","30,37","46,8","200,95","855,33","22,02","2,84","2","798,21","250","18247","0","0","128,35"
"2026-09-02T21:58:27.8280301+02:00","682,417","TinyPedal","False","","0","0","0","0","0","0","0","0","0","0","0","0","0","0","0","0","0"
"2026-09-02T21:58:28.8593534+02:00","683,438","BlackRack Overlay","True","24520","8","2,551","1350,16","1158,25","30,35","46,8","200,46","855,79","22,02","2,84","2","798,67","250","18304","0","0","124,72"
"2026-09-02T21:58:28.8618559+02:00","683,451","TinyPedal","False","","0","0","0","0","0","0","0","0","0","0","0","0","0","0","0","0","0"
"2026-09-02T21:58:29.8802893+02:00","684,46","BlackRack Overlay","True","24520","8","3,443","1352,05","1160,45","30,35","46,8","200,95","857,5","22,02","2,84","2","800,38","250","18340","0","0","121,41"
"2026-09-02T21:58:29.8828248+02:00","684,472","TinyPedal","False","","0","0","0","0","0","0","0","0","0","0","0","0","0","0","0","0","0"
"2026-09-02T21:58:30.8645403+02:00","685,444","BlackRack Overlay","True","24520","8","2,778","1353,79","1162,09","30,37","46,8","200,78","859,29","22,02","2,84","2","802,29","250","18397","0","0","122,54"
"2026-09-02T21:58:30.8675517+02:00","685,456","TinyPedal","False","","0","0","0","0","0","0","0","0","0","0","0","0","0","0","0","0","0"
"2026-09-02T21:58:31.8719543+02:00","686,45","BlackRack Overlay","True","24520","8","4,467","1347,07","1149,18","30,37","46,84","195","852,12","22,02","2,84","2","795,03","250","18087","0","0","123,16"
"2026-09-02T21:58:31.8744506+02:00","686,463","TinyPedal","False","","0","0","0","0","0","0","0","0","0","0","0","0","0","0","0","0","0"
"2026-09-02T21:58:32.8836258+02:00","687,464","BlackRack Overlay","True","24520","8","3,082","1347","1149,29","30,37","46,86","194,93","852,28","22,02","2,84","2","795,17","250","18164","0","0","126,44"
"2026-09-02T21:58:32.8866548+02:00","687,475","TinyPedal","False","","0","0","0","0","0","0","0","0","0","0","0","0","0","0","0","0","0"
"2026-09-02T21:58:33.9095102+02:00","688,486","BlackRack Overlay","True","24520","8","1,911","1348,46","1150,82","30,35","46,78","195,92","852,93","22,02","2,84","2","795,81","250","18198","0","0","125,44"
"2026-09-02T21:58:33.9120190+02:00","688,501","TinyPedal","False","","0","0","0","0","0","0","0","0","0","0","0","0","0","0","0","0","0"
"2026-09-02T21:58:34.8977244+02:00","689,478","BlackRack Overlay","True","24520","8","3,051","1348,81","1151,24","30,37","46,82","195,88","853,31","22,02","2,84","2","796,29","250","18255","0","0","127,25"
"2026-09-02T21:58:34.9002278+02:00","689,489","TinyPedal","False","","0","0","0","0","0","0","0","0","0","0","0","0","0","0","0","0","0"
"2026-09-02T21:58:35.9139612+02:00","690,494","BlackRack Overlay","True","24520","8","1,826","1345,24","1147,64","30,35","46,82","195,88","849,73","22,02","2,84","2","792,63","250","18291","0","0","126,29"
"2026-09-02T21:58:35.9159690+02:00","690,505","TinyPedal","False","","0","0","0","0","0","0","0","0","0","0","0","0","0","0","0","0","0"
"2026-09-02T21:58:36.9342218+02:00","691,515","BlackRack Overlay","True","24520","8","2,393","1346,41","1148,71","30,35","46,86","195,64","851,01","22,02","2,84","2","793,89","250","18348","0","0","125,54"
"2026-09-02T21:58:36.9357247+02:00","691,525","TinyPedal","False","","0","0","0","0","0","0","0","0","0","0","0","0","0","0","0","0","0"
"2026-09-02T21:58:37.9503611+02:00","692,529","BlackRack Overlay","True","24520","8","2,696","1349,07","1151,75","30,35","46,84","196,9","852,8","22,02","2,84","2","795,69","250","18384","0","0","121,47"
"2026-09-02T21:58:37.9528917+02:00","692,542","TinyPedal","False","","0","0","0","0","0","0","0","0","0","0","0","0","0","0","0","0","0"
"2026-09-02T21:58:38.9619669+02:00","693,54","BlackRack Overlay","True","24520","8","3,189","1349,9","1152,64","30,35","46,84","196,39","854,19","22,02","2,84","2","797,05","250","18441","0","0","120,44"
"2026-09-02T21:58:38.9649733+02:00","693,553","TinyPedal","False","","0","0","0","0","0","0","0","0","0","0","0","0","0","0","0","0","0"
"2026-09-02T21:58:39.9745321+02:00","694,556","BlackRack Overlay","True","24520","8","1,538","1353,29","1156,53","30,37","46,84","196,29","858,17","22,02","2,84","2","801,11","250","18477","0","0","121,91"
"2026-09-02T21:58:39.9765421+02:00","694,565","TinyPedal","False","","0","0","0","0","0","0","0","0","0","0","0","0","0","0","0","0","0"
"2026-09-02T21:58:40.9877458+02:00","695,567","BlackRack Overlay","True","24520","8","2,029","1355,34","1158,07","30,37","46,84","195,08","860,93","22,02","2,84","2","803,55","250","18534","0","0","125,47"
"2026-09-02T21:58:40.9937755+02:00","695,582","TinyPedal","False","","0","0","0","0","0","0","0","0","0","0","0","0","0","0","0","0","0"
"2026-09-02T21:58:42.0050046+02:00","696,585","BlackRack Overlay","True","24520","8","1,918","1356,21","1159,68","30,23","46,78","195,33","862,48","22,02","2,84","2","805,11","250","18570","0","0","124,75"
"2026-09-02T21:58:42.0075072+02:00","696,596","TinyPedal","False","","0","0","0","0","0","0","0","0","0","0","0","0","0","0","0","0","0"
"2026-09-02T21:58:43.0194111+02:00","697,599","BlackRack Overlay","True","24520","8","5,296","1350,27","1152,43","30,29","46,82","195,23","855,23","22,02","2,84","2","797,86","250","18273","0","0","121,66"
"2026-09-02T21:58:43.0214096+02:00","697,61","TinyPedal","False","","0","0","0","0","0","0","0","0","0","0","0","0","0","0","0","0","0"
"2026-09-02T21:58:44.0251318+02:00","698,603","BlackRack Overlay","True","24520","8","2,723","1345,49","1147,59","30,29","46,84","194,51","851,09","22,02","2,84","2","793,72","250","18309","0","0","121,79"
"2026-09-02T21:58:44.0266314+02:00","698,616","TinyPedal","False","","0","0","0","0","0","0","0","0","0","0","0","0","0","0","0","0","0"
"2026-09-02T21:58:45.0206798+02:00","699,601","BlackRack Overlay","True","24520","8","2,741","1346,14","1146,53","30,28","46,84","192,42","852,12","22,02","2,84","2","794,85","250","18384","0","0","123"
"2026-09-02T21:58:45.0221849+02:00","699,611","TinyPedal","False","","0","0","0","0","0","0","0","0","0","0","0","0","0","0","0","0","0"
"2026-09-02T21:58:46.0454178+02:00","700,62","BlackRack Overlay","True","24520","8","2,78","1347,52","1146,95","30,29","46,84","191,52","853,45","22,02","2,84","2","796,08","250","18420","0","0","121,16"
"2026-09-02T21:58:46.0484373+02:00","700,637","TinyPedal","False","","0","0","0","0","0","0","0","0","0","0","0","0","0","0","0","0","0"
"2026-09-02T21:58:47.0493637+02:00","701,629","BlackRack Overlay","True","24520","8","1,935","1348,55","1148,61","30,29","46,84","191,73","854,88","22,02","2,84","2","797,51","250","18477","0","0","123,29"
"2026-09-02T21:58:47.0513688+02:00","701,64","TinyPedal","False","","0","0","0","0","0","0","0","0","0","0","0","0","0","0","0","0","0"
"2026-09-02T21:58:48.0656715+02:00","702,645","BlackRack Overlay","True","24520","8","2,596","1347,62","1148,77","30,29","46,84","192,11","854,68","22,02","2,84","2","797,3","250","18513","0","0","123,85"
"2026-09-02T21:58:48.0676763+02:00","702,656","TinyPedal","False","","0","0","0","0","0","0","0","0","0","0","0","0","0","0","0","0","0"
"2026-09-02T21:58:49.0961830+02:00","703,676","BlackRack Overlay","True","24520","8","3,22","1349,7","1157,26","30,28","46,84","198,76","856,52","22,02","2,84","2","798,9","250","18570","0","0","130,04"
"2026-09-02T21:58:49.0976871+02:00","703,687","TinyPedal","False","","0","0","0","0","0","0","0","0","0","0","0","0","0","0","0","0","0"
"2026-09-02T21:58:50.0929551+02:00","704,674","BlackRack Overlay","True","24520","8","2,349","1351,56","1159,67","30,37","46,84","199,34","858,26","22,02","2,84","2","800,39","250","18606","0","0","127,19"
"2026-09-02T21:58:50.0954727+02:00","704,684","TinyPedal","False","","0","0","0","0","0","0","0","0","0","0","0","0","0","0","0","0","0"
"2026-09-02T21:58:51.1283362+02:00","705,708","BlackRack Overlay","True","24520","8","2,456","1353,79","1161,88","30,35","46,84","200,34","859,48","22,02","2,84","2","801,61","250","18663","0","0","125,79"
"2026-09-02T21:58:51.1308485+02:00","705,72","TinyPedal","False","","0","0","0","0","0","0","0","0","0","0","0","0","0","0","0","0","0"
"2026-09-02T21:58:52.1205345+02:00","706,701","BlackRack Overlay","True","24520","8","2,556","1356,09","1164,23","30,35","46,84","200,34","861,83","22,02","2,84","2","803,96","250","18699","0","0","124,54"
"2026-09-02T21:58:52.1230366+02:00","706,712","TinyPedal","False","","0","0","0","0","0","0","0","0","0","0","0","0","0","0","0","0","0"
"2026-09-02T21:58:53.1309380+02:00","707,706","BlackRack Overlay","True","24520","8","2,14","1358,06","1166,07","30,35","47,16","199,82","863,58","22,33","2,84","2","805,68","250","18756","0","0","124,47"
"2026-09-02T21:58:53.1339536+02:00","707,723","TinyPedal","False","","0","0","0","0","0","0","0","0","0","0","0","0","0","0","0","0","0"
"2026-09-02T21:58:54.1416867+02:00","708,721","BlackRack Overlay","True","24520","8","4,327","1352,75","1156,34","30,35","46,93","196,93","856,96","22,33","2,84","2","799,15","250","18454","0","0","124,16"
"2026-09-02T21:58:54.1446905+02:00","708,734","TinyPedal","False","","0","0","0","0","0","0","0","0","0","0","0","0","0","0","0","0","0"
"2026-09-02T21:58:55.1490107+02:00","709,727","BlackRack Overlay","True","24520","8","3,299","1353","1155,94","30,35","46,94","196,24","857,24","22,33","2,84","2","799,37","250","18511","0","0","124,97"
"2026-09-02T21:58:55.1535218+02:00","709,742","TinyPedal","False","","0","0","0","0","0","0","0","0","0","0","0","0","0","0","0","0","0"
"2026-09-02T21:58:56.1443723+02:00","710,724","BlackRack Overlay","True","24520","8","3,43","1347,41","1149,21","30,37","46,99","194,68","852","22,33","2,84","2","794,13","250","18547","0","0","123,22"
"2026-09-02T21:58:56.1468776+02:00","710,735","TinyPedal","False","","0","0","0","0","0","0","0","0","0","0","0","0","0","0","0","0","0"
"2026-09-02T21:58:57.1567707+02:00","711,738","BlackRack Overlay","True","24520","8","2,889","1348,36","1150,25","30,37","47","194,48","853,22","22,33","2,84","2","795,35","250","18622","0","0","122,97"
"2026-09-02T21:58:57.1602829+02:00","711,749","TinyPedal","False","","0","0","0","0","0","0","0","0","0","0","0","0","0","0","0","0","0"
"2026-09-02T21:58:58.1662990+02:00","712,742","BlackRack Overlay","True","24520","8","2,334","1349,28","1150,95","30,37","47","194,24","854,34","22,16","2,84","2","796,52","250","18658","0","0","122,79"
"2026-09-02T21:58:58.1688057+02:00","712,757","TinyPedal","False","","0","0","0","0","0","0","0","0","0","0","0","0","0","0","0","0","0"
"2026-09-02T21:58:59.1801820+02:00","713,762","BlackRack Overlay","True","24520","8","2,299","1349,97","1151,73","30,37","47","194,77","854,59","22,17","2,84","2","796,71","250","18716","0","0","124,07"
"2026-09-02T21:58:59.1821821+02:00","713,771","TinyPedal","False","","0","0","0","0","0","0","0","0","0","0","0","0","0","0","0","0","0"
"2026-09-02T21:59:00.1812923+02:00","714,756","BlackRack Overlay","True","24520","8","2,16","1328,86","1130,16","30,36","47","194,32","833,47","22,17","2,84","2","775,59","250","18751","0","0","122,6"
"2026-09-02T21:59:00.1832925+02:00","714,772","TinyPedal","False","","0","0","0","0","0","0","0","0","0","0","0","0","0","0","0","0","0"
"2026-09-02T21:59:01.1738726+02:00","715,754","BlackRack Overlay","True","24520","8","2,251","1330,11","1133,04","30,35","47,16","195,39","835,14","22,17","2,84","2","777,26","250","18808","0","0","124,75"
"2026-09-02T21:59:01.1763808+02:00","715,765","TinyPedal","False","","0","0","0","0","0","0","0","0","0","0","0","0","0","0","0","0","0"
"2026-09-02T21:59:02.1830270+02:00","716,762","BlackRack Overlay","True","24520","8","3,488","1332,69","1135,62","30,35","47,06","195,56","837,64","22,17","2,84","2","779,76","250","18844","0","0","123"
"2026-09-02T21:59:02.1850378+02:00","716,774","TinyPedal","False","","0","0","0","0","0","0","0","0","0","0","0","0","0","0","0","0","0"
"2026-09-02T21:59:03.2125852+02:00","717,793","BlackRack Overlay","True","24520","8","3,411","1336,83","1139,97","30,37","47,1","195,52","841,97","22,17","2,84","2","784,14","250","18901","0","0","121,96"
"2026-09-02T21:59:03.2145852+02:00","717,803","TinyPedal","False","","0","0","0","0","0","0","0","0","0","0","0","0","0","0","0","0","0"
"2026-09-02T21:59:04.2084667+02:00","718,787","BlackRack Overlay","True","24520","8","2,651","1337,98","1141,18","30,37","47,1","195,46","843,24","22,17","2,84","2","785,36","250","18937","0","0","120,93"
"2026-09-02T21:59:04.2119745+02:00","718,8","TinyPedal","False","","0","0","0","0","0","0","0","0","0","0","0","0","0","0","0","0","0"
"2026-09-02T21:59:05.2291861+02:00","719,804","BlackRack Overlay","True","24520","8","2,402","1338,96","1141,59","30,37","47,11","194,15","844,95","22,17","2,84","2","787,07","250","18994","0","0","122,43"
"2026-09-02T21:59:05.2311895+02:00","719,82","TinyPedal","False","","0","0","0","0","0","0","0","0","0","0","0","0","0","0","0","0","0"
"2026-09-02T21:59:06.2536618+02:00","720,834","BlackRack Overlay","True","24520","8","5,027","1343,16","1143,68","30,35","47,06","193,09","848,17","22,17","2,84","2","790,29","250","18684","0","0","122,06"
"2026-09-02T21:59:06.2561666+02:00","720,845","TinyPedal","False","","0","0","0","0","0","0","0","0","0","0","0","0","0","0","0","0","0"
"2026-09-02T21:59:07.2544455+02:00","721,83","BlackRack Overlay","True","24520","8","3,331","1336,41","1137,38","30,37","47,11","194,01","840,88","22,17","2,84","2","783,08","250","18742","0","0","121,68"
"2026-09-02T21:59:07.2564448+02:00","721,845","TinyPedal","False","","0","0","0","0","0","0","0","0","0","0","0","0","0","0","0","0","0"
"2026-09-02T21:59:08.2672334+02:00","722,847","BlackRack Overlay","True","24520","8","1,632","1337,51","1138,31","30,36","47,11","193,77","842,07","22,17","2,84","2","784,18","250","18795","0","0","122,12"
"2026-09-02T21:59:08.2707432+02:00","722,86","TinyPedal","False","","0","0","0","0","0","0","0","0","0","0","0","0","0","0","0","0","0"
"2026-09-02T21:59:09.2810550+02:00","723,861","BlackRack Overlay","True","24520","8","2,409","1336,95","1137,89","30,45","45,74","193,43","843,27","22,17","2,84","2","785,36","253","18863","0","0","121,43"
"2026-09-02T21:59:09.2830513+02:00","723,871","TinyPedal","False","","0","0","0","0","0","0","0","0","0","0","0","0","0","0","0","0","0"
"2026-09-02T21:59:10.3090669+02:00","724,889","BlackRack Overlay","True","24520","8","1,52","1339,34","1139,5","30,35","47,05","192,51","844,59","22,17","2,84","2","786,66","250","18888","0","0","121,65"
"2026-09-02T21:59:10.3115655+02:00","724,9","TinyPedal","False","","0","0","0","0","0","0","0","0","0","0","0","0","0","0","0","0","0"
"2026-09-02T21:59:11.3104284+02:00","725,889","BlackRack Overlay","True","24520","8","2,539","1339,16","1139,45","30,35","47,06","191,85","845,18","22,17","2,84","2","787,25","250","18945","0","0","121,53"
"2026-09-02T21:59:11.3129289+02:00","725,902","TinyPedal","False","","0","0","0","0","0","0","0","0","0","0","0","0","0","0","0","0","0"
"2026-09-02T21:59:12.3349445+02:00","726,909","BlackRack Overlay","True","24520","8","3,064","1333,93","1134,69","30,35","47,06","191,86","840,42","22,17","2,84","2","782,54","250","18981","0","0","120,53"
"2026-09-02T21:59:12.3364450+02:00","726,926","TinyPedal","False","","0","0","0","0","0","0","0","0","0","0","0","0","0","0","0","0","0"
"2026-09-02T21:59:13.3410356+02:00","727,92","BlackRack Overlay","True","24520","8","2,995","1334,68","1139,94","30,35","46,73","196,02","841,84","22,17","2,84","2","783,96","250","19038","0","0","123,96"
"2026-09-02T21:59:13.3440463+02:00","727,933","TinyPedal","False","","0","0","0","0","0","0","0","0","0","0","0","0","0","0","0","0","0"
"2026-09-02T21:59:14.3612537+02:00","728,937","BlackRack Overlay","True","24520","8","2,016","1338,91","1144,33","30,35","47,05","196,26","845,66","22,17","2,84","2","787,77","250","19073","0","0","123,09"
"2026-09-02T21:59:14.3632494+02:00","728,953","TinyPedal","False","","0","0","0","0","0","0","0","0","0","0","0","0","0","0","0","0","0"
"2026-09-02T21:59:15.3673327+02:00","729,947","BlackRack Overlay","True","24520","8","2,611","1345,49","1150,68","30,35","47,06","196,26","852","22,17","2,84","2","794,12","250","19130","0","0","121,03"
"2026-09-02T21:59:15.3693397+02:00","729,958","TinyPedal","False","","0","0","0","0","0","0","0","0","0","0","0","0","0","0","0","0","0"
"2026-09-02T21:59:16.3819685+02:00","730,963","BlackRack Overlay","True","24520","8","5,383","1344,2","1148,32","30,35","47,06","195,98","849,92","22,17","2,84","2","792,09","250","18839","0","0","120,15"
"2026-09-02T21:59:16.3839693+02:00","730,973","TinyPedal","False","","0","0","0","0","0","0","0","0","0","0","0","0","0","0","0","0","0"
"2026-09-02T21:59:17.4069673+02:00","731,986","BlackRack Overlay","True","24520","8","2,673","1344,41","1148,04","30,35","46,88","195,48","850,33","22,17","2,84","2","792,44","250","18892","0","0","119,53"
"2026-09-02T21:59:17.4099758+02:00","731,999","TinyPedal","False","","0","0","0","0","0","0","0","0","0","0","0","0","0","0","0","0","0"
"2026-09-02T21:59:18.4196930+02:00","732,998","BlackRack Overlay","True","24520","8","3,089","1345,3","1143,84","30,35","47,02","190,38","851,09","22,17","2,84","2","792,95","250","18917","0","0","120,9"
"2026-09-02T21:59:18.4227033+02:00","733,011","TinyPedal","False","","0","0","0","0","0","0","0","0","0","0","0","0","0","0","0","0","0"
"2026-09-02T21:59:19.4380179+02:00","734,013","BlackRack Overlay","True","24520","8","2,019","1342,8","1141,28","30,56","47,07","190,22","848,41","22,17","2,84","2","790,02","253","19014","0","0","121,03"
"2026-09-02T21:59:19.4400283+02:00","734,029","TinyPedal","False","","0","0","0","0","0","0","0","0","0","0","0","0","0","0","0","0","0"
"2026-09-02T21:59:20.4695427+02:00","735,044","BlackRack Overlay","True","24520","8","1,42","1344,12","1143,04","30,37","47,07","190,88","849,72","22,17","2,84","2","791,37","250","19041","0","0","122,25"
"2026-09-02T21:59:20.4730466+02:00","735,062","TinyPedal","False","","0","0","0","0","0","0","0","0","0","0","0","0","0","0","0","0","0"
"2026-09-02T21:59:21.4638838+02:00","736,044","BlackRack Overlay","True","24520","8","2,052","1344,93","1144,17","30,38","46,91","190,95","850,93","22,17","2,84","2","792,52","250","19096","0","0","122,59"
"2026-09-02T21:59:21.4703966+02:00","736,059","TinyPedal","False","","0","0","0","0","0","0","0","0","0","0","0","0","0","0","0","0","0"
"2026-09-02T21:59:22.5002510+02:00","737,079","BlackRack Overlay","True","24520","8","3,206","1346,88","1146,16","30,35","47,1","191,2","852,5","22,17","2,84","2","794,07","250","19136","0","0","121,41"
"2026-09-02T21:59:22.5027479+02:00","737,091","TinyPedal","False","","0","0","0","0","0","0","0","0","0","0","0","0","0","0","0","0","0"
"2026-09-02T21:59:23.4932644+02:00","738,074","BlackRack Overlay","True","24520","8","2,356","1347,17","1151,46","30,38","47,11","195,61","853,35","22,18","2,84","2","794,92","250","19189","0","0","124,47"
"2026-09-02T21:59:23.4952664+02:00","738,084","TinyPedal","False","","0","0","0","0","0","0","0","0","0","0","0","0","0","0","0","0","0"
"2026-09-02T21:59:24.5109724+02:00","739,093","BlackRack Overlay","True","24520","8","2,206","1352,9","1157,45","30,39","47,16","195,61","859,31","22,18","2,8","2","800,91","247","19229","0","0","124,28"
"2026-09-02T21:59:24.5124722+02:00","739,101","TinyPedal","False","","0","0","0","0","0","0","0","0","0","0","0","0","0","0","0","0","0"
"2026-09-02T21:59:25.5165753+02:00","740,096","BlackRack Overlay","True","24520","8","4,477","1351,55","1155,16","30,38","46,94","195,62","857,21","22,18","2,84","2","798,89","250","18978","0","0","121,75"
"2026-09-02T21:59:25.5195797+02:00","740,108","TinyPedal","False","","0","0","0","0","0","0","0","0","0","0","0","0","0","0","0","0","0"
"2026-09-02T21:59:26.5275586+02:00","741,104","BlackRack Overlay","True","24520","8","2,131","1351,93","1154,87","30,37","47,03","195,01","857,45","22,18","2,84","2","799,08","250","19033","0","0","122,75"
"2026-09-02T21:59:26.5295738+02:00","741,118","TinyPedal","False","","0","0","0","0","0","0","0","0","0","0","0","0","0","0","0","0","0"
"2026-09-02T21:59:27.5405438+02:00","742,121","BlackRack Overlay","True","24520","8","2,69","1346,05","1148,21","30,38","47,06","194,95","850,81","22,18","2,84","2","792,43","250","19071","0","0","121,59"
"2026-09-02T21:59:27.5420405+02:00","742,131","TinyPedal","False","","0","0","0","0","0","0","0","0","0","0","0","0","0","0","0","0","0"
"2026-09-02T21:59:28.5468223+02:00","743,126","BlackRack Overlay","True","24520","8","3,497","1348,14","1147,24","30,37","47,12","192,73","852,02","22,16","2,84","2","793,64","250","19109","0","0","120,97"
"2026-09-02T21:59:28.5493326+02:00","743,138","TinyPedal","False","","0","0","0","0","0","0","0","0","0","0","0","0","0","0","0","0","0"
"2026-09-02T21:59:29.5599067+02:00","744,139","BlackRack Overlay","True","24520","8","2,99","1349,11","1148,86","30,37","47","193,18","853,31","22,17","2,84","2","794,93","250","19164","0","0","122,09"
"2026-09-02T21:59:29.5624178+02:00","744,151","TinyPedal","False","","0","0","0","0","0","0","0","0","0","0","0","0","0","0","0","0","0"
"2026-09-02T21:59:30.5685575+02:00","745,149","BlackRack Overlay","True","24520","8","4,06","1350,45","1150,25","30,37","47,09","193,21","854,58","22,17","2,84","2","796,2","250","19239","0","0","123,09"
"2026-09-02T21:59:30.5710705+02:00","745,16","TinyPedal","False","","0","0","0","0","0","0","0","0","0","0","0","0","0","0","0","0","0"
"2026-09-02T21:59:31.5829366+02:00","746,161","BlackRack Overlay","True","24520","8","2,412","1351,14","1151,76","30,35","47,09","193,49","855,83","22,17","2,84","2","797,45","250","19275","0","0","122,72"
"2026-09-02T21:59:31.5854443+02:00","746,174","TinyPedal","False","","0","0","0","0","0","0","0","0","0","0","0","0","0","0","0","0","0"
"2026-09-02T21:59:32.5988433+02:00","747,178","BlackRack Overlay","True","24520","8","2,401","1352,6","1153,03","30,35","47,09","193,45","857,13","22,17","2,84","2","799","250","19332","0","0","123,84"
"2026-09-02T21:59:32.6013497+02:00","747,19","TinyPedal","False","","0","0","0","0","0","0","0","0","0","0","0","0","0","0","0","0","0"
"2026-09-02T21:59:33.6119972+02:00","748,19","BlackRack Overlay","True","24520","8","2,703","1353,63","1154,23","30,35","46,93","193,3","858,65","22,17","2,84","2","800,51","250","19368","0","0","122,72"
"2026-09-02T21:59:33.6139981+02:00","748,203","TinyPedal","False","","0","0","0","0","0","0","0","0","0","0","0","0","0","0","0","0","0"
"2026-09-02T21:59:34.6168166+02:00","749,195","BlackRack Overlay","True","24520","8","2,818","1358,48","1161,26","30,35","47,03","195,96","862,91","22,17","2,84","2","804,75","250","19425","0","0","123,34"
"2026-09-02T21:59:34.6198245+02:00","749,208","TinyPedal","False","","0","0","0","0","0","0","0","0","0","0","0","0","0","0","0","0","0"
"2026-09-02T21:59:35.6224645+02:00","750,203","BlackRack Overlay","True","24520","8","4,845","1351,31","1152,73","30,35","47,08","195,67","854,62","22,17","2,84","2","796,51","250","19173","0","0","122,78"
"2026-09-02T21:59:35.6249868+02:00","750,214","TinyPedal","False","","0","0","0","0","0","0","0","0","0","0","0","0","0","0","0","0","0"
"2026-09-02T21:59:36.6366967+02:00","751,216","BlackRack Overlay","True","24520","8","2,699","1353,09","1154,68","30,35","47,09","195,72","856,51","22,17","2,84","2","798,37","250","19230","0","0","120,72"
"2026-09-02T21:59:36.6392049+02:00","751,228","TinyPedal","False","","0","0","0","0","0","0","0","0","0","0","0","0","0","0","0","0","0"
"2026-09-02T21:59:37.6517219+02:00","752,231","BlackRack Overlay","True","24520","8","2,308","1352,95","1153,61","30,35","46,96","194,43","856,86","22,17","2,84","2","798,72","250","19266","0","0","120,72"
"2026-09-02T21:59:37.6537211+02:00","752,243","TinyPedal","False","","0","0","0","0","0","0","0","0","0","0","0","0","0","0","0","0","0"
"2026-09-02T21:59:38.6584733+02:00","753,233","BlackRack Overlay","True","24520","8","2,534","1353,71","1154,35","30,35","47,09","194,39","857,52","22,17","2,84","2","799,38","250","19323","0","0","122,78"
"2026-09-02T21:59:38.6609839+02:00","753,25","TinyPedal","False","","0","0","0","0","0","0","0","0","0","0","0","0","0","0","0","0","0"
"2026-09-02T21:59:39.6652009+02:00","754,247","BlackRack Overlay","True","24520","8","2,408","1350,11","1156,41","30,35","47,09","200,27","853,69","22,17","2,84","2","795,39","250","19359","0","0","127,5"
"2026-09-02T21:59:39.6672006+02:00","754,256","TinyPedal","False","","0","0","0","0","0","0","0","0","0","0","0","0","0","0","0","0","0"
"2026-09-02T21:59:40.6874865+02:00","755,264","BlackRack Overlay","True","24520","8","2,496","1352,41","1159,01","30,35","47,09","200","856,56","22,17","2,84","2","798,18","250","19416","0","0","123,34"
"2026-09-02T21:59:40.6899990+02:00","755,279","TinyPedal","False","","0","0","0","0","0","0","0","0","0","0","0","0","0","0","0","0","0"
"2026-09-02T21:59:41.7037289+02:00","756,282","BlackRack Overlay","True","24520","8","2,302","1342,07","1148,8","30,37","46,95","199,99","846,49","22,17","2,84","2","788,1","250","19452","0","0","121,91"
"2026-09-02T21:59:41.7062256+02:00","756,295","TinyPedal","False","","0","0","0","0","0","0","0","0","0","0","0","0","0","0","0","0","0"
"2026-09-02T21:59:42.7111794+02:00","757,291","BlackRack Overlay","True","24520","8","2,613","1345,29","1152,01","30,38","47,09","200,92","848,61","22,17","2,84","2","790,22","250","19527","0","0","125,28"
"2026-09-02T21:59:42.7131776+02:00","757,302","TinyPedal","False","","0","0","0","0","0","0","0","0","0","0","0","0","0","0","0","0","0"
"2026-09-02T21:59:43.7260761+02:00","758,306","BlackRack Overlay","True","24520","8","4,14","1343,77","1150,8","30,37","47,11","200,46","847,86","22,17","2,84","2","789,54","250","19563","0","0","123,38"
"2026-09-02T21:59:43.7275750+02:00","758,316","TinyPedal","False","","0","0","0","0","0","0","0","0","0","0","0","0","0","0","0","0","0"
"2026-09-02T21:59:44.7474116+02:00","759,326","BlackRack Overlay","True","24520","8","3,063","1349,12","1156,18","30,35","47,11","200,43","853,28","22,17","2,84","2","794,88","250","19620","0","0","126,34"
"2026-09-02T21:59:44.7504237+02:00","759,339","TinyPedal","False","","0","0","0","0","0","0","0","0","0","0","0","0","0","0","0","0","0"
"2026-09-02T21:59:45.7633440+02:00","760,339","BlackRack Overlay","True","24520","8","2,506","1350,72","1157,75","30,35","47,02","200,36","855","22,17","2,84","2","796,6","250","19656","0","0","125,56"
"2026-09-02T21:59:45.7648473+02:00","760,354","TinyPedal","False","","0","0","0","0","0","0","0","0","0","0","0","0","0","0","0","0","0"
"2026-09-02T21:59:46.7697857+02:00","761,351","BlackRack Overlay","True","24520","8","4,633","1345,24","1150,77","30,35","47,09","199,84","848,48","22,17","2,84","2","789,83","250","19391","0","0","121,66"
"2026-09-02T21:59:46.7718042+02:00","761,361","TinyPedal","False","","0","0","0","0","0","0","0","0","0","0","0","0","0","0","0","0","0"
"2026-09-02T21:59:47.7869573+02:00","762,364","BlackRack Overlay","True","24520","8","2,409","1341,89","1147,28","30,37","47,12","199,85","844,93","22,17","2,84","2","786,28","250","19427","0","0","125,06"
"2026-09-02T21:59:47.7904664+02:00","762,379","TinyPedal","False","","0","0","0","0","0","0","0","0","0","0","0","0","0","0","0","0","0"
"2026-09-02T21:59:48.8131709+02:00","763,392","BlackRack Overlay","True","24520","8","2,377","1343,04","1148,46","30,37","47,12","199,5","846,46","22,17","2,84","2","787,52","250","19484","0","0","126,07"
"2026-09-02T21:59:48.8156755+02:00","763,404","TinyPedal","False","","0","0","0","0","0","0","0","0","0","0","0","0","0","0","0","0","0"
"2026-09-02T21:59:49.7997322+02:00","764,38","BlackRack Overlay","True","24520","8","1,878","1343,67","1148,23","30,35","47,02","198,22","847,63","22,17","2,84","2","788,69","250","19520","0","0","126,35"
"2026-09-02T21:59:49.8017297+02:00","764,391","TinyPedal","False","","0","0","0","0","0","0","0","0","0","0","0","0","0","0","0","0","0"
"2026-09-02T21:59:50.8159744+02:00","765,397","BlackRack Overlay","True","24520","8","2,786","1344,42","1146,72","30,35","47,08","195,45","848,84","22,17","2,84","2","789,88","250","19577","0","0","122,59"
"2026-09-02T21:59:50.8184847+02:00","765,407","TinyPedal","False","","0","0","0","0","0","0","0","0","0","0","0","0","0","0","0","0","0"
"2026-09-02T21:59:51.8297051+02:00","766,409","BlackRack Overlay","True","24520","8","2,315","1344,01","1146,76","30,37","47,08","195,41","848,9","22,17","2,84","2","789,94","250","19613","0","0","120,97"
"2026-09-02T21:59:51.8317051+02:00","766,421","TinyPedal","False","","0","0","0","0","0","0","0","0","0","0","0","0","0","0","0","0","0"
"2026-09-02T21:59:52.8447825+02:00","767,421","BlackRack Overlay","True","24520","8","2,219","1345,59","1148,3","30,37","47,12","195,41","850,39","22,17","2,84","2","791,53","250","19670","0","0","120,22"
"2026-09-02T21:59:52.8467921+02:00","767,436","TinyPedal","False","","0","0","0","0","0","0","0","0","0","0","0","0","0","0","0","0","0"
"2026-09-02T21:59:53.8560445+02:00","768,436","BlackRack Overlay","True","24520","8","2,598","1346,97","1149,59","30,37","46,98","195,21","852,02","22,17","2,84","2","793,09","250","19724","0","0","121,56"
"2026-09-02T21:59:53.8590586+02:00","768,448","TinyPedal","False","","0","0","0","0","0","0","0","0","0","0","0","0","0","0","0","0","0"
"2026-09-02T21:59:54.8759966+02:00","769,452","BlackRack Overlay","True","24520","8","1,635","1348,54","1148,79","30,35","47,12","192,72","853,58","22,17","2,84","2","794,64","250","19781","0","0","122,38"
"2026-09-02T21:59:54.8785151+02:00","769,467","TinyPedal","False","","0","0","0","0","0","0","0","0","0","0","0","0","0","0","0","0","0"
"2026-09-02T21:59:55.8874939+02:00","770,468","BlackRack Overlay","True","24520","8","5,284","1336,53","1136,16","30,35","47,12","192,31","841,37","22,17","2,84","2","782,43","250","19522","0","0","122,38"
"2026-09-02T21:59:55.8900003+02:00","770,479","TinyPedal","False","","0","0","0","0","0","0","0","0","0","0","0","0","0","0","0","0","0"
"2026-09-02T21:59:56.9020152+02:00","771,483","BlackRack Overlay","True","24520","8","1,732","1337,43","1137,21","30,35","47,12","192,32","842,41","22,17","2,84","2","783,59","250","19579","0","0","122,38"
"2026-09-02T21:59:56.9040153+02:00","771,493","TinyPedal","False","","0","0","0","0","0","0","0","0","0","0","0","0","0","0","0","0","0"
"2026-09-02T21:59:57.9446148+02:00","772,523","BlackRack Overlay","True","24520","8","2,347","1339,04","1140,33","30,37","47,03","193,79","844,14","22,17","2,84","2","785,24","250","19615","0","0","123"
"2026-09-02T21:59:57.9476189+02:00","772,536","TinyPedal","False","","0","0","0","0","0","0","0","0","0","0","0","0","0","0","0","0","0"
"2026-09-02T21:59:58.9224261+02:00","773,503","BlackRack Overlay","True","24520","8","2,393","1341,29","1142,54","30,35","47,06","194,81","845,31","22,17","2,84","2","786,4","250","19673","0","0","124,79"
"2026-09-02T21:59:58.9244252+02:00","773,513","TinyPedal","False","","0","0","0","0","0","0","0","0","0","0","0","0","0","0","0","0","0"
"2026-09-02T21:59:59.9430027+02:00","774,518","BlackRack Overlay","True","24520","8","3,174","1340,82","1142,07","30,35","47,11","194,93","844,68","22,17","2,84","2","785,76","250","19709","0","0","124,91"
"2026-09-02T21:59:59.9460039+02:00","774,534","TinyPedal","False","","0","0","0","0","0","0","0","0","0","0","0","0","0","0","0","0","0"
"2026-09-02T22:00:00.9509024+02:00","775,532","BlackRack Overlay","True","24520","8","3,083","1342,08","1147,29","30,37","47,11","198,77","846,04","22,17","2,84","2","787,1","250","19766","0","0","125,57"
"2026-09-02T22:00:00.9529019+02:00","775,542","TinyPedal","False","","0","0","0","0","0","0","0","0","0","0","0","0","0","0","0","0","0"
"2026-09-02T22:00:01.9772720+02:00","776,557","BlackRack Overlay","True","24520","8","2,571","1343,3","1148,68","30,37","47,03","198,72","847,55","22,17","2,84","2","788,64","250","19802","0","0","125,19"
"2026-09-02T22:00:01.9822872+02:00","776,572","TinyPedal","False","","0","0","0","0","0","0","0","0","0","0","0","0","0","0","0","0","0"
"2026-09-02T22:00:02.9841121+02:00","777,565","BlackRack Overlay","True","24520","8","2,036","1344,87","1150,79","30,37","47,09","199,5","848,83","22,17","2,84","2","790,14","250","19859","0","0","126,69"
"2026-09-02T22:00:02.9861182+02:00","777,575","TinyPedal","False","","0","0","0","0","0","0","0","0","0","0","0","0","0","0","0","0","0"
"2026-09-02T22:00:04.0013536+02:00","778,582","BlackRack Overlay","True","24520","8","2,784","1349,47","1157,56","30,36","47,09","200,76","854,35","22,17","2,84","2","795,64","250","19913","0","0","125,22"
"2026-09-02T22:00:04.0038610+02:00","778,593","TinyPedal","False","","0","0","0","0","0","0","0","0","0","0","0","0","0","0","0","0","0"
"2026-09-02T22:00:05.0247545+02:00","779,604","BlackRack Overlay","True","24520","8","2,484","1351,18","1158,91","30,35","47,16","200,41","855,98","22,17","2,84","2","797,21","250","19970","0","0","124,44"
"2026-09-02T22:00:05.0272833+02:00","779,616","TinyPedal","False","","0","0","0","0","0","0","0","0","0","0","0","0","0","0","0","0","0"
"2026-09-02T22:00:06.0304873+02:00","780,61","BlackRack Overlay","True","24520","8","2,04","1352,99","1160,8","30,35","47,01","200,7","857,72","22,17","2,84","2","799,05","250","20007","0","0","129,1"
"2026-09-02T22:00:06.0329870+02:00","780,622","TinyPedal","False","","0","0","0","0","0","0","0","0","0","0","0","0","0","0","0","0","0"
"2026-09-02T22:00:07.0489514+02:00","781,623","BlackRack Overlay","True","24520","8","4,625","1347,7","1155,14","30,35","47,05","201,71","851,02","22,17","2,84","2","792,31","250","19779","0","0","130,16"
"2026-09-02T22:00:07.0509572+02:00","781,64","TinyPedal","False","","0","0","0","0","0","0","0","0","0","0","0","0","0","0","0","0","0"
"2026-09-02T22:00:08.0623854+02:00","782,641","BlackRack Overlay","True","24520","8","2,877","1344,21","1151,79","30,35","47,05","201,57","847,81","22,17","2,84","2","789,09","250","19815","0","0","124,97"
"2026-09-02T22:00:08.0643853+02:00","782,653","TinyPedal","False","","0","0","0","0","0","0","0","0","0","0","0","0","0","0","0","0","0"
"2026-09-02T22:00:09.0797471+02:00","783,659","BlackRack Overlay","True","24520","8","2,974","1346,14","1153,54","30,35","47,05","201,87","849,27","22,17","2,84","2","790,29","250","19872","0","0","126,1"
"2026-09-02T22:00:09.0872639+02:00","783,676","TinyPedal","False","","0","0","0","0","0","0","0","0","0","0","0","0","0","0","0","0","0"
"2026-09-02T22:00:10.0774827+02:00","784,657","BlackRack Overlay","True","24520","8","2,446","1347,32","1154,88","30,35","46,99","202,17","850,35","22,17","2,84","2","791,46","250","19908","0","0","125,72"
"2026-09-02T22:00:10.0799912+02:00","784,669","TinyPedal","False","","0","0","0","0","0","0","0","0","0","0","0","0","0","0","0","0","0"
"2026-09-02T22:00:11.0925758+02:00","785,672","BlackRack Overlay","True","24520","8","2,598","1347,33","1155,99","29,65","47,04","202,64","851,66","22,17","2,84","2","792,7","250","19965","0","0","124,23"
"2026-09-02T22:00:11.0945758+02:00","785,683","TinyPedal","False","","0","0","0","0","0","0","0","0","0","0","0","0","0","0","0","0","0"
"2026-09-02T22:00:12.1205068+02:00","786,699","BlackRack Overlay","True","24520","8","2,187","1346,04","1154,95","29,65","47,05","202,41","850,82","22,17","2,84","2","791,87","250","20001","0","0","124,6"
"2026-09-02T22:00:12.1235072+02:00","786,712","TinyPedal","False","","0","0","0","0","0","0","0","0","0","0","0","0","0","0","0","0","0"
"2026-09-02T22:00:13.1215204+02:00","787,701","BlackRack Overlay","True","24520","8","2,048","1346,5","1154,33","29,71","47,05","200,91","851,65","22,17","2,84","2","792,7","250","20058","0","0","125,79"
"2026-09-02T22:00:13.1235203+02:00","787,712","TinyPedal","False","","0","0","0","0","0","0","0","0","0","0","0","0","0","0","0","0","0"
"2026-09-02T22:00:14.1399039+02:00","788,718","BlackRack Overlay","True","24520","8","2,305","1348,21","1156,01","29,71","46,99","201,19","853,11","22,17","2,84","2","794,16","250","20094","0","0","129,32"
"2026-09-02T22:00:14.1424145+02:00","788,731","TinyPedal","False","","0","0","0","0","0","0","0","0","0","0","0","0","0","0","0","0","0"
"2026-09-02T22:00:15.1574790+02:00","789,736","BlackRack Overlay","True","24520","8","2,493","1353,52","1161,53","29,73","47,05","201,17","858,57","22,17","2,84","2","799,58","250","20169","0","0","125,57"
"2026-09-02T22:00:15.1599880+02:00","789,749","TinyPedal","False","","0","0","0","0","0","0","0","0","0","0","0","0","0","0","0","0","0"
"2026-09-02T22:00:16.1681794+02:00","790,748","BlackRack Overlay","True","24520","8","2,22","1354,77","1162,84","29,73","47,06","201,1","859,95","22,17","2,84","2","800,95","250","20205","0","0","125,23"
"2026-09-02T22:00:16.1701870+02:00","790,759","TinyPedal","False","","0","0","0","0","0","0","0","0","0","0","0","0","0","0","0","0","0"
"2026-09-02T22:00:17.1968997+02:00","791,777","BlackRack Overlay","True","24520","8","3,321","1356,32","1164,67","29,71","47,06","200,73","862,15","22,17","2,84","2","802,9","250","20262","0","0","124,48"
"2026-09-02T22:00:17.1999089+02:00","791,788","TinyPedal","False","","0","0","0","0","0","0","0","0","0","0","0","0","0","0","0","0","0"
"2026-09-02T22:00:18.1930111+02:00","792,774","BlackRack Overlay","True","24520","8","4,801","1350,75","1157,8","29,73","46,98","200,64","855,44","22,17","2,84","2","795,68","250","19964","0","0","123,47"
"2026-09-02T22:00:18.1955142+02:00","792,784","TinyPedal","False","","0","0","0","0","0","0","0","0","0","0","0","0","0","0","0","0","0"
"2026-09-02T22:00:19.2140930+02:00","793,794","BlackRack Overlay","True","24520","8","3,063","1354,52","1162,06","29,71","47,08","201,64","858,62","22,17","2,84","2","798,86","250","20021","0","0","121,47"
"2026-09-02T22:00:19.2166008+02:00","793,805","TinyPedal","False","","0","0","0","0","0","0","0","0","0","0","0","0","0","0","0","0","0"
"2026-09-02T22:00:20.2135818+02:00","794,794","BlackRack Overlay","True","24520","8","2,539","1348,51","1151,36","30,36","47,08","197,29","851,63","22,17","2,84","2","791,87","250","20057","0","0","125,41"
"2026-09-02T22:00:20.2166008+02:00","794,805","TinyPedal","False","","0","0","0","0","0","0","0","0","0","0","0","0","0","0","0","0","0"
"2026-09-02T22:00:21.2205480+02:00","795,796","BlackRack Overlay","True","24520","8","2,731","1349,33","1152,05","30,36","47,08","196,79","852,82","22,17","2,84","2","793,05","250","20114","0","0","125,69"
"2026-09-02T22:00:21.2230512+02:00","795,812","TinyPedal","False","","0","0","0","0","0","0","0","0","0","0","0","0","0","0","0","0","0"
"2026-09-02T22:00:22.2428236+02:00","796,823","BlackRack Overlay","True","24520","8","2,091","1350,65","1152,76","30,34","47,03","196,26","854,12","22,17","2,84","2","794,36","250","20150","0","0","124,38"
"2026-09-02T22:00:22.2458229+02:00","796,835","TinyPedal","False","","0","0","0","0","0","0","0","0","0","0","0","0","0","0","0","0","0"
"2026-09-02T22:00:23.2316211+02:00","797,812","BlackRack Overlay","True","24520","8","2,667","1351,62","1153,88","30,36","47,04","196,26","855,22","22,17","2,84","2","795,58","250","20207","0","0","121,5"
"2026-09-02T22:00:23.2341247+02:00","797,823","TinyPedal","False","","0","0","0","0","0","0","0","0","0","0","0","0","0","0","0","0","0"
"2026-09-02T22:00:24.2639560+02:00","798,844","BlackRack Overlay","True","24520","8","3,215","1349,87","1154,84","30,34","46,98","196,25","856,3","22,17","2,8","2","796,62","249","20232","0","0","121,5"
"2026-09-02T22:00:24.2659608+02:00","798,855","TinyPedal","False","","0","0","0","0","0","0","0","0","0","0","0","0","0","0","0","0","0"
"2026-09-02T22:00:25.2613763+02:00","799,842","BlackRack Overlay","True","24520","8","3,035","1352,36","1160,46","30,34","47,04","198,73","859,34","22,17","2,84","2","799,59","252","20289","0","0","124,62"
"2026-09-02T22:00:25.2638771+02:00","799,852","TinyPedal","False","","0","0","0","0","0","0","0","0","0","0","0","0","0","0","0","0","0"
"2026-09-02T22:00:26.2785102+02:00","800,855","BlackRack Overlay","True","24520","8","3,086","1352,76","1157,79","30,34","46,73","194,64","861,07","22,17","2,84","2","801,15","252","20343","0","0","124,62"
"2026-09-02T22:00:26.2805210+02:00","800,869","TinyPedal","False","","0","0","0","0","0","0","0","0","0","0","0","0","0","0","0","0","0"
"2026-09-02T22:00:27.3090526+02:00","801,889","BlackRack Overlay","True","24520","8","5,101","1347,84","1152,29","30,36","46,79","194,64","855,49","22,17","2,84","2","795,57","252","20078","0","0","123,41"
"2026-09-02T22:00:27.3115572+02:00","801,9","TinyPedal","False","","0","0","0","0","0","0","0","0","0","0","0","0","0","0","0","0","0"
"2026-09-02T22:00:28.3138414+02:00","802,89","BlackRack Overlay","True","24520","8","2,633","1342,79","1146,01","30,36","46,8","194,57","849,59","21,85","2,84","2","789,85","252","20114","0","0","123,84"
"2026-09-02T22:00:28.3158399+02:00","802,905","TinyPedal","False","","0","0","0","0","0","0","0","0","0","0","0","0","0","0","0","0","0"
"2026-09-02T22:00:29.3179305+02:00","803,899","BlackRack Overlay","True","24520","8","1,935","1344","1147,14","30,55","46,84","194,29","850,77","21,86","2,84","2","790,98","255","20182","0","0","123,44"
"2026-09-02T22:00:29.3215037+02:00","803,91","TinyPedal","False","","0","0","0","0","0","0","0","0","0","0","0","0","0","0","0","0","0"
"2026-09-02T22:00:30.3531936+02:00","804,932","BlackRack Overlay","True","24520","8","1,985","1344,73","1148,04","30,34","46,39","194,57","852,04","21,86","2,84","2","792,25","252","20207","0","0","124,5"
"2026-09-02T22:00:30.3561937+02:00","804,945","TinyPedal","False","","0","0","0","0","0","0","0","0","0","0","0","0","0","0","0","0","0"
"2026-09-02T22:00:31.3662133+02:00","805,945","BlackRack Overlay","True","24520","8","2,795","1346,71","1151,8","30,34","46,4","196,02","854,33","21,87","2,84","2","794,54","252","20264","0","0","124,82"
"2026-09-02T22:00:31.3682137+02:00","805,957","TinyPedal","False","","0","0","0","0","0","0","0","0","0","0","0","0","0","0","0","0","0"
"2026-09-02T22:00:32.3584513+02:00","806,94","BlackRack Overlay","True","24520","8","1,866","1345,59","1152,71","30,36","46,46","197,77","853,42","21,87","2,84","2","793,71","252","20300","0","0","127,7"
"2026-09-02T22:00:32.3614620+02:00","806,951","TinyPedal","False","","0","0","0","0","0","0","0","0","0","0","0","0","0","0","0","0","0"
"2026-09-02T22:00:33.3838964+02:00","807,96","BlackRack Overlay","True","24520","8","2,393","1346,85","1153,58","30,34","46,46","197,52","854,55","21,87","2,84","2","795,29","252","20357","0","0","123,73"
"2026-09-02T22:00:33.3858915+02:00","807,975","TinyPedal","False","","0","0","0","0","0","0","0","0","0","0","0","0","0","0","0","0","0"
"2026-09-02T22:00:34.3690780+02:00","808,946","BlackRack Overlay","True","24520","8","2,079","1348,33","1155,27","30,36","46,44","197,78","855,99","21,87","2,84","2","796,72","252","20393","0","0","124,89"
"2026-09-02T22:00:34.3715836+02:00","808,96","TinyPedal","False","","0","0","0","0","0","0","0","0","0","0","0","0","0","0","0","0","0"
"2026-09-02T22:00:35.3914268+02:00","809,97","BlackRack Overlay","True","24520","8","2,672","1349,96","1158,32","30,36","46,44","199,28","857,54","21,87","2,84","2","798,27","252","20449","0","0","126,07"
"2026-09-02T22:00:35.3939395+02:00","809,982","TinyPedal","False","","0","0","0","0","0","0","0","0","0","0","0","0","0","0","0","0","0"
"2026-09-02T22:00:36.3904303+02:00","810,97","BlackRack Overlay","True","24520","8","2,539","1351,34","1159,75","30,36","46,45","199,98","858,27","21,86","2,84","2","799","252","20485","0","0","121,89"
"2026-09-02T22:00:36.3939368+02:00","810,983","TinyPedal","False","","0","0","0","0","0","0","0","0","0","0","0","0","0","0","0","0","0"
"2026-09-02T22:00:37.4081482+02:00","811,987","BlackRack Overlay","True","24520","8","5,376","1345,82","1152,62","30,36","46,45","199,36","851,73","21,88","2,84","2","792,46","252","20269","0","0","123,11"
"2026-09-02T22:00:37.4101605+02:00","811,999","TinyPedal","False","","0","0","0","0","0","0","0","0","0","0","0","0","0","0","0","0","0"
"2026-09-02T22:00:38.4302328+02:00","813,009","BlackRack Overlay","True","24520","8","2,199","1346,58","1153,1","30,34","46,47","199,11","852,46","21,88","2,84","2","792,94","252","20305","0","0","122,42"
"2026-09-02T22:00:38.4332311+02:00","813,022","TinyPedal","False","","0","0","0","0","0","0","0","0","0","0","0","0","0","0","0","0","0"
"2026-09-02T22:00:39.4122766+02:00","813,993","BlackRack Overlay","True","24520","8","3,674","1347,09","1150,12","30,56","46,49","195,21","853,13","21,89","2,84","2","793,61","255","20373","0","0","121,55"
"2026-09-02T22:00:39.4142807+02:00","814,003","TinyPedal","False","","0","0","0","0","0","0","0","0","0","0","0","0","0","0","0","0","0"
"2026-09-02T22:00:40.4220268+02:00","814,997","BlackRack Overlay","True","24520","8","1,847","1344,45","1150,48","30,37","46,59","198,38","850,43","21,89","2,84","2","790,9","252","20398","0","0","126,23"
"2026-09-02T22:00:40.4240306+02:00","815,013","TinyPedal","False","","0","0","0","0","0","0","0","0","0","0","0","0","0","0","0","0","0"
"2026-09-02T22:00:41.4273097+02:00","816,007","BlackRack Overlay","True","24520","8","2,417","1345,43","1151,4","30,37","46,59","198,05","851,67","21,89","2,84","2","792,19","252","20455","0","0","125,64"
"2026-09-02T22:00:41.4293134+02:00","816,018","TinyPedal","False","","0","0","0","0","0","0","0","0","0","0","0","0","0","0","0","0","0"
"2026-09-02T22:00:42.4299978+02:00","817,008","BlackRack Overlay","True","24520","8","2,245","1346,75","1152,91","30,36","46,51","198,31","853","21,89","2,84","2","793,49","252","20491","0","0","124,58"
"2026-09-02T22:00:42.4324981+02:00","817,021","TinyPedal","False","","0","0","0","0","0","0","0","0","0","0","0","0","0","0","0","0","0"
"2026-09-02T22:00:43.4258216+02:00","818,004","BlackRack Overlay","True","24520","8","2,842","1336,32","1142,18","30,35","46,55","197,25","843,3","21,89","2,84","2","783,76","252","20548","0","0","123,33"
"2026-09-02T22:00:43.4283221+02:00","818,017","TinyPedal","False","","0","0","0","0","0","0","0","0","0","0","0","0","0","0","0","0","0"
"2026-09-02T22:00:44.4573792+02:00","819,037","BlackRack Overlay","True","24520","8","2,457","1336,83","1143,1","30,37","46,55","197,12","844,33","21,89","2,84","2","784,78","252","20584","0","0","122,61"
"2026-09-02T22:00:44.4598861+02:00","819,048","TinyPedal","False","","0","0","0","0","0","0","0","0","0","0","0","0","0","0","0","0","0"
"2026-09-02T22:00:45.4449191+02:00","820,024","BlackRack Overlay","True","24520","8","3,465","1340,49","1146,5","30,35","45,2","196,27","849,96","21,89","2,84","2","790,52","252","20641","0","0","122,8"
"2026-09-02T22:00:45.4474251+02:00","820,036","TinyPedal","False","","0","0","0","0","0","0","0","0","0","0","0","0","0","0","0","0","0"
"2026-09-02T22:00:46.4710262+02:00","821,051","BlackRack Overlay","True","24520","8","3,614","1337,98","1140,3","30,38","46,44","193,56","845,2","21,89","2,84","2","785,45","252","20377","0","0","122,52"
"2026-09-02T22:00:46.4740310+02:00","821,063","TinyPedal","False","","0","0","0","0","0","0","0","0","0","0","0","0","0","0","0","0","0"
"2026-09-02T22:00:47.4755113+02:00","822,052","BlackRack Overlay","True","24520","8","3,22","1338,37","1141,41","30,35","46,54","194,22","845,57","21,89","2,84","2","785,79","252","20434","0","0","123,33"
"2026-09-02T22:00:47.4780113+02:00","822,067","TinyPedal","False","","0","0","0","0","0","0","0","0","0","0","0","0","0","0","0","0","0"
"2026-09-02T22:00:48.4958121+02:00","823,075","BlackRack Overlay","True","24520","8","3,436","1336,54","1139,52","30,38","46,54","193,96","843,91","21,89","2,84","2","783,6","252","20471","0","0","122,64"
"2026-09-02T22:00:48.4978212+02:00","823,087","TinyPedal","False","","0","0","0","0","0","0","0","0","0","0","0","0","0","0","0","0","0"
"2026-09-02T22:00:49.4885029+02:00","824,063","BlackRack Overlay","True","24520","8","2,667","1338,02","1144,49","30,56","45,87","198,08","845,25","21,89","2,84","2","784,69","255","20538","0","0","124,52"
"2026-09-02T22:00:49.4910130+02:00","824,08","TinyPedal","False","","0","0","0","0","0","0","0","0","0","0","0","0","0","0","0","0","0"
"2026-09-02T22:00:50.4897508+02:00","825,069","BlackRack Overlay","True","24520","8","2,33","1339,73","1146,13","30,36","46,58","198,09","846,34","21,93","2,84","2","785,9","252","20581","0","0","123,7"
"2026-09-02T22:00:50.4927629+02:00","825,081","TinyPedal","False","","0","0","0","0","0","0","0","0","0","0","0","0","0","0","0","0","0"
"2026-09-02T22:00:51.5014531+02:00","826,081","BlackRack Overlay","True","24520","8","2,702","1340,57","1146,89","30,35","46,59","197,65","847,54","21,93","2,84","2","787,09","252","20639","0","0","122,7"
"2026-09-02T22:00:51.5029584+02:00","826,092","TinyPedal","False","","0","0","0","0","0","0","0","0","0","0","0","0","0","0","0","0","0"
"2026-09-02T22:00:52.5264803+02:00","827,105","BlackRack Overlay","True","24520","8","2,861","1340,4","1146,54","30,38","46,59","196,89","847,95","21,89","2,84","2","787,49","252","20674","0","0","121,45"
"2026-09-02T22:00:52.5294921+02:00","827,118","TinyPedal","False","","0","0","0","0","0","0","0","0","0","0","0","0","0","0","0","0","0"
"2026-09-02T22:00:53.5363714+02:00","828,116","BlackRack Overlay","True","24520","8","2,125","1340,71","1146,92","30,38","46,05","196,36","849,41","21,89","2,84","2","788,93","252","20731","0","0","122,77"
"2026-09-02T22:00:53.5378686+02:00","828,127","TinyPedal","False","","0","0","0","0","0","0","0","0","0","0","0","0","0","0","0","0","0"
"2026-09-02T22:00:54.5395560+02:00","829,116","BlackRack Overlay","True","24520","8","2,443","1342,54","1148,7","30,38","46,43","196,21","850,96","21,9","2,84","2","790,34","252","20766","0","0","121,8"
"2026-09-02T22:00:54.5415601+02:00","829,131","TinyPedal","False","","0","0","0","0","0","0","0","0","0","0","0","0","0","0","0","0","0"
"2026-09-02T22:00:55.5659660+02:00","830,145","BlackRack Overlay","True","24520","8","5,979","1334,26","1138,97","30,35","46,43","195,78","841,68","21,9","2,84","2","781,29","252","20543","0","0","123,7"
"2026-09-02T22:00:55.5679658+02:00","830,157","TinyPedal","False","","0","0","0","0","0","0","0","0","0","0","0","0","0","0","0","0","0"
"2026-09-02T22:00:56.5605961+02:00","831,14","BlackRack Overlay","True","24520","8","2,062","1330,39","1134,68","30,38","46,46","195,46","837,65","21,9","2,84","2","777,21","252","20579","0","0","123,8"
"2026-09-02T22:00:56.5676032+02:00","831,156","TinyPedal","False","","0","0","0","0","0","0","0","0","0","0","0","0","0","0","0","0","0"
"2026-09-02T22:00:57.5734672+02:00","832,154","BlackRack Overlay","True","24520","8","3,272","1331,14","1134,92","30,38","46,22","194,78","838,82","21,9","2,84","2","778,36","252","20636","0","0","121,39"
"2026-09-02T22:00:57.5754672+02:00","832,164","TinyPedal","False","","0","0","0","0","0","0","0","0","0","0","0","0","0","0","0","0","0"
"2026-09-02T22:00:58.5850269+02:00","833,165","BlackRack Overlay","True","24520","8","1,837","1332,02","1135,91","30,35","46,4","194,43","839,98","21,9","2,84","2","779,52","252","20672","0","0","124,39"
"2026-09-02T22:00:58.5870270+02:00","833,176","TinyPedal","False","","0","0","0","0","0","0","0","0","0","0","0","0","0","0","0","0","0"
"2026-09-02T22:00:59.6077873+02:00","834,188","BlackRack Overlay","True","24520","8","2,576","1333,25","1137,14","30,56","46,39","194,25","841,2","21,9","2,84","2","780,73","255","20739","0","0","124,49"
"2026-09-02T22:00:59.6087870+02:00","834,198","TinyPedal","False","","0","0","0","0","0","0","0","0","0","0","0","0","0","0","0","0","0"
"2026-09-02T22:01:00.6121013+02:00","835,194","BlackRack Overlay","True","24520","8","2,817","1331,77","1136,26","30,35","46,39","194,54","840,23","21,9","2,84","2","779,96","252","20764","0","0","123,3"
"2026-09-02T22:01:00.6151102+02:00","835,204","TinyPedal","False","","0","0","0","0","0","0","0","0","0","0","0","0","0","0","0","0","0"
"2026-09-02T22:01:01.6300433+02:00","836,207","BlackRack Overlay","True","24520","8","2,892","1333,84","1138,48","30,36","46,27","195,23","841,88","21,9","2,84","2","781,59","252","20839","0","0","123,14"
"2026-09-02T22:01:01.6325524+02:00","836,221","TinyPedal","False","","0","0","0","0","0","0","0","0","0","0","0","0","0","0","0","0","0"
"2026-09-02T22:01:02.6332732+02:00","837,212","BlackRack Overlay","True","24520","8","2,136","1335,22","1140,71","30,35","46,36","195,9","843,37","21,9","2,84","2","783,08","252","20875","0","0","126,02"
"2026-09-02T22:01:02.6352726+02:00","837,224","TinyPedal","False","","0","0","0","0","0","0","0","0","0","0","0","0","0","0","0","0","0"
"2026-09-02T22:01:03.6416272+02:00","838,222","BlackRack Overlay","True","24520","8","2,418","1336,71","1142,21","30,35","46,36","195,9","844,87","21,9","2,84","2","784,58","252","20932","0","0","126,14"
"2026-09-02T22:01:03.6471250+02:00","838,236","TinyPedal","False","","0","0","0","0","0","0","0","0","0","0","0","0","0","0","0","0","0"
"2026-09-02T22:01:04.6477130+02:00","839,228","BlackRack Overlay","True","24520","8","3,106","1338,09","1143,77","30,35","46,36","195,9","846,42","21,9","2,84","2","786,14","252","20961","0","0","122,83"
"2026-09-02T22:01:04.6497162+02:00","839,238","TinyPedal","False","","0","0","0","0","0","0","0","0","0","0","0","0","0","0","0","0","0"
"2026-09-02T22:01:05.6541279+02:00","840,234","BlackRack Overlay","True","24520","8","3,108","1339,57","1145,39","30,35","46,26","195,89","848,16","21,9","2,84","2","787,87","252","21025","0","0","124,39"
"2026-09-02T22:01:05.6566278+02:00","840,246","TinyPedal","False","","0","0","0","0","0","0","0","0","0","0","0","0","0","0","0","0","0"
"2026-09-02T22:01:06.6702272+02:00","841,25","BlackRack Overlay","True","24520","8","4,515","1335,38","1139,94","30,35","46,36","195,89","842,59","21,9","2,84","2","782,3","252","20777","0","0","124,14"
"2026-09-02T22:01:06.6727267+02:00","841,261","TinyPedal","False","","0","0","0","0","0","0","0","0","0","0","0","0","0","0","0","0","0"
"2026-09-02T22:01:07.6761408+02:00","842,257","BlackRack Overlay","True","24520","8","2,62","1335,12","1139,61","30,35","46,4","195,3","842,82","21,9","2,84","2","782,54","252","20830","0","0","125,46"
"2026-09-02T22:01:07.6781516+02:00","842,267","TinyPedal","False","","0","0","0","0","0","0","0","0","0","0","0","0","0","0","0","0","0"
"2026-09-02T22:01:08.6873078+02:00","843,262","BlackRack Overlay","True","24520","8","2,719","1331,13","1135,69","30,35","46,46","195,45","838,69","21,9","2,84","2","778,46","252","20870","0","0","126,02"
"2026-09-02T22:01:08.6888035+02:00","843,278","TinyPedal","False","","0","0","0","0","0","0","0","0","0","0","0","0","0","0","0","0","0"
"2026-09-02T22:01:09.6954080+02:00","844,275","BlackRack Overlay","True","24520","8","2,892","1332,08","1137,84","30,35","46,21","196,57","839,96","21,9","2,84","2","779,65","252","20923","0","0","127,24"
"2026-09-02T22:01:09.6974087+02:00","844,286","TinyPedal","False","","0","0","0","0","0","0","0","0","0","0","0","0","0","0","0","0","0"
"2026-09-02T22:01:10.7126076+02:00","845,293","BlackRack Overlay","True","24520","8","2,687","1333,36","1139,15","30,35","46,32","196,57","841,17","21,9","2,84","2","780,84","252","20961","0","0","125,61"
"2026-09-02T22:01:10.7196181+02:00","845,308","TinyPedal","False","","0","0","0","0","0","0","0","0","0","0","0","0","0","0","0","0","0"
"2026-09-02T22:01:11.7295480+02:00","846,308","BlackRack Overlay","True","24520","8","2,212","1335,97","1142,23","30,37","46,42","196,57","844,14","21,9","2,84","2","783,81","252","21016","0","0","126,61"
"2026-09-02T22:01:11.7320669+02:00","846,321","TinyPedal","False","","0","0","0","0","0","0","0","0","0","0","0","0","0","0","0","0","0"
"2026-09-02T22:01:12.7382050+02:00","847,318","BlackRack Overlay","True","24520","8","2,224","1332,38","1138,77","30,37","46,43","196,57","840,67","21,9","2,84","2","780,34","252","21056","0","0","122,91"
"2026-09-02T22:01:12.7414190+02:00","847,33","TinyPedal","False","","0","0","0","0","0","0","0","0","0","0","0","0","0","0","0","0","0"
"2026-09-02T22:01:13.7436006+02:00","848,325","BlackRack Overlay","True","24520","8","1,94","1333,13","1139,47","30,38","46,22","196","842,13","21,9","2,84","2","781,84","252","21127","0","0","123,01"
"2026-09-02T22:01:13.7456316+02:00","848,335","TinyPedal","False","","0","0","0","0","0","0","0","0","0","0","0","0","0","0","0","0","0"
"2026-09-02T22:01:14.7428970+02:00","849,322","BlackRack Overlay","True","24520","8","2,547","1335,29","1144,37","30,3","46,36","198,61","844,36","21,9","2,84","2","784,07","252","21167","0","0","128,29"
"2026-09-02T22:01:14.7453975+02:00","849,334","TinyPedal","False","","0","0","0","0","0","0","0","0","0","0","0","0","0","0","0","0","0"
"2026-09-02T22:01:15.7589527+02:00","850,336","BlackRack Overlay","True","24520","8","3,081","1340,19","1149,49","30,35","46,5","198,56","849,26","21,98","2,84","2","788,97","252","21220","0","0","128,2"
"2026-09-02T22:01:15.7609623+02:00","850,35","TinyPedal","False","","0","0","0","0","0","0","0","0","0","0","0","0","0","0","0","0","0"
"2026-09-02T22:01:16.7528443+02:00","851,332","BlackRack Overlay","True","24520","8","2,942","1341,42","1150,91","30,35","46,5","198,58","850,66","21,98","2,84","2","790,37","252","21260","0","0","123,32"
"2026-09-02T22:01:16.7548490+02:00","851,344","TinyPedal","False","","0","0","0","0","0","0","0","0","0","0","0","0","0","0","0","0","0"
"2026-09-02T22:01:17.7708952+02:00","852,349","BlackRack Overlay","True","24520","8","3,84","1337,05","1145,41","30,35","46,32","198,84","845,09","21,98","2,84","2","784,89","252","20979","0","0","124,07"
"2026-09-02T22:01:17.7738989+02:00","852,363","TinyPedal","False","","0","0","0","0","0","0","0","0","0","0","0","0","0","0","0","0","0"
"2026-09-02T22:01:18.7702090+02:00","853,349","BlackRack Overlay","True","24520","8","2,54","1337,61","1145,9","30,37","46,38","198,84","845,5","21,98","2,84","2","785,23","252","21019","0","0","127,32"
"2026-09-02T22:01:18.7727170+02:00","853,361","TinyPedal","False","","0","0","0","0","0","0","0","0","0","0","0","0","0","0","0","0","0"
"2026-09-02T22:01:19.7740067+02:00","854,354","BlackRack Overlay","True","24520","8","1,845","1337,91","1145,41","30,37","46,43","197,97","845,83","21,98","2,84","2","785,55","252","21072","0","0","124,04"
"2026-09-02T22:01:19.7755114+02:00","854,364","TinyPedal","False","","0","0","0","0","0","0","0","0","0","0","0","0","0","0","0","0","0"
"2026-09-02T22:01:20.7780842+02:00","855,353","BlackRack Overlay","True","24520","8","2,541","1336,42","1143,95","30,37","46,43","197,97","844,37","21,98","2,84","2","784,09","252","21112","0","0","125,61"
"2026-09-02T22:01:20.7805937+02:00","855,369","TinyPedal","False","","0","0","0","0","0","0","0","0","0","0","0","0","0","0","0","0","0"
"2026-09-02T22:01:21.7884888+02:00","856,368","BlackRack Overlay","True","24520","8","2,791","1337,22","1144,96","29,57","46,32","198,15","846,11","21,98","2,84","2","785,58","252","21166","0","0","122,32"
"2026-09-02T22:01:21.7909984+02:00","856,38","TinyPedal","False","","0","0","0","0","0","0","0","0","0","0","0","0","0","0","0","0","0"
"2026-09-02T22:01:22.8061876+02:00","857,382","BlackRack Overlay","True","24520","8","1,926","1338,89","1146,5","29,68","46,43","198,16","847,41","21,98","2,84","2","786,89","252","21205","0","0","124,73"
"2026-09-02T22:01:22.8097160+02:00","857,398","TinyPedal","False","","0","0","0","0","0","0","0","0","0","0","0","0","0","0","0","0","0"
"2026-09-02T22:01:23.8012180+02:00","858,382","BlackRack Overlay","True","24520","8","2,247","1340,5","1147,95","29,7","46,52","198","848,91","21,98","2,84","2","788,34","252","21258","0","0","126,04"
"2026-09-02T22:01:23.8037148+02:00","858,392","TinyPedal","False","","0","0","0","0","0","0","0","0","0","0","0","0","0","0","0","0","0"
"2026-09-02T22:01:24.8188622+02:00","859,398","BlackRack Overlay","True","24520","8","2,883","1340,1","1147,8","29,73","46,62","198,04","848,69","21,93","2,8","2","788,14","250","21298","0","0","123,7"
"2026-09-02T22:01:24.8218894+02:00","859,411","TinyPedal","False","","0","0","0","0","0","0","0","0","0","0","0","0","0","0","0","0","0"
"2026-09-02T22:01:25.8307121+02:00","860,411","BlackRack Overlay","True","24520","8","2,797","1342,69","1150,54","29,73","46,36","197,8","851,89","21,93","2,84","2","791,31","252","21369","0","0","121,7"
"2026-09-02T22:01:25.8327177+02:00","860,421","TinyPedal","False","","0","0","0","0","0","0","0","0","0","0","0","0","0","0","0","0","0"
"2026-09-02T22:01:26.8375934+02:00","861,418","BlackRack Overlay","True","24520","8","2,813","1344,47","1152,4","29,73","46,4","197,63","853,87","21,93","2,84","2","793,39","252","21426","0","0","121,2"
"2026-09-02T22:01:26.8395967+02:00","861,428","TinyPedal","False","","0","0","0","0","0","0","0","0","0","0","0","0","0","0","0","0","0"
"2026-09-02T22:01:27.8604247+02:00","862,437","BlackRack Overlay","True","24520","8","4,502","1339,32","1144,41","29,73","46,45","195,5","847,96","21,93","2,84","2","787,43","252","21162","0","0","120,82"
"2026-09-02T22:01:27.8619274+02:00","862,451","TinyPedal","False","","0","0","0","0","0","0","0","0","0","0","0","0","0","0","0","0","0"
"2026-09-02T22:01:28.8688822+02:00","863,45","BlackRack Overlay","True","24520","8","2,121","1335,52","1140,54","29,73","46,45","195,51","844,09","21,93","2,84","2","783,55","252","21219","0","0","122,13"
"2026-09-02T22:01:28.8718886+02:00","863,461","TinyPedal","False","","0","0","0","0","0","0","0","0","0","0","0","0","0","0","0","0","0"
"2026-09-02T22:01:29.8729406+02:00","864,451","BlackRack Overlay","True","24520","8","3,513","1338,39","1142,21","30,37","46,36","195,4","845,3","21,94","2,84","2","784,76","252","21256","0","0","123,98"
"2026-09-02T22:01:29.8749503+02:00","864,464","TinyPedal","False","","0","0","0","0","0","0","0","0","0","0","0","0","0","0","0","0","0"
"2026-09-02T22:01:30.8848581+02:00","865,465","BlackRack Overlay","True","24520","8","3,08","1339,59","1143,22","30,35","46,47","195,14","846,48","21,94","2,84","2","785,93","252","21313","0","0","123,85"
"2026-09-02T22:01:30.8878726+02:00","865,477","TinyPedal","False","","0","0","0","0","0","0","0","0","0","0","0","0","0","0","0","0","0"
"2026-09-02T22:01:31.8977367+02:00","866,477","BlackRack Overlay","True","24520","8","2,606","1340,64","1147,54","30,35","46,47","198,27","847,68","21,94","2,84","2","787,18","252","21349","0","0","126,45"
"2026-09-02T22:01:31.8992378+02:00","866,489","TinyPedal","False","","0","0","0","0","0","0","0","0","0","0","0","0","0","0","0","0","0"
"2026-09-02T22:01:32.9320082+02:00","867,511","BlackRack Overlay","True","24520","8","3,212","1341,12","1148,48","30,37","46,47","198,2","848,66","21,94","2,84","2","788,13","252","21406","0","0","124,63"
"2026-09-02T22:01:32.9345206+02:00","867,523","TinyPedal","False","","0","0","0","0","0","0","0","0","0","0","0","0","0","0","0","0","0"
"2026-09-02T22:01:33.9348970+02:00","868,514","BlackRack Overlay","True","24520","8","2,143","1342,82","1150,09","30,35","46,43","198,2","850,33","21,94","2,84","2","789,79","252","21442","0","0","123,7"
"2026-09-02T22:01:33.9373975+02:00","868,526","TinyPedal","False","","0","0","0","0","0","0","0","0","0","0","0","0","0","0","0","0","0"
"2026-09-02T22:01:34.9529675+02:00","869,529","BlackRack Overlay","True","24520","8","3,078","1344,2","1151,52","30,37","46,47","198,12","851,78","21,94","2,84","2","791,24","252","21499","0","0","120,45"
"2026-09-02T22:01:34.9544655+02:00","869,543","TinyPedal","False","","0","0","0","0","0","0","0","0","0","0","0","0","0","0","0","0","0"
"2026-09-02T22:01:35.9574318+02:00","870,537","BlackRack Overlay","True","24520","8","2,033","1345,55","1152,95","30,37","46,47","198,07","853,27","21,94","2,84","2","792,83","252","21535","0","0","119,32"
"2026-09-02T22:01:35.9589307+02:00","870,548","TinyPedal","False","","0","0","0","0","0","0","0","0","0","0","0","0","0","0","0","0","0"
"2026-09-02T22:01:36.9789319+02:00","871,554","BlackRack Overlay","True","24520","8","3,457","1340,21","1141,54","30,37","46,47","193,07","846,86","21,94","2,84","2","786,3","252","21286","0","0","119,32"
"2026-09-02T22:01:36.9809366+02:00","871,57","TinyPedal","False","","0","0","0","0","0","0","0","0","0","0","0","0","0","0","0","0","0"
"2026-09-02T22:01:37.9789925+02:00","872,558","BlackRack Overlay","True","24520","8","2,432","1340,09","1140,33","30,37","46,43","191,5","847,26","21,94","2,84","2","786,7","252","21340","0","0","120,32"
"2026-09-02T22:01:37.9820502+02:00","872,571","TinyPedal","False","","0","0","0","0","0","0","0","0","0","0","0","0","0","0","0","0","0"
"2026-09-02T22:01:38.9788372+02:00","873,561","BlackRack Overlay","True","24520","8","2,338","1340,66","1147,09","30,37","46,43","197,72","847,8","21,94","2,84","2","787,22","252","21397","0","0","127,76"
"2026-09-02T22:01:38.9818756+02:00","873,571","TinyPedal","False","","0","0","0","0","0","0","0","0","0","0","0","0","0","0","0","0","0"
"2026-09-02T22:01:40.0055167+02:00","874,585","BlackRack Overlay","True","24520","8","2,67","1341,55","1148,13","30,37","46,47","197,73","848,79","21,94","2,84","2","788,32","252","21433","0","0","127,85"
"2026-09-02T22:01:40.0085274+02:00","874,597","TinyPedal","False","","0","0","0","0","0","0","0","0","0","0","0","0","0","0","0","0","0"
"2026-09-02T22:01:41.0177221+02:00","875,598","BlackRack Overlay","True","24520","8","2,121","1338,5","1145,44","30,16","46,47","197,46","846,57","21,94","2,84","2","786,02","252","21490","0","0","123,57"
"2026-09-02T22:01:41.0207351+02:00","875,609","TinyPedal","False","","0","0","0","0","0","0","0","0","0","0","0","0","0","0","0","0","0"
"2026-09-02T22:01:42.0331100+02:00","876,609","BlackRack Overlay","True","24520","8","2,608","1340,43","1147,5","30,16","46,42","198,25","847,9","21,94","2,84","2","787,35","252","21526","0","0","121,63"
"2026-09-02T22:01:42.0351111+02:00","876,624","TinyPedal","False","","0","0","0","0","0","0","0","0","0","0","0","0","0","0","0","0","0"
"2026-09-02T22:01:43.0450279+02:00","877,625","BlackRack Overlay","True","24520","8","2,307","1337,3","1144,38","30,24","46,49","198,27","844,61","21,94","2,84","2","784,55","252","21583","0","0","123,44"
"2026-09-02T22:01:43.0470337+02:00","877,636","TinyPedal","False","","0","0","0","0","0","0","0","0","0","0","0","0","0","0","0","0","0"
"2026-09-02T22:01:44.0630459+02:00","878,643","BlackRack Overlay","True","24520","8","2,204","1338,7","1145,92","30,26","46,54","198,27","846,08","21,94","2,84","2","786,02","252","21619","0","0","123,88"
"2026-09-02T22:01:44.0705671+02:00","878,659","TinyPedal","False","","0","0","0","0","0","0","0","0","0","0","0","0","0","0","0","0","0"
"2026-09-02T22:01:45.0547094+02:00","879,635","BlackRack Overlay","True","24520","8","3,052","1341,17","1147,99","30,25","46,55","197,27","849,16","21,94","2,84","2","788,98","252","21676","0","0","121,75"
"2026-09-02T22:01:45.0577173+02:00","879,646","TinyPedal","False","","0","0","0","0","0","0","0","0","0","0","0","0","0","0","0","0","0"
"2026-09-02T22:01:46.0841724+02:00","880,664","BlackRack Overlay","True","24520","8","2,184","1344,74","1150,91","30,28","46,43","196,44","852,99","21,94","2,84","2","792,8","252","21712","0","0","120,54"
"2026-09-02T22:01:46.0866690+02:00","880,676","TinyPedal","False","","0","0","0","0","0","0","0","0","0","0","0","0","0","0","0","0","0"
"2026-09-02T22:01:47.0911140+02:00","881,671","BlackRack Overlay","True","24520","8","5,236","1341,55","1146,14","30,29","46,45","195,65","848,98","21,94","2,84","2","788,8","252","21477","0","0","120,41"
"2026-09-02T22:01:47.0931172+02:00","881,682","TinyPedal","False","","0","0","0","0","0","0","0","0","0","0","0","0","0","0","0","0","0"
"2026-09-02T22:01:48.0851742+02:00","882,666","BlackRack Overlay","True","24520","8","2,454","1341,8","1146,34","30,29","46,45","195,47","849,35","21,94","2,84","2","789,17","252","21513","0","0","125"
"2026-09-02T22:01:48.0871708+02:00","882,676","TinyPedal","False","","0","0","0","0","0","0","0","0","0","0","0","0","0","0","0","0","0"
"2026-09-02T22:01:49.1109152+02:00","883,685","BlackRack Overlay","True","24520","8","2,3","1338,95","1143,95","30,3","46,45","195,51","846,92","21,94","2,84","2","786,73","252","21588","0","0","121,54"
"2026-09-02T22:01:49.1129195+02:00","883,702","TinyPedal","False","","0","0","0","0","0","0","0","0","0","0","0","0","0","0","0","0","0"
"2026-09-02T22:01:50.1262255+02:00","884,707","BlackRack Overlay","True","24520","8","1,911","1341,59","1146,46","30,34","46,4","196,79","848,16","21,94","2,84","2","787,97","252","21624","0","0","125,01"
"2026-09-02T22:01:50.1282396+02:00","884,717","TinyPedal","False","","0","0","0","0","0","0","0","0","0","0","0","0","0","0","0","0","0"
"2026-09-02T22:01:51.1390743+02:00","885,72","BlackRack Overlay","True","24520","8","2,313","1342,91","1147,85","30,34","46,54","196,73","849,46","21,94","2,84","2","789,24","252","21681","0","0","121,82"
"2026-09-02T22:01:51.1425828+02:00","885,731","TinyPedal","False","","0","0","0","0","0","0","0","0","0","0","0","0","0","0","0","0","0"
"2026-09-02T22:01:52.1591615+02:00","886,739","BlackRack Overlay","True","24520","8","3,356","1344,25","1148,54","30,32","46,54","196,17","850,73","21,94","2,84","2","790,5","252","21717","0","0","123,07"
"2026-09-02T22:01:52.1616695+02:00","886,75","TinyPedal","False","","0","0","0","0","0","0","0","0","0","0","0","0","0","0","0","0","0"
"2026-09-02T22:01:53.1691399+02:00","887,749","BlackRack Overlay","True","24520","8","2,514","1345,22","1150,02","30,32","46,54","196,13","852,26","21,94","2,84","2","791,88","252","21774","0","0","126,15"
"2026-09-02T22:01:53.1721488+02:00","887,761","TinyPedal","False","","0","0","0","0","0","0","0","0","0","0","0","0","0","0","0","0","0"
"2026-09-02T22:01:54.1877618+02:00","888,768","BlackRack Overlay","True","24520","8","2,3","1346,71","1151,58","30,32","46,4","196,19","853,89","21,94","2,84","2","793,45","252","21810","0","0","122,77"
"2026-09-02T22:01:54.1892711+02:00","888,779","TinyPedal","False","","0","0","0","0","0","0","0","0","0","0","0","0","0","0","0","0","0"
"2026-09-02T22:01:55.2022966+02:00","889,782","BlackRack Overlay","True","24520","8","2,697","1349,5","1154,44","30,32","46,45","196,5","856,4","21,94","2,84","2","795,95","252","21867","0","0","124,27"
"2026-09-02T22:01:55.2047968+02:00","889,793","TinyPedal","False","","0","0","0","0","0","0","0","0","0","0","0","0","0","0","0","0","0"
"2026-09-02T22:01:56.2200098+02:00","890,797","BlackRack Overlay","True","24520","8","2,405","1359,41","1164,42","30,32","46,45","196,24","866,65","21,92","2,84","2","806,2","252","21903","0","0","122,46"
"2026-09-02T22:01:56.2215207+02:00","890,81","TinyPedal","False","","0","0","0","0","0","0","0","0","0","0","0","0","0","0","0","0","0"
"2026-09-02T22:01:57.2303956+02:00","891,811","BlackRack Overlay","True","24520","8","2,502","1361,58","1166,14","30,32","46,54","195,6","868,92","21,93","2,84","2","808,47","252","21960","0","0","121,46"
"2026-09-02T22:01:57.2334006+02:00","891,822","TinyPedal","False","","0","0","0","0","0","0","0","0","0","0","0","0","0","0","0","0","0"
"2026-09-02T22:01:58.2538913+02:00","892,833","BlackRack Overlay","True","24520","8","4,969","1355,74","1160,58","30,32","46,39","197,19","861,91","21,93","2,84","2","801,52","252","21688","0","0","125,02"
"2026-09-02T22:01:58.2563913+02:00","892,845","TinyPedal","False","","0","0","0","0","0","0","0","0","0","0","0","0","0","0","0","0","0"
"2026-09-02T22:01:59.2636862+02:00","893,845","BlackRack Overlay","True","24520","8","2,703","1356,14","1160,95","30,32","46,39","197,2","862,26","21,94","2,84","2","801,81","252","21763","0","0","124,52"
"2026-09-02T22:01:59.2671936+02:00","893,856","TinyPedal","False","","0","0","0","0","0","0","0","0","0","0","0","0","0","0","0","0","0"
"2026-09-02T22:02:00.2769353+02:00","894,858","BlackRack Overlay","True","24520","8","2,894","1353,43","1158,28","30,32","46,45","198,18","858,56","21,94","2,84","2","798,11","252","21799","0","0","123,86"
"2026-09-02T22:02:00.2784469+02:00","894,867","TinyPedal","False","","0","0","0","0","0","0","0","0","0","0","0","0","0","0","0","0","0"
"2026-09-02T22:02:01.2961569+02:00","895,872","BlackRack Overlay","True","24520","8","2,407","1354,21","1159,09","30,34","46,48","197,67","859,83","21,94","2,84","2","799,37","252","21856","0","0","125,12"
"2026-09-02T22:02:01.2986646+02:00","895,887","TinyPedal","False","","0","0","0","0","0","0","0","0","0","0","0","0","0","0","0","0","0"
"2026-09-02T22:02:02.3155424+02:00","896,893","BlackRack Overlay","True","24520","8","2,772","1355,69","1159,47","30,34","46,42","196,72","861,22","21,94","2,84","2","800,81","252","21892","0","0","123,89"
"2026-09-02T22:02:02.3185490+02:00","896,907","TinyPedal","False","","0","0","0","0","0","0","0","0","0","0","0","0","0","0","0","0","0"
"2026-09-02T22:02:03.3318588+02:00","897,906","BlackRack Overlay","True","24520","8","2,797","1356,84","1160,42","29,43","46,42","197,3","862,5","21,94","2,84","2","802,05","252","21949","0","0","125,3"
"2026-09-02T22:02:03.3343938+02:00","897,923","TinyPedal","False","","0","0","0","0","0","0","0","0","0","0","0","0","0","0","0","0","0"
"2026-09-02T22:02:04.3407572+02:00","898,919","BlackRack Overlay","True","24520","8","2,024","1357,69","1166,16","29,48","46,46","201,59","863,85","21,94","2,84","2","803,4","252","21985","0","0","127,18"
"2026-09-02T22:02:04.3432596+02:00","898,932","TinyPedal","False","","0","0","0","0","0","0","0","0","0","0","0","0","0","0","0","0","0"
"2026-09-02T22:02:05.3536128+02:00","899,934","BlackRack Overlay","True","24520","8","2,406","1358,16","1166,2","29,54","46,52","199,88","865,48","21,94","2,84","2","804,99","252","22042","0","0","127,08"
"2026-09-02T22:02:05.3556202+02:00","899,945","TinyPedal","False","","0","0","0","0","0","0","0","0","0","0","0","0","0","0","0","0","0"
"2026-09-02T22:02:06.3692948+02:00","900,951","BlackRack Overlay","True","24520","8","2,112","1361,93","1170,45","29,58","46,39","200,14","869,4","22,09","2,84","2","809,02","252","22078","0","0","124,08"
"2026-09-02T22:02:06.3718008+02:00","900,961","TinyPedal","False","","0","0","0","0","0","0","0","0","0","0","0","0","0","0","0","0","0"
"2026-09-02T22:02:07.3507996+02:00","901,931","BlackRack Overlay","True","24520","8","2,99","1364,66","1173,47","29,58","46,61","200,16","872,2","22,09","2,84","2","811,74","252","22135","0","0","124,49"
"2026-09-02T22:02:07.3528003+02:00","901,941","TinyPedal","False","","0","0","0","0","0","0","0","0","0","0","0","0","0","0","0","0","0"
"2026-09-02T22:02:08.3675670+02:00","902,944","BlackRack Overlay","True","24520","8","5,303","1355,48","1163,09","29,58","46,61","200,14","861,83","22,09","2,84","2","801,38","252","21855","0","0","124,14"
"2026-09-02T22:02:08.3695710+02:00","902,958","TinyPedal","False","","0","0","0","0","0","0","0","0","0","0","0","0","0","0","0","0","0"
"2026-09-02T22:02:09.3732689+02:00","903,955","BlackRack Overlay","True","24520","8","2,511","1356,31","1160,04","29,63","46,52","195,92","863,05","22,09","2,84","2","802,59","249","21904","0","0","124,27"
"2026-09-02T22:02:09.3762897+02:00","903,965","TinyPedal","False","","0","0","0","0","0","0","0","0","0","0","0","0","0","0","0","0","0"
"2026-09-02T22:02:10.3909328+02:00","904,968","BlackRack Overlay","True","24520","8","2,891","1357,62","1161,58","30,25","46,41","195,72","864,27","22,09","2,84","2","803,81","249","21958","0","0","124,3"
"2026-09-02T22:02:10.3929318+02:00","904,982","TinyPedal","False","","0","0","0","0","0","0","0","0","0","0","0","0","0","0","0","0","0"
"2026-09-02T22:02:11.4064143+02:00","905,985","BlackRack Overlay","True","24520","8","2,977","1358,95","1162,9","29,54","46,45","195,66","866,32","22,09","2,84","2","805,99","249","22015","0","0","123,96"
"2026-09-02T22:02:11.4089251+02:00","905,998","TinyPedal","False","","0","0","0","0","0","0","0","0","0","0","0","0","0","0","0","0","0"
"2026-09-02T22:02:12.4165489+02:00","906,997","BlackRack Overlay","True","24520","8","2,122","1357,29","1161,12","29,54","46,46","195,61","864,59","22,09","2,84","2","804,67","249","22050","0","0","123,46"
"2026-09-02T22:02:12.4185487+02:00","907,007","TinyPedal","False","","0","0","0","0","0","0","0","0","0","0","0","0","0","0","0","0","0"
"2026-09-02T22:02:13.4516406+02:00","908,029","BlackRack Overlay","True","24520","8","2,839","1358,91","1164,22","29,59","46,74","196,76","866,2","22,11","2,84","2","806,24","249","22108","0","0","125,52"
"2026-09-02T22:02:13.4541377+02:00","908,043","TinyPedal","False","","0","0","0","0","0","0","0","0","0","0","0","0","0","0","0","0","0"
"2026-09-02T22:02:14.4523738+02:00","909,032","BlackRack Overlay","True","24520","8","2,045","1355,59","1162,52","29,61","46,28","198,38","863,31","22,11","2,84","2","803,35","249","22144","0","0","122,96"
"2026-09-02T22:02:14.4548738+02:00","909,043","TinyPedal","False","","0","0","0","0","0","0","0","0","0","0","0","0","0","0","0","0","0"
"2026-09-02T22:02:15.4752182+02:00","910,05","BlackRack Overlay","True","24520","8","2,686","1357,78","1165,02","29,6","46,29","198,49","865,71","22,11","2,84","2","805,75","249","22201","0","0","123,58"
"2026-09-02T22:02:15.4782195+02:00","910,067","TinyPedal","False","","0","0","0","0","0","0","0","0","0","0","0","0","0","0","0","0","0"
"2026-09-02T22:02:16.4755312+02:00","911,056","BlackRack Overlay","True","24520","8","2,719","1360,71","1168,3","29,6","46,29","198,47","869,01","22,11","2,84","2","808,84","249","22237","0","0","125,02"
"2026-09-02T22:02:16.4775374+02:00","911,066","TinyPedal","False","","0","0","0","0","0","0","0","0","0","0","0","0","0","0","0","0","0"
"2026-09-02T22:02:17.4990507+02:00","912,073","BlackRack Overlay","True","24520","8","4,032","1357,43","1163,23","29,6","46,29","197,01","865,39","22,11","2,84","2","805,16","249","21994","0","0","124,17"
"2026-09-02T22:02:17.5010575+02:00","912,09","TinyPedal","False","","0","0","0","0","0","0","0","0","0","0","0","0","0","0","0","0","0"
"2026-09-02T22:02:18.5020456+02:00","913,082","BlackRack Overlay","True","24520","8","2,518","1359,4","1163,07","29,6","46,29","196,14","866,11","22,11","2,84","2","805,86","249","22030","0","0","123,45"
"2026-09-02T22:02:18.5045507+02:00","913,093","TinyPedal","False","","0","0","0","0","0","0","0","0","0","0","0","0","0","0","0","0","0"
"2026-09-02T22:02:19.5120215+02:00","914,092","BlackRack Overlay","True","24520","8","2,61","1360,57","1164,48","30,39","46,29","196,14","866,72","22,11","2,84","2","806,46","252","22098","0","0","123,45"
"2026-09-02T22:02:19.5140217+02:00","914,103","TinyPedal","False","","0","0","0","0","0","0","0","0","0","0","0","0","0","0","0","0","0"
"2026-09-02T22:02:20.5368994+02:00","915,116","BlackRack Overlay","True","24520","8","3,148","1355,82","1161,2","30,24","46,29","197,68","862,05","22,11","2,84","2","801,79","249","22123","0","0","127,23"
"2026-09-02T22:02:20.5393994+02:00","915,128","TinyPedal","False","","0","0","0","0","0","0","0","0","0","0","0","0","0","0","0","0","0"
"2026-09-02T22:02:21.5480229+02:00","916,127","BlackRack Overlay","True","24520","8","1,932","1357,24","1163,09","30,25","46,35","197,59","863,96","22,11","2,84","2","803,74","249","22198","0","0","124,2"
"2026-09-02T22:02:21.5505302+02:00","916,139","TinyPedal","False","","0","0","0","0","0","0","0","0","0","0","0","0","0","0","0","0","0"
"2026-09-02T22:02:22.5610784+02:00","917,137","BlackRack Overlay","True","24520","8","2,223","1358,57","1164,56","30,25","46,29","197,76","865,32","22,11","2,84","2","805,1","249","22234","0","0","122,92"
"2026-09-02T22:02:22.5635865+02:00","917,152","TinyPedal","False","","0","0","0","0","0","0","0","0","0","0","0","0","0","0","0","0","0"
"2026-09-02T22:02:23.5778348+02:00","918,156","BlackRack Overlay","True","24520","8","2,683","1359,87","1165,96","30,25","46,32","197,76","866,7","22,11","2,84","2","806,47","249","22290","0","0","123,27"
"2026-09-02T22:02:23.5798354+02:00","918,169","TinyPedal","False","","0","0","0","0","0","0","0","0","0","0","0","0","0","0","0","0","0"
"2026-09-02T22:02:24.6012203+02:00","919,183","BlackRack Overlay","True","24520","8","3,045","1362,25","1171,01","30,22","46,41","199,37","870,11","22,11","2,8","2","809,66","247","22327","0","0","125,77"
"2026-09-02T22:02:24.6077369+02:00","919,197","TinyPedal","False","","0","0","0","0","0","0","0","0","0","0","0","0","0","0","0","0","0"
"2026-09-02T22:02:25.5918486+02:00","920,173","BlackRack Overlay","True","24520","8","2,269","1364,9","1172,41","30,25","46,43","198,72","872,07","22,11","2,84","2","811,61","249","22383","0","0","125,27"
"2026-09-02T22:02:25.5948731+02:00","920,183","TinyPedal","False","","0","0","0","0","0","0","0","0","0","0","0","0","0","0","0","0","0"
"2026-09-02T22:02:26.6026017+02:00","921,182","BlackRack Overlay","True","24520","8","1,934","1366,09","1173","30,22","46,37","197,88","873,58","22,11","2,84","2","813,12","249","22420","0","0","124,7"
"2026-09-02T22:02:26.6050993+02:00","921,194","TinyPedal","False","","0","0","0","0","0","0","0","0","0","0","0","0","0","0","0","0","0"
"2026-09-02T22:02:27.6267293+02:00","922,206","BlackRack Overlay","True","24520","8","4,006","1360,47","1165,94","30,22","46,39","197,51","866,87","22,11","2,84","2","806,4","249","22191","0","0","123,45"
"2026-09-02T22:02:27.6287290+02:00","922,218","TinyPedal","False","","0","0","0","0","0","0","0","0","0","0","0","0","0","0","0","0","0"
"2026-09-02T22:02:28.6361889+02:00","923,218","BlackRack Overlay","True","24520","8","2,317","1353,71","1158,54","30,22","46,39","197,53","859,45","22,11","2,84","2","798,98","249","22227","0","0","121,89"
"2026-09-02T22:02:28.6381953+02:00","923,227","TinyPedal","False","","0","0","0","0","0","0","0","0","0","0","0","0","0","0","0","0","0"
"2026-09-02T22:02:29.6405773+02:00","924,216","BlackRack Overlay","True","24520","8","2,934","1353,45","1161,16","30,43","45,17","199,71","860,91","22,11","2,84","2","800,54","252","22295","0","0","127,2"
"2026-09-02T22:02:29.6430890+02:00","924,232","TinyPedal","False","","0","0","0","0","0","0","0","0","0","0","0","0","0","0","0","0","0"
"2026-09-02T22:02:30.6638677+02:00","925,243","BlackRack Overlay","True","24520","8","2,283","1355,94","1162,73","30,24","46,32","199,05","862,18","22,11","2,84","2","801,73","250","22323","0","0","125,8"
"2026-09-02T22:02:30.6663649+02:00","925,255","TinyPedal","False","","0","0","0","0","0","0","0","0","0","0","0","0","0","0","0","0","0"
"2026-09-02T22:02:31.6681438+02:00","926,249","BlackRack Overlay","True","24520","8","2,813","1357,09","1164,01","30,29","46,32","199,05","863,41","22,11","2,84","2","802,91","250","22380","0","0","122,36"
"2026-09-02T22:02:31.6696424+02:00","926,259","TinyPedal","False","","0","0","0","0","0","0","0","0","0","0","0","0","0","0","0","0","0"
"2026-09-02T22:02:32.7000359+02:00","927,281","BlackRack Overlay","True","24520","8","2,84","1357,6","1165,13","30,36","46,34","199,21","864,28","22,11","2,84","2","803,76","250","22434","0","0","125,74"
"2026-09-02T22:02:32.7025504+02:00","927,291","TinyPedal","False","","0","0","0","0","0","0","0","0","0","0","0","0","0","0","0","0","0"
"2026-09-02T22:02:33.7059377+02:00","928,285","BlackRack Overlay","True","24520","8","2,042","1357,9","1165,34","30,36","45,91","199,02","865,11","22,11","2,84","2","805,74","250","22492","0","0","125,74"
"2026-09-02T22:02:33.7089362+02:00","928,297","TinyPedal","False","","0","0","0","0","0","0","0","0","0","0","0","0","0","0","0","0","0"
"2026-09-02T22:02:34.7199182+02:00","929,295","BlackRack Overlay","True","24520","8","2,321","1359,52","1165,71","30,36","46,27","197,46","866,68","22,11","2,84","2","807,22","250","22527","0","0","123,14"
"2026-09-02T22:02:34.7224902+02:00","929,311","TinyPedal","False","","0","0","0","0","0","0","0","0","0","0","0","0","0","0","0","0","0"
"2026-09-02T22:02:35.7265579+02:00","930,307","BlackRack Overlay","True","24520","8","2,797","1361,79","1167,93","30,35","46,35","198,13","868,16","22,11","2,84","2","808,69","250","22584","0","0","124,2"
"2026-09-02T22:02:35.7290843+02:00","930,318","TinyPedal","False","","0","0","0","0","0","0","0","0","0","0","0","0","0","0","0","0","0"
"2026-09-02T22:02:36.7497632+02:00","931,324","BlackRack Overlay","True","24520","8","3,074","1363,07","1169,4","30,35","46,41","198,16","869,54","22,11","2,84","2","810,07","250","22620","0","0","123,83"
"2026-09-02T22:02:36.7518073+02:00","931,341","TinyPedal","False","","0","0","0","0","0","0","0","0","0","0","0","0","0","0","0","0","0"
"2026-09-02T22:02:37.7591322+02:00","932,337","BlackRack Overlay","True","24520","8","5,492","1359,02","1162,35","30,35","45,93","195,66","865,46","22,11","2,84","2","805,99","250","22381","0","0","124,23"
"2026-09-02T22:02:37.7616428+02:00","932,35","TinyPedal","False","","0","0","0","0","0","0","0","0","0","0","0","0","0","0","0","0","0"
"2026-09-02T22:02:38.7711325+02:00","933,35","BlackRack Overlay","True","24520","8","3,375","1359,93","1163,57","30,35","46,38","195,64","866,27","22,11","2,84","2","806,88","250","22417","0","0","124,73"
"2026-09-02T22:02:38.7736372+02:00","933,362","TinyPedal","False","","0","0","0","0","0","0","0","0","0","0","0","0","0","0","0","0","0"
"2026-09-02T22:02:39.8046388+02:00","934,384","BlackRack Overlay","True","24520","8","2,078","1361,76","1166,7","30,35","46,41","197,77","867,22","22,11","2,84","2","807,76","250","22474","0","0","125,8"
"2026-09-02T22:02:39.8076480+02:00","934,397","TinyPedal","False","","0","0","0","0","0","0","0","0","0","0","0","0","0","0","0","0","0"
"2026-09-02T22:02:40.7985621+02:00","935,379","BlackRack Overlay","True","24520","8","2,454","1356,18","1161,05","30,3","46,43","197,77","861,61","22,11","2,84","2","802,15","250","22510","0","0","125,73"
"2026-09-02T22:02:40.8015738+02:00","935,39","TinyPedal","False","","0","0","0","0","0","0","0","0","0","0","0","0","0","0","0","0","0"
"2026-09-02T22:02:41.8014923+02:00","936,379","BlackRack Overlay","True","24520","8","2,735","1356,2","1160,91","29,41","46,18","197,35","863,02","22,11","2,84","2","803,56","250","22567","0","0","125,8"
"2026-09-02T22:02:41.8034924+02:00","936,393","TinyPedal","False","","0","0","0","0","0","0","0","0","0","0","0","0","0","0","0","0","0"
"2026-09-02T22:02:42.8347026+02:00","937,414","BlackRack Overlay","True","24520","8","1,886","1357,98","1162,82","29,46","46,28","197,28","864,86","22,11","2,84","2","804,95","250","22621","0","0","125,58"
"2026-09-02T22:02:42.8372012+02:00","937,426","TinyPedal","False","","0","0","0","0","0","0","0","0","0","0","0","0","0","0","0","0","0"
"2026-09-02T22:02:43.8273725+02:00","938,402","BlackRack Overlay","True","24520","8","3,264","1348,5","1153,62","29,5","46,3","197,44","855,44","22,11","2,84","2","795,48","250","22678","0","0","122,2"
"2026-09-02T22:02:43.8288833+02:00","938,418","TinyPedal","False","","0","0","0","0","0","0","0","0","0","0","0","0","0","0","0","0","0"
"2026-09-02T22:02:44.8300386+02:00","939,41","BlackRack Overlay","True","24520","8","2,518","1347,8","1152,16","29,5","46,3","195,59","855,83","22,11","2,84","2","795,87","250","22714","0","0","123,14"
"2026-09-02T22:02:44.8315456+02:00","939,421","TinyPedal","False","","0","0","0","0","0","0","0","0","0","0","0","0","0","0","0","0","0"
"2026-09-02T22:02:45.8438918+02:00","940,424","BlackRack Overlay","True","24520","8","2,601","1352,53","1157,61","29,62","46,16","195,57","861,31","22,11","2,84","2","801,31","250","22771","0","0","124,27"
"2026-09-02T22:02:45.8468915+02:00","940,435","TinyPedal","False","","0","0","0","0","0","0","0","0","0","0","0","0","0","0","0","0","0"
"2026-09-02T22:02:46.8698326+02:00","941,452","BlackRack Overlay","True","24520","8","3,515","1353,48","1156,81","29,67","46,29","195,02","860,88","22,11","2,84","2","800,62","250","22513","0","0","124,27"
"2026-09-02T22:02:46.8733416+02:00","941,462","TinyPedal","False","","0","0","0","0","0","0","0","0","0","0","0","0","0","0","0","0","0"
"2026-09-02T22:02:47.8514116+02:00","942,432","BlackRack Overlay","True","24520","8","2,29","1353,49","1157,04","29,62","46,3","195,12","861,04","22,11","2,84","2","800,83","250","22570","0","0","123,7"
"2026-09-02T22:02:47.8539189+02:00","942,442","TinyPedal","False","","0","0","0","0","0","0","0","0","0","0","0","0","0","0","0","0","0"
"2026-09-02T22:02:48.8755784+02:00","943,452","BlackRack Overlay","True","24520","8","2,585","1347,39","1153,84","29,63","46,38","199,16","853,71","22,11","2,84","2","793,5","250","22606","0","0","127,29"
"2026-09-02T22:02:48.8780791+02:00","943,467","TinyPedal","False","","0","0","0","0","0","0","0","0","0","0","0","0","0","0","0","0","0"
"2026-09-02T22:02:49.8816123+02:00","944,462","BlackRack Overlay","True","24520","8","2,225","1348,98","1155,62","30,3","46,16","199,15","855,07","22,11","2,84","2","794,84","250","22663","0","0","126,77"
"2026-09-02T22:02:49.8841152+02:00","944,473","TinyPedal","False","","0","0","0","0","0","0","0","0","0","0","0","0","0","0","0","0","0"
"2026-09-02T22:02:50.8896074+02:00","945,465","BlackRack Overlay","True","24520","8","2,336","1349,75","1156,39","30,3","46,36","198,44","856,35","22,11","2,84","2","796,12","250","22699","0","0","126,57"
"2026-09-02T22:02:50.8916152+02:00","945,48","TinyPedal","False","","0","0","0","0","0","0","0","0","0","0","0","0","0","0","0","0","0"
"2026-09-02T22:02:51.9053709+02:00","946,486","BlackRack Overlay","True","24520","8","2,2","1350,89","1157,62","30,3","46,4","198,4","857,58","22,11","2,84","2","797,35","250","22756","0","0","124,17"
"2026-09-02T22:02:51.9073706+02:00","946,496","TinyPedal","False","","0","0","0","0","0","0","0","0","0","0","0","0","0","0","0","0","0"
"2026-09-02T22:02:52.9201738+02:00","947,501","BlackRack Overlay","True","24520","8","2,503","1351,73","1158,79","30,35","46,42","198,29","858,79","22,11","2,84","2","798,6","250","22792","0","0","124,02"
"2026-09-02T22:02:52.9221812+02:00","947,511","TinyPedal","False","","0","0","0","0","0","0","0","0","0","0","0","0","0","0","0","0","0"
"2026-09-02T22:02:53.9454669+02:00","948,524","BlackRack Overlay","True","24520","8","1,718","1353,01","1160,07","30,35","46,27","198,12","860,39","22,11","2,84","2","800,16","250","22849","0","0","124,04"
"2026-09-02T22:02:53.9474735+02:00","948,536","TinyPedal","False","","0","0","0","0","0","0","0","0","0","0","0","0","0","0","0","0","0"
"2026-09-02T22:02:54.9487002+02:00","949,528","BlackRack Overlay","True","24520","8","3,597","1354,62","1162,93","30,36","46,29","199,08","862,26","22,11","2,84","2","801,74","249","22903","0","0","127,33"
"2026-09-02T22:02:54.9502028+02:00","949,54","TinyPedal","False","","0","0","0","0","0","0","0","0","0","0","0","0","0","0","0","0","0"
"2026-09-02T22:02:55.9750798+02:00","950,549","BlackRack Overlay","True","24520","8","2,008","1359,66","1168,39","30,36","46,34","200,1","866,64","22,11","2,84","2","805,88","250","22960","0","0","127,92"
"2026-09-02T22:02:55.9765762+02:00","950,565","TinyPedal","False","","0","0","0","0","0","0","0","0","0","0","0","0","0","0","0","0","0"
"2026-09-02T22:02:56.9668409+02:00","951,547","BlackRack Overlay","True","24520","8","4,501","1354,76","1162,3","30,35","46,37","200","860,73","22,01","2,84","2","799,96","250","22685","0","0","126,64"
"2026-09-02T22:02:56.9683409+02:00","951,558","TinyPedal","False","","0","0","0","0","0","0","0","0","0","0","0","0","0","0","0","0","0"
"2026-09-02T22:02:57.9952651+02:00","952,574","BlackRack Overlay","True","24520","8","2,472","1355,38","1163,04","30,36","46,21","199,7","861,91","22,01","2,84","2","801,13","250","22755","0","0","124,92"
"2026-09-02T22:02:58.0022697+02:00","952,591","TinyPedal","False","","0","0","0","0","0","0","0","0","0","0","0","0","0","0","0","0","0"
"2026-09-02T22:02:59.0024645+02:00","953,581","BlackRack Overlay","True","24520","8","2,231","1356,22","1163,91","30,36","46,25","199,64","862,8","22,01","2,84","2","802,02","250","22795","0","0","123,89"
"2026-09-02T22:02:59.0049686+02:00","953,594","TinyPedal","False","","0","0","0","0","0","0","0","0","0","0","0","0","0","0","0","0","0"
"2026-09-02T22:03:00.0180912+02:00","954,598","BlackRack Overlay","True","24520","8","2,976","1357,06","1164,89","30,36","46,3","199,64","863,73","22,02","2,84","2","802,91","250","22848","0","0","123,27"
"2026-09-02T22:03:00.0200977+02:00","954,609","TinyPedal","False","","0","0","0","0","0","0","0","0","0","0","0","0","0","0","0","0","0"
"2026-09-02T22:03:01.0288172+02:00","955,61","BlackRack Overlay","True","24520","8","2,414","1352,22","1158,02","29,68","46,34","197,35","859,79","22,02","2,84","2","799,09","250","22888","0","0","123,98"
"2026-09-02T22:03:01.0313244+02:00","955,62","TinyPedal","False","","0","0","0","0","0","0","0","0","0","0","0","0","0","0","0","0","0"
"2026-09-02T22:03:02.0331992+02:00","956,612","BlackRack Overlay","True","24520","8","3,213","1354,69","1160,86","29,7","46,26","197,36","862,68","22,02","2,84","2","801,9","250","22941","0","0","124,11"
"2026-09-02T22:03:02.0366984+02:00","956,626","TinyPedal","False","","0","0","0","0","0","0","0","0","0","0","0","0","0","0","0","0","0"
"2026-09-02T22:03:03.0548141+02:00","957,628","BlackRack Overlay","True","24520","8","2,499","1355,83","1161,91","29,71","46,33","196,73","864,29","22,02","2,84","2","803,51","250","22981","0","0","123,08"
"2026-09-02T22:03:03.0568174+02:00","957,645","TinyPedal","False","","0","0","0","0","0","0","0","0","0","0","0","0","0","0","0","0","0"
"2026-09-02T22:03:04.0616663+02:00","958,642","BlackRack Overlay","True","24520","8","3,661","1357,16","1162,07","29,71","46,34","195,46","865,71","22,02","2,84","2","804,93","250","23034","0","0","123,04"
"2026-09-02T22:03:04.0641751+02:00","958,653","TinyPedal","False","","0","0","0","0","0","0","0","0","0","0","0","0","0","0","0","0","0"
"2026-09-02T22:03:05.0835578+02:00","959,663","BlackRack Overlay","True","24520","8","2,296","1356,58","1161,36","29,7","46,4","195,07","865,34","22,02","2,84","2","804,56","250","23074","0","0","122,83"
"2026-09-02T22:03:05.0865704+02:00","959,675","TinyPedal","False","","0","0","0","0","0","0","0","0","0","0","0","0","0","0","0","0","0"
"2026-09-02T22:03:06.1072181+02:00","960,688","BlackRack Overlay","True","24520","8","5,052","1354,81","1157,89","29,7","46,29","194,57","862,47","22,02","2,84","2","801,69","250","22843","0","0","123,61"
"2026-09-02T22:03:06.1097551+02:00","960,698","TinyPedal","False","","0","0","0","0","0","0","0","0","0","0","0","0","0","0","0","0","0"
"2026-09-02T22:03:07.1195449+02:00","961,699","BlackRack Overlay","True","24520","8","3,667","1355,15","1157,8","29,7","46,35","194,26","862,64","22,02","2,84","2","801,86","250","22883","0","0","123,86"
"2026-09-02T22:03:07.1221581+02:00","961,711","TinyPedal","False","","0","0","0","0","0","0","0","0","0","0","0","0","0","0","0","0","0"
"2026-09-02T22:03:08.1294205+02:00","962,704","BlackRack Overlay","True","24520","8","2,139","1356,45","1159,19","29,7","46,35","195,29","863","22,02","2,84","2","802,22","250","22936","0","0","123,61"
"2026-09-02T22:03:08.1319291+02:00","962,721","TinyPedal","False","","0","0","0","0","0","0","0","0","0","0","0","0","0","0","0","0","0"
"2026-09-02T22:03:09.1515446+02:00","963,73","BlackRack Overlay","True","24520","8","2,664","1351,65","1154,36","29,71","46,37","195,16","858,26","22,02","2,84","2","797,47","250","22976","0","0","123,73"
"2026-09-02T22:03:09.1530512+02:00","963,742","TinyPedal","False","","0","0","0","0","0","0","0","0","0","0","0","0","0","0","0","0","0"
"2026-09-02T22:03:14.7237336+02:00","969,299","BlackRack Overlay","True","24520","8","2,455","1350,33","1154,49","29,47","46,36","195,39","858,41","22,02","2,84","2","797,69","251","23233","0","0","124,17"
"2026-09-02T22:03:14.7267623+02:00","969,315","TinyPedal","False","","0","0","0","0","0","0","0","0","0","0","0","0","0","0","0","0","0"
"2026-09-02T22:03:15.1253315+02:00","969,702","BlackRack Overlay","True","24520","8","2,911","1352,78","1156,71","29,48","46,39","195,43","860,56","22,02","2,84","2","799,82","251","23255","0","0","124,17"
"2026-09-02T22:03:15.1283299+02:00","969,717","TinyPedal","False","","0","0","0","0","0","0","0","0","0","0","0","0","0","0","0","0","0"
"2026-09-02T22:03:16.1363152+02:00","970,715","BlackRack Overlay","True","24520","8","4,818","1352,61","1155,68","29,48","46,42","196,02","858,9","22,02","2,84","2","798,11","251","23026","0","0","123,98"
"2026-09-02T22:03:16.1383188+02:00","970,727","TinyPedal","False","","0","0","0","0","0","0","0","0","0","0","0","0","0","0","0","0","0"
"2026-09-02T22:03:17.1236221+02:00","971,703","BlackRack Overlay","True","24520","8","2,076","1347,79","1150,85","29,53","46,43","195,62","854,41","22,02","2,84","2","793,35","251","23066","0","0","123,86"
"2026-09-02T22:03:17.1256414+02:00","971,715","TinyPedal","False","","0","0","0","0","0","0","0","0","0","0","0","0","0","0","0","0","0"
"2026-09-02T22:03:18.1381597+02:00","972,717","BlackRack Overlay","True","24520","8","2,792","1348,7","1151,64","29,48","46,27","195,51","855,52","22,02","2,84","2","794,46","251","23119","0","0","123,42"
"2026-09-02T22:03:18.1406597+02:00","972,729","TinyPedal","False","","0","0","0","0","0","0","0","0","0","0","0","0","0","0","0","0","0"
"2026-09-02T22:03:19.1576075+02:00","973,732","BlackRack Overlay","True","24520","8","3,079","1349,79","1152,86","29,61","46,34","195,45","856,61","22,02","2,84","2","795,59","251","23159","0","0","123,83"
"2026-09-02T22:03:19.1601063+02:00","973,749","TinyPedal","False","","0","0","0","0","0","0","0","0","0","0","0","0","0","0","0","0","0"
"2026-09-02T22:03:20.1635793+02:00","974,743","BlackRack Overlay","True","24520","8","2,318","1351,53","1157,89","30,3","46,38","198,52","857,84","22,02","2,84","2","796,79","251","23230","0","0","126,67"
"2026-09-02T22:03:20.1650869+02:00","974,754","TinyPedal","False","","0","0","0","0","0","0","0","0","0","0","0","0","0","0","0","0","0"
"2026-09-02T22:03:21.1866859+02:00","975,761","BlackRack Overlay","True","24520","8","2,015","1351,03","1157,73","30,37","46,42","198,33","857,75","22,02","2,84","2","796,68","251","23270","0","0","126,61"
"2026-09-02T22:03:21.1891862+02:00","975,778","TinyPedal","False","","0","0","0","0","0","0","0","0","0","0","0","0","0","0","0","0","0"
"2026-09-02T22:03:22.2022381+02:00","976,782","BlackRack Overlay","True","24520","8","2,584","1353,57","1162,66","30,35","46,32","201,56","859,58","22,02","2,84","2","798,51","251","23323","0","0","129,42"
"2026-09-02T22:03:22.2047416+02:00","976,794","TinyPedal","False","","0","0","0","0","0","0","0","0","0","0","0","0","0","0","0","0","0"
"2026-09-02T22:03:23.2204674+02:00","977,801","BlackRack Overlay","True","24520","8","3,068","1354,85","1164,03","30,36","46,42","201,45","860,95","22,02","2,84","2","799,93","251","23380","0","0","126,89"
"2026-09-02T22:03:23.2229817+02:00","977,812","TinyPedal","False","","0","0","0","0","0","0","0","0","0","0","0","0","0","0","0","0","0"
"2026-09-02T22:03:24.2352947+02:00","978,815","BlackRack Overlay","True","24520","8","2,696","1355,46","1164,75","30,36","46,52","200,59","862,47","22,02","2,8","2","801,39","249","23416","0","0","126,39"
"2026-09-02T22:03:24.2383011+02:00","978,827","TinyPedal","False","","0","0","0","0","0","0","0","0","0","0","0","0","0","0","0","0","0"
"2026-09-02T22:03:25.2678313+02:00","979,848","BlackRack Overlay","True","24520","8","5,483","1353,63","1162,39","30,35","46,44","200,24","860,52","22,02","2,84","2","799,11","251","23189","0","0","123,92"
"2026-09-02T22:03:25.2703475+02:00","979,859","TinyPedal","False","","0","0","0","0","0","0","0","0","0","0","0","0","0","0","0","0","0"
"2026-09-02T22:03:26.2754153+02:00","980,852","BlackRack Overlay","True","24520","8","1,847","1353,91","1160,54","30,35","46,38","198,25","860,72","22","2,84","2","799,28","251","23225","0","0","123,95"
"2026-09-02T22:03:26.2774289+02:00","980,866","TinyPedal","False","","0","0","0","0","0","0","0","0","0","0","0","0","0","0","0","0","0"
"2026-09-02T22:03:27.2681550+02:00","981,849","BlackRack Overlay","True","24520","8","3,333","1354,59","1161,45","30,36","46,39","198,19","861,66","22,01","2,84","2","799,7","251","23265","0","0","123,45"
"2026-09-02T22:03:27.2701628+02:00","981,859","TinyPedal","False","","0","0","0","0","0","0","0","0","0","0","0","0","0","0","0","0","0"
"2026-09-02T22:03:28.2897989+02:00","982,866","BlackRack Overlay","True","24520","8","1,536","1355,05","1160,92","30,35","46,39","197,19","862,14","22,01","2,84","2","800,25","251","23318","0","0","124,82"
"2026-09-02T22:03:28.2928067+02:00","982,882","TinyPedal","False","","0","0","0","0","0","0","0","0","0","0","0","0","0","0","0","0","0"
"2026-09-02T22:03:29.2845926+02:00","983,864","BlackRack Overlay","True","24520","8","2,152","1350,93","1156,36","30,36","46,39","196,63","858,12","22,02","2,84","2","796,23","251","23375","0","0","123,36"
"2026-09-02T22:03:29.2865968+02:00","983,875","TinyPedal","False","","0","0","0","0","0","0","0","0","0","0","0","0","0","0","0","0","0"
"2026-09-02T22:03:30.2989109+02:00","984,878","BlackRack Overlay","True","24520","8","2,119","1352,27","1156,77","30,36","46,38","195,82","859,36","22,02","2,84","2","797,46","251","23429","0","0","122,57"
"2026-09-02T22:03:30.3014171+02:00","984,89","TinyPedal","False","","0","0","0","0","0","0","0","0","0","0","0","0","0","0","0","0","0"
"2026-09-02T22:03:31.3118216+02:00","985,892","BlackRack Overlay","True","24520","8","2,6","1353,81","1158,3","30,35","46,39","195,82","860,89","22,02","2,84","2","799","251","23486","0","0","122,45"
"2026-09-02T22:03:31.3148460+02:00","985,904","TinyPedal","False","","0","0","0","0","0","0","0","0","0","0","0","0","0","0","0","0","0"
"2026-09-02T22:03:32.3188641+02:00","986,9","BlackRack Overlay","True","24520","8","2,519","1354,14","1158,01","30,35","46,39","194,22","862,2","22,02","2,84","2","800,41","251","23522","0","0","123,45"
"2026-09-02T22:03:32.3208722+02:00","986,909","TinyPedal","False","","0","0","0","0","0","0","0","0","0","0","0","0","0","0","0","0","0"
"2026-09-02T22:03:33.3370495+02:00","987,912","BlackRack Overlay","True","24520","8","2,027","1354,69","1158,86","30,35","46,39","193,85","863,42","22,02","2,84","2","801,58","251","23579","0","0","122,95"
"2026-09-02T22:03:33.3385494+02:00","987,928","TinyPedal","False","","0","0","0","0","0","0","0","0","0","0","0","0","0","0","0","0","0"
"2026-09-02T22:03:34.3490477+02:00","988,928","BlackRack Overlay","True","24520","8","2,596","1356,57","1160,68","30,35","46,3","194,04","865,12","22,02","2,84","2","803,27","251","23616","0","0","124,14"
"2026-09-02T22:03:34.3515505+02:00","988,94","TinyPedal","False","","0","0","0","0","0","0","0","0","0","0","0","0","0","0","0","0","0"
"2026-09-02T22:03:35.3499627+02:00","989,929","BlackRack Overlay","True","24520","8","4,582","1356,75","1159,59","30,35","46,39","193,75","864,25","22,02","2,84","2","803,38","251","23392","0","0","124,14"
"2026-09-02T22:03:35.3564688+02:00","989,945","TinyPedal","False","","0","0","0","0","0","0","0","0","0","0","0","0","0","0","0","0","0"
"2026-09-02T22:03:36.3633044+02:00","990,944","BlackRack Overlay","True","24520","8","1,637","1356,75","1159,64","30,35","46,39","193,66","864,39","22,02","2,84","2","803,64","251","23428","0","0","123,76"
"2026-09-02T22:03:36.3663332+02:00","990,955","TinyPedal","False","","0","0","0","0","0","0","0","0","0","0","0","0","0","0","0","0","0"
"2026-09-02T22:03:37.3728186+02:00","991,95","BlackRack Overlay","True","24520","8","2,911","1348,36","1152,63","30,35","46,39","194,89","856,15","22,02","2,84","2","795,33","251","23485","0","0","125,26"
"2026-09-02T22:03:37.3758252+02:00","991,964","TinyPedal","False","","0","0","0","0","0","0","0","0","0","0","0","0","0","0","0","0","0"
"2026-09-02T22:03:38.3806957+02:00","992,963","BlackRack Overlay","True","24520","8","2,314","1349,46","1153,95","30,35","46,29","195,13","857,32","22,02","2,84","2","796,49","251","23521","0","0","125,26"
"2026-09-02T22:03:38.3847100+02:00","992,973","TinyPedal","False","","0","0","0","0","0","0","0","0","0","0","0","0","0","0","0","0","0"
"2026-09-02T22:03:39.3880355+02:00","993,969","BlackRack Overlay","True","24520","8","2,817","1350,93","1156,92","30,35","46,33","196,87","858,51","22,02","2,84","2","797,66","251","23578","0","0","124,26"
"2026-09-02T22:03:39.3900401+02:00","993,979","TinyPedal","False","","0","0","0","0","0","0","0","0","0","0","0","0","0","0","0","0","0"
"2026-09-02T22:03:40.4128989+02:00","994,986","BlackRack Overlay","True","24520","8","2,687","1352,15","1158,21","30,36","46,39","196,87","859,73","22,02","2,84","2","798,86","251","23614","0","0","125,39"
"2026-09-02T22:03:40.4149002+02:00","995,004","TinyPedal","False","","0","0","0","0","0","0","0","0","0","0","0","0","0","0","0","0","0"
"2026-09-02T22:03:41.4084110+02:00","995,987","BlackRack Overlay","True","24520","8","3,218","1341,58","1148,04","30,35","46,39","196,59","849,86","22,02","2,84","2","789,05","251","23671","0","0","123,89"
"2026-09-02T22:03:41.4109210+02:00","996","TinyPedal","False","","0","0","0","0","0","0","0","0","0","0","0","0","0","0","0","0","0"
"2026-09-02T22:03:42.4204519+02:00","997,001","BlackRack Overlay","True","24520","8","0,289","1341,38","1146,86","30,35","45,32","195,26","851,08","22,02","2,84","2","789,29","251","23671","0","0","123,89"
"2026-09-02T22:03:42.4229638+02:00","997,012","TinyPedal","False","","0","0","0","0","0","0","0","0","0","0","0","0","0","0","0","0","0"
"2026-09-02T22:03:43.4594683+02:00","998,039","BlackRack Overlay","True","24520","8","3,294","1346","1171,44","30,35","46,47","217,39","852,38","22,02","2,84","2","790,53","251","23728","0","0","141,43"
"2026-09-02T22:03:43.4609692+02:00","998,05","TinyPedal","False","","0","0","0","0","0","0","0","0","0","0","0","0","0","0","0","0","0"
"2026-09-02T22:03:44.4529138+02:00","999,034","BlackRack Overlay","True","24520","8","1,963","1349,57","1175,2","30,36","46,51","217,44","856,03","22,02","2,84","2","794,09","251","23763","0","0","141,21"
"2026-09-02T22:03:44.4549238+02:00","999,044","TinyPedal","False","","0","0","0","0","0","0","0","0","0","0","0","0","0","0","0","0","0"
"2026-09-02T22:03:45.4875665+02:00","1000,069","BlackRack Overlay","True","24520","8","5,379","1347,18","1172,21","30,36","46,51","217,23","853,25","22,02","2,84","2","791,67","251","23535","0","0","140,11"
"2026-09-02T22:03:45.4890735+02:00","1000,078","TinyPedal","False","","0","0","0","0","0","0","0","0","0","0","0","0","0","0","0","0","0"
"2026-09-02T22:03:46.4807355+02:00","1001,062","BlackRack Overlay","True","24520","8","2,95","1347,82","1169,72","30,35","46,31","213,93","854,27","22,02","2,84","2","792,67","251","23571","0","0","138,96"
"2026-09-02T22:03:46.4827424+02:00","1001,071","TinyPedal","False","","0","0","0","0","0","0","0","0","0","0","0","0","0","0","0","0","0"
"2026-09-02T22:03:47.5008436+02:00","1002,079","BlackRack Overlay","True","24520","8","2,112","1348,84","1170,64","30,35","46,36","213,92","855,16","22,02","2,84","2","793,54","251","23628","0","0","139,71"
"2026-09-02T22:03:47.5033521+02:00","1002,092","TinyPedal","False","","0","0","0","0","0","0","0","0","0","0","0","0","0","0","0","0","0"
"2026-09-02T22:03:48.5057739+02:00","1003,088","BlackRack Overlay","True","24520","8","3,001","1349,21","1171,24","30,3","46,37","213,67","856,04","22,02","2,84","2","794,43","251","23664","0","0","136,02"
"2026-09-02T22:03:48.5082732+02:00","1003,097","TinyPedal","False","","0","0","0","0","0","0","0","0","0","0","0","0","0","0","0","0","0"
"2026-09-02T22:03:49.5389362+02:00","1004,119","BlackRack Overlay","True","24520","8","2,083","1346,86","1166,91","30,56","46,68","211,8","852,7","22,33","2,84","2","791,18","254","23732","0","0","136,02"
"2026-09-02T22:03:49.5419358+02:00","1004,13","TinyPedal","False","","0","0","0","0","0","0","0","0","0","0","0","0","0","0","0","0","0"
"2026-09-02T22:03:50.5595754+02:00","1005,14","BlackRack Overlay","True","24520","8","2,01","1347,45","1167,65","30,35","46,47","211,57","854,09","22,33","2,84","2","792,49","251","23757","0","0","136,55"
"2026-09-02T22:03:50.5620798+02:00","1005,151","TinyPedal","False","","0","0","0","0","0","0","0","0","0","0","0","0","0","0","0","0","0"
"2026-09-02T22:03:51.5550571+02:00","1006,137","BlackRack Overlay","True","24520","8","4,015","1349,06","1168,43","30,36","46,51","210,9","855,49","22,33","2,84","2","793,88","251","23814","0","0","137,92"
"2026-09-02T22:03:51.5570657+02:00","1006,146","TinyPedal","False","","0","0","0","0","0","0","0","0","0","0","0","0","0","0","0","0","0"
"2026-09-02T22:03:52.5786490+02:00","1007,156","BlackRack Overlay","True","24520","8","2,396","1351,45","1171,21","30,35","46,53","210,62","858,54","22,33","2,84","2","796,89","251","23868","0","0","135,92"
"2026-09-02T22:03:52.5801505+02:00","1007,169","TinyPedal","False","","0","0","0","0","0","0","0","0","0","0","0","0","0","0","0","0","0"
"2026-09-02T22:03:53.5876807+02:00","1008,169","BlackRack Overlay","True","24520","8","2,89","1350,46","1170,31","29,56","46,53","210,63","858,42","22,33","2,84","2","796,75","251","23925","0","0","135,98"
"2026-09-02T22:03:53.5896858+02:00","1008,179","TinyPedal","False","","0","0","0","0","0","0","0","0","0","0","0","0","0","0","0","0","0"
"2026-09-02T22:03:54.6202804+02:00","1009,198","BlackRack Overlay","True","24520","8","4,083","1346,25","1165,14","29,6","46,52","210,39","853,46","22,33","2,84","2","791,85","250","23677","0","0","135,98"
"2026-09-02T22:03:54.6217838+02:00","1009,211","TinyPedal","False","","0","0","0","0","0","0","0","0","0","0","0","0","0","0","0","0","0"
"2026-09-02T22:03:55.6066411+02:00","1010,187","BlackRack Overlay","True","24520","8","3,16","1347,61","1168,5","30,27","46,68","212,5","853,88","22,33","2,84","2","792,26","251","23734","0","0","138,36"
"2026-09-02T22:03:55.6091410+02:00","1010,198","TinyPedal","False","","0","0","0","0","0","0","0","0","0","0","0","0","0","0","0","0","0"
"2026-09-02T22:03:56.6067957+02:00","1011,187","BlackRack Overlay","True","24520","8","2,441","1347,95","1168,79","30,29","46,68","212,6","854,05","22,33","2,84","2","792,43","251","23770","0","0","140,33"
"2026-09-02T22:03:56.6087970+02:00","1011,197","TinyPedal","False","","0","0","0","0","0","0","0","0","0","0","0","0","0","0","0","0","0"
"2026-09-02T22:03:57.6381434+02:00","1012,219","BlackRack Overlay","True","24520","8","2,744","1343,29","1165,12","30,27","46,72","213,58","849,38","22,33","2,84","2","787,77","251","23827","0","0","140,3"
"2026-09-02T22:03:57.6406434+02:00","1012,229","TinyPedal","False","","0","0","0","0","0","0","0","0","0","0","0","0","0","0","0","0","0"
"2026-09-02T22:03:58.6351960+02:00","1013,216","BlackRack Overlay","True","24520","8","2,939","1344,16","1166,04","30,27","46,61","213,44","850,55","22,33","2,84","2","788,99","251","23863","0","0","125,45"
"2026-09-02T22:03:58.6362027+02:00","1013,226","TinyPedal","False","","0","0","0","0","0","0","0","0","0","0","0","0","0","0","0","0","0"
"2026-09-02T22:03:59.6572242+02:00","1014,234","BlackRack Overlay","True","24520","8","2,495","1345,73","1167,43","30,43","46,61","213,42","851,81","22,33","2,84","2","790,2","254","23931","0","0","126,2"
"2026-09-02T22:03:59.6602226+02:00","1014,249","TinyPedal","False","","0","0","0","0","0","0","0","0","0","0","0","0","0","0","0","0","0"
"2026-09-02T22:04:00.6509768+02:00","1015,233","BlackRack Overlay","True","24520","8","3,423","1346,68","1167,71","30,34","46,64","212,54","853,03","22,33","2,84","2","791,41","251","23956","0","0","125,89"
"2026-09-02T22:04:00.6529876+02:00","1015,242","TinyPedal","False","","0","0","0","0","0","0","0","0","0","0","0","0","0","0","0","0","0"
"2026-09-02T22:04:01.6611355+02:00","1016,238","BlackRack Overlay","True","24520","8","3,398","1347,06","1158,24","30,34","46,64","201,78","854,31","22,33","2,84","2","792,7","251","24013","0","0","125,42"
"2026-09-02T22:04:01.6636432+02:00","1016,252","TinyPedal","False","","0","0","0","0","0","0","0","0","0","0","0","0","0","0","0","0","0"
"2026-09-02T22:04:02.6554404+02:00","1017,237","BlackRack Overlay","True","24520","8","2,936","1348,21","1158,96","30,35","46,59","201,05","855,8","22,33","2,84","2","794,19","251","24049","0","0","124,42"
"2026-09-02T22:04:02.6569384+02:00","1017,246","TinyPedal","False","","0","0","0","0","0","0","0","0","0","0","0","0","0","0","0","0","0"
"2026-09-02T22:04:03.6585099+02:00","1018,239","BlackRack Overlay","True","24520","8","2,338","1349,55","1160,39","30,35","46,62","200,98","857,27","22,33","2,84","2","795,7","251","24106","0","0","125,01"
"2026-09-02T22:04:03.6600101+02:00","1018,249","TinyPedal","False","","0","0","0","0","0","0","0","0","0","0","0","0","0","0","0","0","0"
"2026-09-02T22:04:04.6946707+02:00","1019,275","BlackRack Overlay","True","24520","8","6,129","1347,28","1153,77","30,34","46,66","198,01","853,59","22,33","2,84","2","791,97","251","23874","0","0","124,98"
"2026-09-02T22:04:04.6971703+02:00","1019,286","TinyPedal","False","","0","0","0","0","0","0","0","0","0","0","0","0","0","0","0","0","0"
"2026-09-02T22:04:05.6811675+02:00","1020,262","BlackRack Overlay","True","24520","8","2,573","1343,67","1154,24","30,36","46,66","203,44","848,61","22,33","2,84","2","787","251","23931","0","0","128,41"
"2026-09-02T22:04:05.6831719+02:00","1020,272","TinyPedal","False","","0","0","0","0","0","0","0","0","0","0","0","0","0","0","0","0","0"
"2026-09-02T22:04:06.6987746+02:00","1021,275","BlackRack Overlay","True","24520","8","2,795","1344,48","1156,19","30,34","46,55","204,43","849,71","22,33","2,84","2","788,06","251","23967","0","0","129,14"
"2026-09-02T22:04:06.7007795+02:00","1021,29","TinyPedal","False","","0","0","0","0","0","0","0","0","0","0","0","0","0","0","0","0","0"
"2026-09-02T22:04:07.7140307+02:00","1022,295","BlackRack Overlay","True","24520","8","2,586","1346,09","1159,13","30,34","46,66","205,64","851,32","22,33","2,84","2","789,92","251","24024","0","0","132,24"
"2026-09-02T22:04:07.7165304+02:00","1022,305","TinyPedal","False","","0","0","0","0","0","0","0","0","0","0","0","0","0","0","0","0","0"
"2026-09-02T22:04:08.7011794+02:00","1023,279","BlackRack Overlay","True","24520","8","2,38","1347,62","1160,77","30,35","46,66","205,46","853,12","22,33","2,84","2","791,09","251","24060","0","0","130,49"
"2026-09-02T22:04:08.7031890+02:00","1023,292","TinyPedal","False","","0","0","0","0","0","0","0","0","0","0","0","0","0","0","0","0","0"
"2026-09-02T22:04:09.7100749+02:00","1024,29","BlackRack Overlay","True","24520","8","3,573","1346,46","1160,13","30,56","46,66","205,31","852,42","22,33","2,84","2","790,38","254","24128","0","0","128,09"
"2026-09-02T22:04:09.7125816+02:00","1024,301","TinyPedal","False","","0","0","0","0","0","0","0","0","0","0","0","0","0","0","0","0","0"
"2026-09-02T22:04:10.7330376+02:00","1025,313","BlackRack Overlay","True","24520","8","2,96","1340,86","1151,86","30,3","46,64","202,68","847,06","22,33","2,84","2","785,02","251","24153","0","0","123,39"
"2026-09-02T22:04:10.7350352+02:00","1025,324","TinyPedal","False","","0","0","0","0","0","0","0","0","0","0","0","0","0","0","0","0","0"
"2026-09-02T22:04:11.7490340+02:00","1026,331","BlackRack Overlay","True","24520","8","2,88","1341,99","1155,43","30,35","46,64","204,78","848,49","22,33","2,84","2","786,45","251","24210","0","0","127,86"
"2026-09-02T22:04:11.7510340+02:00","1026,34","TinyPedal","False","","0","0","0","0","0","0","0","0","0","0","0","0","0","0","0","0","0"
"2026-09-02T22:04:12.7474045+02:00","1027,328","BlackRack Overlay","True","24520","8","2,349","1343,48","1154,46","30,35","46,64","201,37","850,93","22,33","2,84","2","788,92","251","24246","0","0","127,58"
"2026-09-02T22:04:12.7494191+02:00","1027,338","TinyPedal","False","","0","0","0","0","0","0","0","0","0","0","0","0","0","0","0","0","0"
"2026-09-02T22:04:13.7687798+02:00","1028,346","BlackRack Overlay","True","24520","8","4,029","1342,43","1152,05","30,35","46,64","200,77","849,12","22,33","2,84","2","787,11","251","24025","0","0","126,67"
"2026-09-02T22:04:13.7708002+02:00","1028,36","TinyPedal","False","","0","0","0","0","0","0","0","0","0","0","0","0","0","0","0","0","0"
"2026-09-02T22:04:14.7808169+02:00","1029,362","BlackRack Overlay","True","24520","8","1,538","1343,61","1152,21","30,36","46,63","199,3","850,73","22,33","2,84","2","788,71","251","24061","0","0","123,2"
"2026-09-02T22:04:14.7828272+02:00","1029,371","TinyPedal","False","","0","0","0","0","0","0","0","0","0","0","0","0","0","0","0","0","0"
"2026-09-02T22:04:15.7981152+02:00","1030,374","BlackRack Overlay","True","24520","8","2,509","1344,69","1153,15","30,36","46,64","199,12","851,86","22,33","2,84","2","789,59","251","24118","0","0","123,32"
"2026-09-02T22:04:15.8006128+02:00","1030,39","TinyPedal","False","","0","0","0","0","0","0","0","0","0","0","0","0","0","0","0","0","0"
"2026-09-02T22:04:16.8262853+02:00","1031,406","BlackRack Overlay","True","24520","8","2,65","1345,61","1151,51","30,35","46,64","196,59","852,76","22,33","2,84","2","790,49","251","24172","0","0","125,23"
"2026-09-02T22:04:16.8282889+02:00","1031,417","TinyPedal","False","","0","0","0","0","0","0","0","0","0","0","0","0","0","0","0","0","0"
"2026-09-02T22:04:17.8292024+02:00","1032,41","BlackRack Overlay","True","24520","8","2,918","1341,53","1147,87","30,35","46,68","196,59","849,09","22,33","2,84","2","786,56","251","24229","0","0","123,76"
"2026-09-02T22:04:17.8312022+02:00","1032,42","TinyPedal","False","","0","0","0","0","0","0","0","0","0","0","0","0","0","0","0","0","0"
"2026-09-02T22:04:18.8407386+02:00","1033,422","BlackRack Overlay","True","24520","8","2,51","1342,68","1148,91","30,35","46,62","196,51","850,26","22,33","2,84","2","787,74","251","24265","0","0","125,14"
"2026-09-02T22:04:18.8422425+02:00","1033,431","TinyPedal","False","","0","0","0","0","0","0","0","0","0","0","0","0","0","0","0","0","0"
"2026-09-02T22:04:19.8533896+02:00","1034,435","BlackRack Overlay","True","24520","8","3,953","1344,13","1150,42","30,35","46,62","196,54","851,73","22,33","2,84","2","789,21","251","24323","0","0","125,14"
"2026-09-02T22:04:19.8548933+02:00","1034,444","TinyPedal","False","","0","0","0","0","0","0","0","0","0","0","0","0","0","0","0","0","0"
"2026-09-02T22:04:20.8770003+02:00","1035,451","BlackRack Overlay","True","24520","8","3,746","1344,35","1150,76","30,35","46,62","196,39","852,23","22,33","2,84","2","789,71","251","24358","0","0","123,51"
"2026-09-02T22:04:20.8795037+02:00","1035,468","TinyPedal","False","","0","0","0","0","0","0","0","0","0","0","0","0","0","0","0","0","0"
"2026-09-02T22:04:21.8812392+02:00","1036,462","BlackRack Overlay","True","24520","8","2,222","1346,43","1152,5","30,3","46,28","195,82","854,93","22,33","2,84","2","792,34","251","24415","0","0","121,89"
"2026-09-02T22:04:21.8832688+02:00","1036,472","TinyPedal","False","","0","0","0","0","0","0","0","0","0","0","0","0","0","0","0","0","0"
"2026-09-02T22:04:22.8984139+02:00","1037,479","BlackRack Overlay","True","24520","8","2,113","1348,25","1154,38","30,3","46,54","195,82","856,55","22,33","2,84","2","793,95","250","24451","0","0","122,95"
"2026-09-02T22:04:22.9049339+02:00","1037,494","TinyPedal","False","","0","0","0","0","0","0","0","0","0","0","0","0","0","0","0","0","0"
"2026-09-02T22:04:23.9140117+02:00","1038,496","BlackRack Overlay","True","24520","8","4,611","1345,49","1149,59","30,3","46,58","194,83","852,71","22,33","2,84","2","790,11","250","24218","0","0","123,33"
"2026-09-02T22:04:23.9160101+02:00","1038,505","TinyPedal","False","","0","0","0","0","0","0","0","0","0","0","0","0","0","0","0","0","0"
"2026-09-02T22:04:24.9203839+02:00","1039,502","BlackRack Overlay","True","24520","8","2,523","1341,95","1147,81","30,3","46,62","196,88","848,88","22,33","2,8","2","786,31","248","24254","0","0","124,95"
"2026-09-02T22:04:24.9228887+02:00","1039,512","TinyPedal","False","","0","0","0","0","0","0","0","0","0","0","0","0","0","0","0","0","0"
"2026-09-02T22:04:25.9494137+02:00","1040,528","BlackRack Overlay","True","24520","8","3,332","1343,25","1149,46","30,35","46,42","196,87","850,66","22,33","2,84","2","787,93","250","24311","0","0","121,64"
"2026-09-02T22:04:25.9519154+02:00","1040,541","TinyPedal","False","","0","0","0","0","0","0","0","0","0","0","0","0","0","0","0","0","0"
"2026-09-02T22:04:26.9454668+02:00","1041,526","BlackRack Overlay","True","24520","8","1,956","1345,09","1150,66","30,35","46,57","195,99","852,75","22,16","2,84","2","789,96","250","24365","0","0","122,76"
"2026-09-02T22:04:26.9479667+02:00","1041,536","TinyPedal","False","","0","0","0","0","0","0","0","0","0","0","0","0","0","0","0","0","0"
"2026-09-02T22:04:27.9443344+02:00","1042,522","BlackRack Overlay","True","24520","8","2,944","1346,21","1151,83","30,3","46,61","195,98","853,94","22,16","2,84","2","791,15","250","24422","0","0","122,76"
"2026-09-02T22:04:27.9473420+02:00","1042,536","TinyPedal","False","","0","0","0","0","0","0","0","0","0","0","0","0","0","0","0","0","0"
"2026-09-02T22:04:28.9475586+02:00","1043,529","BlackRack Overlay","True","24520","8","2,424","1344,41","1150,24","30,3","46,61","195,82","852,51","22,16","2,84","2","789,71","250","24458","0","0","123,67"
"2026-09-02T22:04:28.9495716+02:00","1043,538","TinyPedal","False","","0","0","0","0","0","0","0","0","0","0","0","0","0","0","0","0","0"
"2026-09-02T22:04:29.9605339+02:00","1044,541","BlackRack Overlay","True","24520","8","2,606","1346,31","1152,41","30,3","46,38","196,05","854,67","22,17","2,84","2","791,91","250","24515","0","0","124,42"
"2026-09-02T22:04:29.9625483+02:00","1044,552","TinyPedal","False","","0","0","0","0","0","0","0","0","0","0","0","0","0","0","0","0","0"
"2026-09-02T22:04:30.9933770+02:00","1045,574","BlackRack Overlay","True","24520","8","2,362","1350,24","1157","30,35","46,53","196,07","859,04","22,17","2,84","2","796,24","250","24551","0","0","122,95"
"2026-09-02T22:04:30.9954016+02:00","1045,584","TinyPedal","False","","0","0","0","0","0","0","0","0","0","0","0","0","0","0","0","0","0"
"2026-09-02T22:04:31.9798241+02:00","1046,56","BlackRack Overlay","True","24520","8","2,575","1351,58","1158,45","30,3","46,59","196,01","860,54","22,17","2,84","2","797,74","250","24608","0","0","121,14"
"2026-09-02T22:04:31.9823351+02:00","1046,571","TinyPedal","False","","0","0","0","0","0","0","0","0","0","0","0","0","0","0","0","0","0"
"2026-09-02T22:04:32.9968291+02:00","1047,578","BlackRack Overlay","True","24520","8","1,727","1353,59","1162,02","30,35","46,59","198,01","862,06","22,17","2,84","2","799,26","250","24644","0","0","124,39"
"2026-09-02T22:04:32.9988355+02:00","1047,587","TinyPedal","False","","0","0","0","0","0","0","0","0","0","0","0","0","0","0","0","0","0"
"2026-09-02T22:04:34.0088359+02:00","1048,591","BlackRack Overlay","True","24520","8","2,701","1359,02","1167,12","30,35","46,42","197,11","868,23","22,17","2,84","2","805,28","250","24701","0","0","124,77"
"2026-09-02T22:04:34.0103372+02:00","1048,599","TinyPedal","False","","0","0","0","0","0","0","0","0","0","0","0","0","0","0","0","0","0"
"2026-09-02T22:04:35.0169528+02:00","1049,595","BlackRack Overlay","True","24520","8","3,793","1355,62","1162,6","30,35","46,54","197,12","863,59","22,17","2,84","2","800,49","250","24442","0","0","123,51"
"2026-09-02T22:04:35.0189531+02:00","1049,608","TinyPedal","False","","0","0","0","0","0","0","0","0","0","0","0","0","0","0","0","0","0"
"2026-09-02T22:04:36.0370765+02:00","1050,616","BlackRack Overlay","True","24520","8","2,678","1359,33","1166,68","30,36","46,59","198,14","866,58","22,17","2,84","2","803,46","250","24498","0","0","124,45"
"2026-09-02T22:04:36.0390724+02:00","1050,628","TinyPedal","False","","0","0","0","0","0","0","0","0","0","0","0","0","0","0","0","0","0"
"2026-09-02T22:04:37.0511073+02:00","1051,632","BlackRack Overlay","True","24520","8","2,788","1351,27","1157,88","29,69","46,59","197,8","858,79","22,17","2,84","2","795,67","250","24534","0","0","121,2"
"2026-09-02T22:04:37.0536133+02:00","1051,642","TinyPedal","False","","0","0","0","0","0","0","0","0","0","0","0","0","0","0","0","0","0"
"2026-09-02T22:04:38.0682384+02:00","1052,648","BlackRack Overlay","True","24520","8","3,363","1352,37","1161,8","30,31","46,41","199,89","860,18","22,17","2,84","2","797,17","250","24591","0","0","125,67"
"2026-09-02T22:04:38.0697373+02:00","1052,659","TinyPedal","False","","0","0","0","0","0","0","0","0","0","0","0","0","0","0","0","0","0"
"2026-09-02T22:04:39.0700379+02:00","1053,651","BlackRack Overlay","True","24520","8","3,116","1353,7","1163,08","30,31","46,55","199,82","861,39","22,17","2,84","2","798,32","250","24645","0","0","127,67"
"2026-09-02T22:04:39.0715380+02:00","1053,661","TinyPedal","False","","0","0","0","0","0","0","0","0","0","0","0","0","0","0","0","0","0"
"2026-09-02T22:04:40.0877104+02:00","1054,664","BlackRack Overlay","True","24520","8","2,409","1354,73","1164,25","30,36","46,55","199,68","862,64","22,17","2,84","2","799,57","250","24702","0","0","127,48"
"2026-09-02T22:04:40.0897066+02:00","1054,678","TinyPedal","False","","0","0","0","0","0","0","0","0","0","0","0","0","0","0","0","0","0"
"2026-09-02T22:04:41.0849684+02:00","1055,667","BlackRack Overlay","True","24520","8","1,949","1354,66","1164,64","30,36","46,59","199,7","862,98","22,17","2,84","2","799,91","250","24738","0","0","123,2"
"2026-09-02T22:04:41.0869773+02:00","1055,676","TinyPedal","False","","0","0","0","0","0","0","0","0","0","0","0","0","0","0","0","0","0"
"2026-09-02T22:04:42.0889040+02:00","1056,668","BlackRack Overlay","True","24520","8","2,634","1357,15","1167,43","30,35","46,45","199,41","866,21","22,17","2,84","2","803,13","250","24795","0","0","123,2"
"2026-09-02T22:04:42.0909061+02:00","1056,679","TinyPedal","False","","0","0","0","0","0","0","0","0","0","0","0","0","0","0","0","0","0"
"2026-09-02T22:04:43.1010110+02:00","1057,683","BlackRack Overlay","True","24520","8","1,827","1359,12","1169,5","30,35","46,57","199,42","868,16","22,17","2,84","2","805,1","250","24830","0","0","124,33"
"2026-09-02T22:04:43.1030207+02:00","1057,692","TinyPedal","False","","0","0","0","0","0","0","0","0","0","0","0","0","0","0","0","0","0"
"2026-09-02T22:04:44.1133871+02:00","1058,694","BlackRack Overlay","True","24520","8","2,512","1364,59","1171,37","30,36","46,59","195,63","873,77","22,17","2,84","2","810,71","250","24888","0","0","122,2"
"2026-09-02T22:04:44.1164003+02:00","1058,705","TinyPedal","False","","0","0","0","0","0","0","0","0","0","0","0","0","0","0","0","0","0"
"2026-09-02T22:04:45.1331208+02:00","1059,715","BlackRack Overlay","True","24520","8","4,593","1354,75","1159,38","30,36","46,59","195,61","861,81","22,17","2,84","2","798,75","250","24596","0","0","121,48"
"2026-09-02T22:04:45.1341203+02:00","1059,724","TinyPedal","False","","0","0","0","0","0","0","0","0","0","0","0","0","0","0","0","0","0"
"2026-09-02T22:04:46.1360760+02:00","1060,717","BlackRack Overlay","True","24520","8","3,021","1355,44","1160,21","30,36","46,43","195,33","863,07","22,17","2,84","2","800,01","250","24653","0","0","122,61"
"2026-09-02T22:04:46.1385868+02:00","1060,727","TinyPedal","False","","0","0","0","0","0","0","0","0","0","0","0","0","0","0","0","0","0"
"2026-09-02T22:04:47.1389252+02:00","1061,718","BlackRack Overlay","True","24520","8","2,635","1356,41","1162,22","30,35","46,54","196,33","863,99","22,17","2,84","2","801,07","250","24689","0","0","124,61"
"2026-09-02T22:04:47.1414347+02:00","1061,73","TinyPedal","False","","0","0","0","0","0","0","0","0","0","0","0","0","0","0","0","0","0"
"2026-09-02T22:04:48.1487830+02:00","1062,729","BlackRack Overlay","True","24520","8","2,316","1357,56","1163,3","30,36","46,59","196,14","865,2","22,17","2,84","2","802,18","250","24746","0","0","122,2"
"2026-09-02T22:04:48.1507909+02:00","1062,74","TinyPedal","False","","0","0","0","0","0","0","0","0","0","0","0","0","0","0","0","0","0"
"2026-09-02T22:04:49.1631452+02:00","1063,738","BlackRack Overlay","True","24520","8","2,517","1356,72","1162,89","30,36","46,59","196,14","864,8","22,17","2,84","2","801,7","250","24782","0","0","119,64"
"2026-09-02T22:04:49.1651503+02:00","1063,754","TinyPedal","False","","0","0","0","0","0","0","0","0","0","0","0","0","0","0","0","0","0"
"2026-09-02T22:04:50.1481703+02:00","1064,73","BlackRack Overlay","True","24520","8","2,266","1358,39","1164,27","30,35","46,45","196,14","866,33","22,17","2,84","2","803,21","250","24839","0","0","121,17"
"2026-09-02T22:04:50.1501752+02:00","1064,739","TinyPedal","False","","0","0","0","0","0","0","0","0","0","0","0","0","0","0","0","0","0"
"2026-09-02T22:04:51.1573555+02:00","1065,737","BlackRack Overlay","True","24520","8","2,132","1359,55","1165,58","30,3","46,59","196,13","867,56","22,17","2,84","2","804,62","250","24892","0","0","122,42"
"2026-09-02T22:04:51.1598761+02:00","1065,749","TinyPedal","False","","0","0","0","0","0","0","0","0","0","0","0","0","0","0","0","0","0"
"2026-09-02T22:04:52.1839049+02:00","1066,764","BlackRack Overlay","True","24520","8","2,093","1361,29","1167,31","30,35","46,59","196,1","869,27","22,17","2,84","2","806,23","250","24950","0","0","124,7"
"2026-09-02T22:04:52.1859024+02:00","1066,775","TinyPedal","False","","0","0","0","0","0","0","0","0","0","0","0","0","0","0","0","0","0"
"2026-09-02T22:04:53.1828425+02:00","1067,764","BlackRack Overlay","True","24520","8","1,854","1362,29","1168,33","30,35","46,59","196,04","870,36","22,17","2,84","2","807,28","250","24986","0","0","124,7"
"2026-09-02T22:04:53.1848821+02:00","1067,774","TinyPedal","False","","0","0","0","0","0","0","0","0","0","0","0","0","0","0","0","0","0"
"2026-09-02T22:04:54.2002890+02:00","1068,778","BlackRack Overlay","True","24520","8","2,889","1365,16","1170,61","30,35","46,49","195,41","873,35","22,17","2,84","2","810,28","249","25043","0","0","121,2"
"2026-09-02T22:04:54.2017890+02:00","1068,791","TinyPedal","False","","0","0","0","0","0","0","0","0","0","0","0","0","0","0","0","0","0"
"2026-09-02T22:04:55.2129444+02:00","1069,793","BlackRack Overlay","True","24520","8","3,85","1359,44","1164,11","30,36","46,59","196,25","865,89","22,17","2,84","2","802,57","250","24775","0","0","122,8"
"2026-09-02T22:04:55.2154574+02:00","1069,804","TinyPedal","False","","0","0","0","0","0","0","0","0","0","0","0","0","0","0","0","0","0"
"2026-09-02T22:04:56.2264447+02:00","1070,804","BlackRack Overlay","True","24520","8","3,283","1360,21","1164,94","30,36","46,59","196,26","866,74","22,16","2,84","2","803,5","250","24832","0","0","123,42"
"2026-09-02T22:04:56.2289569+02:00","1070,818","TinyPedal","False","","0","0","0","0","0","0","0","0","0","0","0","0","0","0","0","0","0"
"2026-09-02T22:04:57.2389005+02:00","1071,819","BlackRack Overlay","True","24520","8","3,082","1356,46","1159,93","30,36","46,62","195,23","862,71","22,16","2,84","2","799,38","250","24868","0","0","123,42"
"2026-09-02T22:04:57.2414004+02:00","1071,83","TinyPedal","False","","0","0","0","0","0","0","0","0","0","0","0","0","0","0","0","0","0"
"2026-09-02T22:04:58.2584244+02:00","1072,838","BlackRack Overlay","True","24520","8","3,064","1357,55","1161,13","30,35","46,43","195,25","864,1","22,16","2,84","2","800,76","250","24925","0","0","123,42"
"2026-09-02T22:04:58.2609236+02:00","1072,85","TinyPedal","False","","0","0","0","0","0","0","0","0","0","0","0","0","0","0","0","0","0"
"2026-09-02T22:04:59.2676884+02:00","1073,849","BlackRack Overlay","True","24520","8","2,029","1359,3","1164,35","30,35","46,55","197,04","865,4","22,17","2,84","2","802,07","250","24961","0","0","126,08"
"2026-09-02T22:04:59.2696861+02:00","1073,858","TinyPedal","False","","0","0","0","0","0","0","0","0","0","0","0","0","0","0","0","0","0"
"2026-09-02T22:05:00.2720894+02:00","1074,853","BlackRack Overlay","True","24520","8","2,918","1360,98","1166,8","30,36","46,56","197,83","867,04","22,17","2,84","2","803,71","250","25020","0","0","126,52"
"2026-09-02T22:05:00.2751171+02:00","1074,863","TinyPedal","False","","0","0","0","0","0","0","0","0","0","0","0","0","0","0","0","0","0"
"2026-09-02T22:05:01.2952741+02:00","1075,871","BlackRack Overlay","True","24520","8","2,301","1361,14","1167,52","30,35","46,56","197,85","867,76","22,17","2,84","2","804,44","250","25055","0","0","122,89"
"2026-09-02T22:05:01.2967764+02:00","1075,886","TinyPedal","False","","0","0","0","0","0","0","0","0","0","0","0","0","0","0","0","0","0"
"2026-09-02T22:05:02.3053815+02:00","1076,887","BlackRack Overlay","True","24520","8","2,405","1363,46","1170,15","30,35","46,51","198,56","869,72","22,17","2,84","2","806,14","250","25130","0","0","125,33"
"2026-09-02T22:05:02.3068880+02:00","1076,896","TinyPedal","False","","0","0","0","0","0","0","0","0","0","0","0","0","0","0","0","0","0"
"2026-09-02T22:05:03.3210351+02:00","1077,9","BlackRack Overlay","True","24520","8","2,602","1364,97","1171,79","30,36","46,59","198,55","871,27","22,17","2,84","2","807,64","250","25166","0","0","121,7"
"2026-09-02T22:05:03.3285713+02:00","1077,917","TinyPedal","False","","0","0","0","0","0","0","0","0","0","0","0","0","0","0","0","0","0"
"2026-09-02T22:05:04.3329746+02:00","1078,914","BlackRack Overlay","True","24520","8","2,504","1366,24","1177,66","30,23","46,59","202,16","873,66","22,17","2,84","2","809,55","250","25223","0","0","126,17"
"2026-09-02T22:05:04.3349794+02:00","1078,924","TinyPedal","False","","0","0","0","0","0","0","0","0","0","0","0","0","0","0","0","0","0"
"2026-09-02T22:05:05.3465947+02:00","1079,926","BlackRack Overlay","True","24520","8","5,018","1362,01","1171,97","30,24","46,59","201,71","868,42","22,17","2,84","2","804,45","250","24947","0","0","126,3"
"2026-09-02T22:05:05.3485957+02:00","1079,937","TinyPedal","False","","0","0","0","0","0","0","0","0","0","0","0","0","0","0","0","0","0"
"2026-09-02T22:05:06.3679752+02:00","1080,948","BlackRack Overlay","True","24520","8","3,154","1362,24","1171,07","30,24","46,46","199,96","869,4","22,17","2,84","2","805,43","250","25004","0","0","124,82"
"2026-09-02T22:05:06.3699812+02:00","1080,959","TinyPedal","False","","0","0","0","0","0","0","0","0","0","0","0","0","0","0","0","0","0"
"2026-09-02T22:05:07.3832932+02:00","1081,963","BlackRack Overlay","True","24520","8","2,694","1362,39","1171,38","30,23","46,57","199,29","870,28","22,17","2,84","2","806,31","250","25044","0","0","121,77"
"2026-09-02T22:05:07.3857918+02:00","1081,974","TinyPedal","False","","0","0","0","0","0","0","0","0","0","0","0","0","0","0","0","0","0"
"2026-09-02T22:05:08.3948849+02:00","1082,972","BlackRack Overlay","True","24520","8","3,098","1363,9","1173","30,23","46,59","200,03","871,14","22,17","2,84","2","807,17","250","25097","0","0","124,45"
"2026-09-02T22:05:08.3963981+02:00","1082,985","TinyPedal","False","","0","0","0","0","0","0","0","0","0","0","0","0","0","0","0","0","0"
"2026-09-02T22:05:09.4090322+02:00","1083,989","BlackRack Overlay","True","24520","8","2,304","1358,78","1167,67","30,23","46,59","199,65","866,2","22,17","2,84","2","802,45","250","25137","0","0","126,73"
"2026-09-02T22:05:09.4115360+02:00","1084","TinyPedal","False","","0","0","0","0","0","0","0","0","0","0","0","0","0","0","0","0","0"
"2026-09-02T22:05:10.4210377+02:00","1085,002","BlackRack Overlay","True","24520","8","2,891","1360,61","1169,33","30,35","46,48","199,92","867,58","22,17","2,84","2","803,75","250","25190","0","0","125,17"
"2026-09-02T22:05:10.4230482+02:00","1085,012","TinyPedal","False","","0","0","0","0","0","0","0","0","0","0","0","0","0","0","0","0","0"
"2026-09-02T22:05:11.4544913+02:00","1086,035","BlackRack Overlay","True","24520","8","2,647","1361,92","1170,76","30,34","46,57","199,89","868,94","22,17","2,84","2","805,09","250","25230","0","0","122,89"
"2026-09-02T22:05:11.4559920+02:00","1086,045","TinyPedal","False","","0","0","0","0","0","0","0","0","0","0","0","0","0","0","0","0","0"
"2026-09-02T22:05:12.4465376+02:00","1087,027","BlackRack Overlay","True","24520","8","3,054","1341,41","1150,25","30,36","46,57","199,88","848,44","22,17","2,84","2","785,59","250","25283","0","0","122,66"
"2026-09-02T22:05:12.4490367+02:00","1087,038","TinyPedal","False","","0","0","0","0","0","0","0","0","0","0","0","0","0","0","0","0","0"
"2026-09-02T22:05:13.4695426+02:00","1088,05","BlackRack Overlay","True","24520","8","2,671","1341,13","1150,84","30,38","46,57","199,61","849,27","22,17","2,84","2","786,52","250","25343","0","0","122,7"
"2026-09-02T22:05:13.4710434+02:00","1088,06","TinyPedal","False","","0","0","0","0","0","0","0","0","0","0","0","0","0","0","0","0","0"
"2026-09-02T22:05:14.4756336+02:00","1089,056","BlackRack Overlay","True","24520","8","3,592","1346,17","1155,75","30,35","46,57","199,43","854,39","22,17","2,84","2","791,55","250","25393","0","0","123,27"
"2026-09-02T22:05:14.4771328+02:00","1089,066","TinyPedal","False","","0","0","0","0","0","0","0","0","0","0","0","0","0","0","0","0","0"
"2026-09-02T22:05:15.4920852+02:00","1090,069","BlackRack Overlay","True","24520","8","3,567","1347,25","1155,65","30,35","46,57","199,39","854,34","22,17","2,84","2","791,48","250","25126","0","0","125,83"
"2026-09-02T22:05:15.4935926+02:00","1090,082","TinyPedal","False","","0","0","0","0","0","0","0","0","0","0","0","0","0","0","0","0","0"
"2026-09-02T22:05:16.4948882+02:00","1091,076","BlackRack Overlay","True","24520","8","2,134","1348,23","1156,57","30,35","46,57","199,38","855,26","22,17","2,84","2","792,41","250","25179","0","0","125,8"
"2026-09-02T22:05:16.4968919+02:00","1091,085","TinyPedal","False","","0","0","0","0","0","0","0","0","0","0","0","0","0","0","0","0","0"
"2026-09-02T22:05:17.5108395+02:00","1092,092","BlackRack Overlay","True","24520","8","2,308","1344,25","1152,38","30,35","46,57","199,91","850,54","22,17","2,84","2","787,65","250","25219","0","0","121,26"
"2026-09-02T22:05:17.5128416+02:00","1092,101","TinyPedal","False","","0","0","0","0","0","0","0","0","0","0","0","0","0","0","0","0","0"
"2026-09-02T22:05:18.4913904+02:00","1093,072","BlackRack Overlay","True","24520","8","2,489","1345,83","1154,28","30,36","46,52","200,05","852,34","22,17","2,84","2","788,78","250","25272","0","0","119,01"
"2026-09-02T22:05:18.4934007+02:00","1093,082","TinyPedal","False","","0","0","0","0","0","0","0","0","0","0","0","0","0","0","0","0","0"
"2026-09-02T22:05:19.4959632+02:00","1094,078","BlackRack Overlay","True","24520","8","3,107","1347,22","1155,79","30,36","46,57","200,26","853,59","22,17","2,84","2","790","250","25312","0","0","121,92"
"2026-09-02T22:05:19.4984720+02:00","1094,087","TinyPedal","False","","0","0","0","0","0","0","0","0","0","0","0","0","0","0","0","0","0"
"2026-09-02T22:05:20.5131861+02:00","1095,09","BlackRack Overlay","True","24520","8","2,991","1348,15","1151,54","30,36","46,57","194,83","854,77","22,17","2,84","2","791,18","250","25365","0","0","122,11"
"2026-09-02T22:05:20.5157068+02:00","1095,104","TinyPedal","False","","0","0","0","0","0","0","0","0","0","0","0","0","0","0","0","0","0"
"2026-09-02T22:05:21.5259421+02:00","1096,107","BlackRack Overlay","True","24520","8","2,209","1348,48","1154,52","30,36","46,57","196,54","856,04","22,17","2,84","2","792,45","250","25405","0","0","125,61"
"2026-09-02T22:05:21.5279520+02:00","1096,117","TinyPedal","False","","0","0","0","0","0","0","0","0","0","0","0","0","0","0","0","0","0"
"2026-09-02T22:05:22.5488506+02:00","1097,125","BlackRack Overlay","True","24520","8","2,206","1350,01","1156,28","29,51","46,51","196,71","858,54","22,17","2,84","2","794,95","250","25461","0","0","124,42"
"2026-09-02T22:05:22.5503520+02:00","1097,139","TinyPedal","False","","0","0","0","0","0","0","0","0","0","0","0","0","0","0","0","0","0"
"2026-09-02T22:05:23.5586683+02:00","1098,139","BlackRack Overlay","True","24520","8","2,6","1351,88","1158,27","29,64","46,57","196,76","860,3","22,17","2,84","2","796,71","250","25500","0","0","122,73"
"2026-09-02T22:05:23.5601670+02:00","1098,149","TinyPedal","False","","0","0","0","0","0","0","0","0","0","0","0","0","0","0","0","0","0"
"2026-09-02T22:05:24.5702480+02:00","1099,151","BlackRack Overlay","True","24520","8","2,606","1357,85","1164,54","29,67","46,72","196,77","866,41","22,17","2,8","2","802,6","249","25569","0","0","122,67"
"2026-09-02T22:05:24.5722489+02:00","1099,162","TinyPedal","False","","0","0","0","0","0","0","0","0","0","0","0","0","0","0","0","0","0"
"2026-09-02T22:05:25.6006784+02:00","1100,18","BlackRack Overlay","True","24520","8","2,564","1359,36","1166,11","29,72","46,64","196,3","868,44","22,17","2,84","2","804,6","251","25626","0","0","122,42"
"2026-09-02T22:05:25.6031848+02:00","1100,192","TinyPedal","False","","0","0","0","0","0","0","0","0","0","0","0","0","0","0","0","0","0"
"2026-09-02T22:05:26.5908392+02:00","1101,172","BlackRack Overlay","True","24520","8","3,542","1354,4","1158,34","29,71","46,11","195,27","862,24","22,17","2,84","2","798,4","251","25360","0","0","122,95"
"2026-09-02T22:05:26.5933517+02:00","1101,182","TinyPedal","False","","0","0","0","0","0","0","0","0","0","0","0","0","0","0","0","0","0"
"2026-09-02T22:05:27.6091997+02:00","1102,187","BlackRack Overlay","True","24520","8","2,406","1355,04","1159,13","29,75","46,16","195,21","863,01","22,17","2,84","2","799,22","251","25415","0","0","122,42"
"2026-09-02T22:05:27.6111989+02:00","1102,2","TinyPedal","False","","0","0","0","0","0","0","0","0","0","0","0","0","0","0","0","0","0"
"2026-09-02T22:05:28.6224557+02:00","1103,203","BlackRack Overlay","True","24520","8","2,306","1355,82","1159,97","29,77","46,16","195,08","863,96","22,17","2,84","2","800,12","251","25451","0","0","122,26"
"2026-09-02T22:05:28.6254677+02:00","1103,214","TinyPedal","False","","0","0","0","0","0","0","0","0","0","0","0","0","0","0","0","0","0"
"2026-09-02T22:05:29.6398323+02:00","1104,217","BlackRack Overlay","True","24520","8","2,504","1351,48","1155,5","30,53","46,16","195,01","858,79","22,17","2,84","2","794,93","254","25519","0","0","122,26"
"2026-09-02T22:05:29.6418440+02:00","1104,231","TinyPedal","False","","0","0","0","0","0","0","0","0","0","0","0","0","0","0","0","0","0"
"2026-09-02T22:05:30.6566000+02:00","1105,239","BlackRack Overlay","True","24520","8","2,869","1352,98","1158,02","30,37","46,1","196,02","860,53","22,17","2,84","2","796,66","251","25544","0","0","123,26"
"2026-09-02T22:05:30.6591068+02:00","1105,248","TinyPedal","False","","0","0","0","0","0","0","0","0","0","0","0","0","0","0","0","0","0"
"2026-09-02T22:05:31.6743197+02:00","1106,255","BlackRack Overlay","True","24520","8","2,017","1354,49","1162,73","30,35","46,16","198,94","862,26","22,18","2,84","2","798,53","251","25601","0","0","126,14"
"2026-09-02T22:05:31.6758247+02:00","1106,265","TinyPedal","False","","0","0","0","0","0","0","0","0","0","0","0","0","0","0","0","0","0"
"2026-09-02T22:05:32.6859160+02:00","1107,266","BlackRack Overlay","True","24520","8","2,028","1356,25","1164,55","30,35","46,19","198,66","864,33","22,18","2,84","2","800,27","251","25637","0","0","124,45"
"2026-09-02T22:05:32.6879245+02:00","1107,277","TinyPedal","False","","0","0","0","0","0","0","0","0","0","0","0","0","0","0","0","0","0"
"2026-09-02T22:05:33.7021669+02:00","1108,282","BlackRack Overlay","True","24520","8","3,174","1355,72","1164,28","30,35","46,19","198,63","864,08","22,18","2,84","2","799,99","251","25694","0","0","121,07"
"2026-09-02T22:05:33.7041762+02:00","1108,293","TinyPedal","False","","0","0","0","0","0","0","0","0","0","0","0","0","0","0","0","0","0"
"2026-09-02T22:05:34.7220444+02:00","1109,297","BlackRack Overlay","True","24520","8","3,269","1357,98","1166,63","30,3","46,14","198,48","866,69","22,18","2,84","2","801,52","251","25730","0","0","123,14"
"2026-09-02T22:05:34.7240493+02:00","1109,313","TinyPedal","False","","0","0","0","0","0","0","0","0","0","0","0","0","0","0","0","0","0"
"2026-09-02T22:05:35.7406253+02:00","1110,321","BlackRack Overlay","True","24520","8","2,004","1359,06","1166,43","30,3","46,15","196,87","868,1","22,18","2,84","2","803,37","251","25805","0","0","121,95"
"2026-09-02T22:05:35.7421215+02:00","1110,331","TinyPedal","False","","0","0","0","0","0","0","0","0","0","0","0","0","0","0","0","0","0"
"2026-09-02T22:05:36.7601802+02:00","1111,338","BlackRack Overlay","True","24520","8","2,976","1363,99","1170,21","30,35","46,15","195,56","873,13","22,18","2,84","2","808,31","251","25841","0","0","121,26"
"2026-09-02T22:05:36.7692038+02:00","1111,358","TinyPedal","False","","0","0","0","0","0","0","0","0","0","0","0","0","0","0","0","0","0"
"2026-09-02T22:05:37.7701347+02:00","1112,349","BlackRack Overlay","True","24520","8","3,381","1351,92","1156,94","30,35","46,24","196,73","858,58","22,2","2,84","2","793,76","251","25566","0","0","125,02"
"2026-09-02T22:05:37.7736443+02:00","1112,363","TinyPedal","False","","0","0","0","0","0","0","0","0","0","0","0","0","0","0","0","0","0"
"2026-09-02T22:05:38.7806580+02:00","1113,362","BlackRack Overlay","True","24520","8","3,279","1352,83","1157,94","30,35","46,16","196,62","859,77","22,2","2,84","2","794,95","251","25602","0","0","122,76"
"2026-09-02T22:05:38.7821625+02:00","1113,371","TinyPedal","False","","0","0","0","0","0","0","0","0","0","0","0","0","0","0","0","0","0"
"2026-09-02T22:05:39.7982373+02:00","1114,38","BlackRack Overlay","True","24520","8","2,589","1353,98","1162,43","30,56","46,22","199,75","860,86","22,2","2,84","2","796,04","254","25670","0","0","126,14"
"2026-09-02T22:05:39.8007366+02:00","1114,389","TinyPedal","False","","0","0","0","0","0","0","0","0","0","0","0","0","0","0","0","0","0"
"2026-09-02T22:05:40.8121505+02:00","1115,393","BlackRack Overlay","True","24520","8","2,41","1354,79","1163,08","30,35","46,22","199,68","861,78","22,2","2,84","2","797,2","251","25695","0","0","125,82"
"2026-09-02T22:05:40.8146618+02:00","1115,404","TinyPedal","False","","0","0","0","0","0","0","0","0","0","0","0","0","0","0","0","0","0"
"2026-09-02T22:05:41.8286603+02:00","1116,406","BlackRack Overlay","True","24520","8","2,891","1354,14","1162,96","30,37","46,22","199,58","861,75","22,2","2,84","2","797,1","251","25752","0","0","122,82"
"2026-09-02T22:05:41.8306587+02:00","1116,42","TinyPedal","False","","0","0","0","0","0","0","0","0","0","0","0","0","0","0","0","0","0"
"2026-09-02T22:05:42.8424935+02:00","1117,424","BlackRack Overlay","True","24520","8","2,4","1355,39","1164,34","30,37","46,21","199,59","863,13","22,2","2,84","2","798,48","251","25788","0","0","121,07"
"2026-09-02T22:05:42.8450010+02:00","1117,434","TinyPedal","False","","0","0","0","0","0","0","0","0","0","0","0","0","0","0","0","0","0"
"2026-09-02T22:05:43.8588828+02:00","1118,439","BlackRack Overlay","True","24520","8","3,269","1356,81","1165,73","30,35","46,22","199,35","864,76","22,2","2,84","2","800,11","251","25845","0","0","122,39"
"2026-09-02T22:05:43.8639010+02:00","1118,453","TinyPedal","False","","0","0","0","0","0","0","0","0","0","0","0","0","0","0","0","0","0"
"2026-09-02T22:05:44.8742538+02:00","1119,454","BlackRack Overlay","True","24520","8","1,828","1347,01","1158,87","30,35","46,22","202,04","855,22","22,2","2,84","2","790,56","251","25881","0","0","124,51"
"2026-09-02T22:05:44.8762564+02:00","1119,465","TinyPedal","False","","0","0","0","0","0","0","0","0","0","0","0","0","0","0","0","0","0"
"2026-09-02T22:05:45.8904895+02:00","1120,472","BlackRack Overlay","True","24520","8","2,208","1349,94","1162,1","30,36","46,22","201,66","858,82","22,2","2,84","2","794,12","251","25956","0","0","125,61"
"2026-09-02T22:05:45.8924928+02:00","1120,481","TinyPedal","False","","0","0","0","0","0","0","0","0","0","0","0","0","0","0","0","0","0"
"2026-09-02T22:05:46.9126946+02:00","1121,494","BlackRack Overlay","True","24520","8","3,82","1349,54","1160,4","30,37","46,13","201,52","857,34","22,2","2,84","2","792,64","251","25680","0","0","125,64"
"2026-09-02T22:05:46.9157081+02:00","1121,504","TinyPedal","False","","0","0","0","0","0","0","0","0","0","0","0","0","0","0","0","0","0"
"2026-09-02T22:05:47.9083075+02:00","1122,49","BlackRack Overlay","True","24520","8","3,237","1349,68","1160,54","30,35","46,22","201,51","857,42","22,2","2,84","2","792,71","251","25737","0","0","122,2"
"2026-09-02T22:05:47.9108075+02:00","1122,499","TinyPedal","False","","0","0","0","0","0","0","0","0","0","0","0","0","0","0","0","0","0"
"2026-09-02T22:05:48.9252059+02:00","1123,502","BlackRack Overlay","True","24520","8","1,543","1350,23","1160,98","30,35","46,22","201,54","857,83","22,2","2,84","2","793,12","251","25773","0","0","124,33"
"2026-09-02T22:05:48.9272088+02:00","1123,516","TinyPedal","False","","0","0","0","0","0","0","0","0","0","0","0","0","0","0","0","0","0"
"2026-09-02T22:05:49.9440764+02:00","1124,525","BlackRack Overlay","True","24520","8","3,438","1346","1156,46","30,37","46,26","201,18","853,57","22,24","2,84","2","788,95","251","25830","0","0","124,39"
"2026-09-02T22:05:49.9460790+02:00","1124,535","TinyPedal","False","","0","0","0","0","0","0","0","0","0","0","0","0","0","0","0","0","0"
"2026-09-02T22:05:50.9510435+02:00","1125,532","BlackRack Overlay","True","24520","8","2,911","1346,64","1151,7","29,59","46,2","196,1","854,73","22,24","2,84","2","790,07","251","25866","0","0","123,26"
"2026-09-02T22:05:50.9525431+02:00","1125,542","TinyPedal","False","","0","0","0","0","0","0","0","0","0","0","0","0","0","0","0","0","0"
"2026-09-02T22:05:51.9646323+02:00","1126,546","BlackRack Overlay","True","24520","8","2,407","1347,83","1153,58","30,26","46,22","196,1","855,93","22,24","2,84","2","791,26","251","25923","0","0","123,48"
"2026-09-02T22:05:51.9671325+02:00","1126,556","TinyPedal","False","","0","0","0","0","0","0","0","0","0","0","0","0","0","0","0","0","0"
"2026-09-02T22:05:52.9681041+02:00","1127,548","BlackRack Overlay","True","24520","8","3,411","1332,91","1138,8","30,27","46,26","196,09","841,11","22,24","2,84","2","776,43","251","25959","0","0","121,42"
"2026-09-02T22:05:52.9706152+02:00","1127,559","TinyPedal","False","","0","0","0","0","0","0","0","0","0","0","0","0","0","0","0","0","0"
"2026-09-02T22:05:53.9894835+02:00","1128,567","BlackRack Overlay","True","24520","8","2,586","1333,02","1139,23","30,27","46,26","195,57","842,05","22,24","2,84","2","777,37","251","26016","0","0","123,48"
"2026-09-02T22:05:53.9914858+02:00","1128,58","TinyPedal","False","","0","0","0","0","0","0","0","0","0","0","0","0","0","0","0","0","0"
"2026-09-02T22:05:55.0022884+02:00","1129,583","BlackRack Overlay","True","24520","8","2,116","1334,93","1141,54","30,25","46,2","195,56","844,46","22,24","2,84","2","779,55","250","26052","0","0","120,57"
"2026-09-02T22:05:55.0048007+02:00","1129,593","TinyPedal","False","","0","0","0","0","0","0","0","0","0","0","0","0","0","0","0","0","0"
"2026-09-02T22:05:56.0161486+02:00","1130,593","BlackRack Overlay","True","24520","8","4,738","1337,61","1143,41","30,29","46,2","195,59","846,25","22,24","2,84","2","781,34","251","25825","0","0","121,51"
"2026-09-02T22:05:56.0176464+02:00","1130,607","TinyPedal","False","","0","0","0","0","0","0","0","0","0","0","0","0","0","0","0","0","0"
"2026-09-02T22:05:57.0399652+02:00","1131,619","BlackRack Overlay","True","24520","8","2,284","1337,71","1144,29","30,31","46,2","196,65","846,4","21,89","2,84","2","781,47","251","25879","0","0","125,2"
"2026-09-02T22:05:57.0419720+02:00","1131,631","TinyPedal","False","","0","0","0","0","0","0","0","0","0","0","0","0","0","0","0","0","0"
"2026-09-02T22:05:58.0277104+02:00","1132,609","BlackRack Overlay","True","24520","8","1,874","1331,73","1137,9","30,29","46,29","196,31","840,28","21,89","2,84","2","775,35","251","25900","0","0","123,86"
"2026-09-02T22:05:58.0291543+02:00","1132,618","TinyPedal","False","","0","0","0","0","0","0","0","0","0","0","0","0","0","0","0","0","0"
"2026-09-02T22:05:59.0406069+02:00","1133,623","BlackRack Overlay","True","24520","8","0,193","1330,74","1136,9","30,31","45,2","196,25","840,42","21,89","2,84","2","775,54","251","25900","0","0","123,86"
"2026-09-02T22:05:59.0421250+02:00","1133,632","TinyPedal","False","","0","0","0","0","0","0","0","0","0","0","0","0","0","0","0","0","0"
"2026-09-02T22:06:00.0554369+02:00","1134,636","BlackRack Overlay","True","24520","8","1,061","1333,92","1166,48","30,35","46,19","224,21","840,97","21,91","2,84","2","776,01","251","25938","0","0","140,87"
"2026-09-02T22:06:00.0579367+02:00","1134,647","TinyPedal","False","","0","0","0","0","0","0","0","0","0","0","0","0","0","0","0","0","0"
"2026-09-02T22:06:01.0757217+02:00","1135,652","BlackRack Overlay","True","24520","8","3,076","1336,43","1168,93","30,35","46,32","225,12","842,39","21,91","2,84","2","777,41","251","25974","0","0","142,52"
"2026-09-02T22:06:01.0782258+02:00","1135,667","TinyPedal","False","","0","0","0","0","0","0","0","0","0","0","0","0","0","0","0","0","0"
"2026-09-02T22:06:02.0872037+02:00","1136,668","BlackRack Overlay","True","24520","8","2,402","1336,32","1169,26","30,35","45,76","225,87","842,53","21,91","2,84","2","777,55","251","26031","0","0","142,18"
"2026-09-02T22:06:02.0897107+02:00","1136,678","TinyPedal","False","","0","0","0","0","0","0","0","0","0","0","0","0","0","0","0","0","0"
"2026-09-02T22:06:03.0968229+02:00","1137,674","BlackRack Overlay","True","24520","8","2,038","1337,59","1170,77","30,35","46,12","225,46","844,09","21,91","2,84","2","778,85","251","26067","0","0","128,92"
"2026-09-02T22:06:03.0988306+02:00","1137,687","TinyPedal","False","","0","0","0","0","0","0","0","0","0","0","0","0","0","0","0","0","0"
"2026-09-02T22:06:04.1081724+02:00","1138,689","BlackRack Overlay","True","24520","8","3,081","1338,66","1172,07","30,35","46,18","225,48","845,32","21,91","2,84","2","780,2","251","26124","0","0","125,23"
"2026-09-02T22:06:04.1111824+02:00","1138,7","TinyPedal","False","","0","0","0","0","0","0","0","0","0","0","0","0","0","0","0","0","0"
"2026-09-02T22:06:05.1299871+02:00","1139,709","BlackRack Overlay","True","24520","8","1,723","1340,32","1168,09","30,37","46,18","219,48","847,32","21,91","2,84","2","781,87","251","26161","0","0","124,27"
"2026-09-02T22:06:05.1319982+02:00","1139,721","TinyPedal","False","","0","0","0","0","0","0","0","0","0","0","0","0","0","0","0","0","0"
"2026-09-02T22:06:06.1579866+02:00","1140,737","BlackRack Overlay","True","24520","8","2,85","1340,76","1168,07","30,35","45,83","218,43","848,71","21,91","2,84","2","783,26","251","26217","0","0","123,95"
"2026-09-02T22:06:06.1599874+02:00","1140,749","TinyPedal","False","","0","0","0","0","0","0","0","0","0","0","0","0","0","0","0","0","0"
"2026-09-02T22:06:07.1621701+02:00","1141,742","BlackRack Overlay","True","24520","8","2,137","1342,86","1158,39","30,35","46,16","206,45","850,68","21,91","2,84","2","785,21","251","26253","0","0","123,95"
"2026-09-02T22:06:07.1646877+02:00","1141,754","TinyPedal","False","","0","0","0","0","0","0","0","0","0","0","0","0","0","0","0","0","0"
"2026-09-02T22:06:08.1793607+02:00","1142,754","BlackRack Overlay","True","24520","8","5,214","1340,91","1153,93","30,35","46,28","204,86","847,7","21,91","2,84","2","782,23","251","26038","0","0","120,23"
"2026-09-02T22:06:08.1818632+02:00","1142,771","TinyPedal","False","","0","0","0","0","0","0","0","0","0","0","0","0","0","0","0","0","0"
"2026-09-02T22:06:09.1885006+02:00","1143,768","BlackRack Overlay","True","24520","8","2,119","1341,52","1149,02","30,35","46,28","199","848,63","21,91","2,84","2","783,17","251","26074","0","0","119,82"
"2026-09-02T22:06:09.1910042+02:00","1143,78","TinyPedal","False","","0","0","0","0","0","0","0","0","0","0","0","0","0","0","0","0","0"
"2026-09-02T22:06:10.2086803+02:00","1144,785","BlackRack Overlay","True","24520","8","3,262","1338,41","1145,69","30,37","45,87","200,02","844,69","21,91","2,84","2","779,22","251","26131","0","0","124,77"
"2026-09-02T22:06:10.2106803+02:00","1144,8","TinyPedal","False","","0","0","0","0","0","0","0","0","0","0","0","0","0","0","0","0","0"
"2026-09-02T22:06:11.2041026+02:00","1145,785","BlackRack Overlay","True","24520","8","3,222","1338,98","1146,38","30,35","46,12","199,27","845,89","21,91","2,84","2","780,41","251","26167","0","0","125,7"
"2026-09-02T22:06:11.2056037+02:00","1145,795","TinyPedal","False","","0","0","0","0","0","0","0","0","0","0","0","0","0","0","0","0","0"
"2026-09-02T22:06:12.2246834+02:00","1146,805","BlackRack Overlay","True","24520","8","2,107","1339,85","1147,38","30,37","46,18","198,99","847,09","21,91","2,84","2","781,62","251","26224","0","0","124,02"
"2026-09-02T22:06:12.2261830+02:00","1146,815","TinyPedal","False","","0","0","0","0","0","0","0","0","0","0","0","0","0","0","0","0","0"
"2026-09-02T22:06:13.2503890+02:00","1147,83","BlackRack Overlay","True","24520","8","2,286","1341,08","1148,6","30,37","46,22","198,99","848,28","21,91","2,84","2","782,83","251","26260","0","0","122,8"
"2026-09-02T22:06:13.2528936+02:00","1147,841","TinyPedal","False","","0","0","0","0","0","0","0","0","0","0","0","0","0","0","0","0","0"
"2026-09-02T22:06:14.2459025+02:00","1148,826","BlackRack Overlay","True","24520","8","2,844","1341,72","1149,75","30,37","46,04","199,02","849,58","21,91","2,84","2","784,07","251","26317","0","0","122,17"
"2026-09-02T22:06:14.2479002+02:00","1148,837","TinyPedal","False","","0","0","0","0","0","0","0","0","0","0","0","0","0","0","0","0","0"
"2026-09-02T22:06:15.2844776+02:00","1149,86","BlackRack Overlay","True","24520","8","2,455","1343,19","1151,35","30,35","46,12","199,02","851,12","21,91","2,84","2","785,59","251","26353","0","0","120,61"
"2026-09-02T22:06:15.2869847+02:00","1149,876","TinyPedal","False","","0","0","0","0","0","0","0","0","0","0","0","0","0","0","0","0","0"
"2026-09-02T22:06:16.2756304+02:00","1150,855","BlackRack Overlay","True","24520","8","2,553","1344,62","1152,91","30,37","46,12","199,02","852,65","21,91","2,84","2","787,13","251","26411","0","0","123,02"
"2026-09-02T22:06:16.2771308+02:00","1150,866","TinyPedal","False","","0","0","0","0","0","0","0","0","0","0","0","0","0","0","0","0","0"
"2026-09-02T22:06:17.2863709+02:00","1151,862","BlackRack Overlay","True","24520","8","5,627","1342,71","1149,96","30,37","46,2","198,89","849,67","21,99","2,84","2","784,15","251","26159","0","0","124,05"
"2026-09-02T22:06:17.2883794+02:00","1151,877","TinyPedal","False","","0","0","0","0","0","0","0","0","0","0","0","0","0","0","0","0","0"
"2026-09-02T22:06:18.3038121+02:00","1152,884","BlackRack Overlay","True","24520","8","3,44","1338,03","1145,84","30,35","46,08","199,52","845,06","21,99","2,84","2","779,65","251","26215","0","0","123,7"
"2026-09-02T22:06:18.3053154+02:00","1152,895","TinyPedal","False","","0","0","0","0","0","0","0","0","0","0","0","0","0","0","0","0","0"
"2026-09-02T22:06:19.2984142+02:00","1153,878","BlackRack Overlay","True","24520","8","2,749","1339,33","1146,97","30,37","46,24","199,52","846,02","21,99","2,84","2","780,78","251","26251","0","0","125,07"
"2026-09-02T22:06:19.3004122+02:00","1153,889","TinyPedal","False","","0","0","0","0","0","0","0","0","0","0","0","0","0","0","0","0","0"
"2026-09-02T22:06:20.3334017+02:00","1154,915","BlackRack Overlay","True","24520","8","3,579","1340,31","1148,1","30,35","46,29","199,49","847,19","21,95","2,84","2","781,94","251","26326","0","0","124,02"
"2026-09-02T22:06:20.3359102+02:00","1154,924","TinyPedal","False","","0","0","0","0","0","0","0","0","0","0","0","0","0","0","0","0","0"
"2026-09-02T22:06:21.3274898+02:00","1155,907","BlackRack Overlay","True","24520","8","2,167","1341,97","1149,77","30,37","46,3","199,98","848,34","21,95","2,84","2","783,09","251","26362","0","0","121,63"
"2026-09-02T22:06:21.3299938+02:00","1155,919","TinyPedal","False","","0","0","0","0","0","0","0","0","0","0","0","0","0","0","0","0","0"
"2026-09-02T22:06:22.3469247+02:00","1156,922","BlackRack Overlay","True","24520","8","2,211","1340,54","1148,85","30,35","46,18","199,92","847,61","21,95","2,84","2","782,42","251","26419","0","0","122,86"
"2026-09-02T22:06:22.3499353+02:00","1156,939","TinyPedal","False","","0","0","0","0","0","0","0","0","0","0","0","0","0","0","0","0","0"
"2026-09-02T22:06:23.3530298+02:00","1157,935","BlackRack Overlay","True","24520","8","2,798","1341,64","1149,44","30,35","46,24","198,97","849,1","21,95","2,84","2","783,87","251","26455","0","0","122,86"
"2026-09-02T22:06:23.3555708+02:00","1157,944","TinyPedal","False","","0","0","0","0","0","0","0","0","0","0","0","0","0","0","0","0","0"
"2026-09-02T22:06:24.3730658+02:00","1158,953","BlackRack Overlay","True","24520","8","2,878","1338,18","1142,76","30,41","46,21","195,42","845,97","21,95","2,8","2","780,51","248","26512","0","0","123,17"
"2026-09-02T22:06:24.3815964+02:00","1158,97","TinyPedal","False","","0","0","0","0","0","0","0","0","0","0","0","0","0","0","0","0","0"
"2026-09-02T22:06:25.3877477+02:00","1159,967","BlackRack Overlay","True","24520","8","1,926","1341,2","1148,86","30,3","46,25","197,91","849,62","21,95","2,84","2","784,1","251","26548","0","0","124,2"
"2026-09-02T22:06:25.3902478+02:00","1159,979","TinyPedal","False","","0","0","0","0","0","0","0","0","0","0","0","0","0","0","0","0","0"
"2026-09-02T22:06:26.4045373+02:00","1160,986","BlackRack Overlay","True","24520","8","2,204","1344,23","1151,5","29,52","46,19","198,22","852,79","21,95","2,84","2","787,36","251","26605","0","0","123,98"
"2026-09-02T22:06:26.4060375+02:00","1160,995","TinyPedal","False","","0","0","0","0","0","0","0","0","0","0","0","0","0","0","0","0","0"
"2026-09-02T22:06:27.4274466+02:00","1162,006","BlackRack Overlay","True","24520","8","5,265","1340,86","1146,87","29,59","46,28","197,93","848,27","21,95","2,84","2","782,75","251","26357","0","0","119,76"
"2026-09-02T22:06:27.4299543+02:00","1162,019","TinyPedal","False","","0","0","0","0","0","0","0","0","0","0","0","0","0","0","0","0","0"
"2026-09-02T22:06:28.4315434+02:00","1163,011","BlackRack Overlay","True","24520","8","2,72","1341,65","1146,68","29,62","46,29","196,85","849,14","21,95","2,84","2","783,62","251","26414","0","0","121,64"
"2026-09-02T22:06:28.4335528+02:00","1163,022","TinyPedal","False","","0","0","0","0","0","0","0","0","0","0","0","0","0","0","0","0","0"
"2026-09-02T22:06:29.4366318+02:00","1164,013","BlackRack Overlay","True","24520","8","3,217","1342,38","1147,5","29,57","46,3","196,85","850","21,95","2,84","2","784,46","251","26449","0","0","125,26"
"2026-09-02T22:06:29.4381354+02:00","1164,027","TinyPedal","False","","0","0","0","0","0","0","0","0","0","0","0","0","0","0","0","0","0"
"2026-09-02T22:06:30.4520368+02:00","1165,031","BlackRack Overlay","True","24520","8","2,495","1338,64","1143,73","29,47","46,2","196,83","846,43","21,95","2,84","2","780,89","251","26525","0","0","123,95"
"2026-09-02T22:06:30.4541318+02:00","1165,043","TinyPedal","False","","0","0","0","0","0","0","0","0","0","0","0","0","0","0","0","0","0"
"2026-09-02T22:06:31.4624634+02:00","1166,042","BlackRack Overlay","True","24520","8","2,124","1339,78","1145,54","29,47","46,21","197,36","847,71","21,95","2,84","2","782,18","251","26561","0","0","124,76"
"2026-09-02T22:06:31.4649732+02:00","1166,054","TinyPedal","False","","0","0","0","0","0","0","0","0","0","0","0","0","0","0","0","0","0"
"2026-09-02T22:06:32.4952841+02:00","1167,075","BlackRack Overlay","True","24520","8","2,364","1341,15","1147,19","29,77","46,24","197,11","849,27","21,95","2,84","2","783,49","251","26617","0","0","124,57"
"2026-09-02T22:06:32.4972878+02:00","1167,086","TinyPedal","False","","0","0","0","0","0","0","0","0","0","0","0","0","0","0","0","0","0"
"2026-09-02T22:06:33.5089136+02:00","1168,089","BlackRack Overlay","True","24520","8","2,021","1340,97","1147,38","29,77","46,27","196,63","849,92","21,95","2,84","2","784,13","251","26654","0","0","124,7"
"2026-09-02T22:06:33.5119194+02:00","1168,101","TinyPedal","False","","0","0","0","0","0","0","0","0","0","0","0","0","0","0","0","0","0"
"2026-09-02T22:06:34.5048189+02:00","1169,082","BlackRack Overlay","True","24520","8","2,657","1343,68","1150,15","29,76","46,2","196,95","852,45","21,95","2,84","2","786,16","251","26711","0","0","124,39"
"2026-09-02T22:06:34.5073156+02:00","1169,096","TinyPedal","False","","0","0","0","0","0","0","0","0","0","0","0","0","0","0","0","0","0"
"2026-09-02T22:06:35.5290274+02:00","1170,11","BlackRack Overlay","True","24520","8","2,089","1344,96","1151,55","29,77","46,25","196,94","853,79","21,95","2,84","2","787,7","251","26747","0","0","124,39"
"2026-09-02T22:06:35.5310332+02:00","1170,12","TinyPedal","False","","0","0","0","0","0","0","0","0","0","0","0","0","0","0","0","0","0"
"2026-09-02T22:06:36.5366863+02:00","1171,113","BlackRack Overlay","True","24520","8","4,088","1343,08","1150,91","29,77","46,25","199,57","850,54","21,95","2,84","2","784,39","251","26518","0","0","128,02"
"2026-09-02T22:06:36.5391902+02:00","1171,128","TinyPedal","False","","0","0","0","0","0","0","0","0","0","0","0","0","0","0","0","0","0"
"2026-09-02T22:06:37.5433148+02:00","1172,123","BlackRack Overlay","True","24520","8","3,095","1337,23","1145,27","29,77","46,24","199,78","844,7","21,95","2,84","2","778,53","250","26554","0","0","128,02"
"2026-09-02T22:06:37.5458614+02:00","1172,135","TinyPedal","False","","0","0","0","0","0","0","0","0","0","0","0","0","0","0","0","0","0"
"2026-09-02T22:06:38.5629996+02:00","1173,142","BlackRack Overlay","True","24520","8","1,725","1338,49","1146,67","29,76","46,11","199,96","846,07","21,95","2,84","2","779,88","250","26611","0","0","126,52"
"2026-09-02T22:06:38.5650114+02:00","1173,153","TinyPedal","False","","0","0","0","0","0","0","0","0","0","0","0","0","0","0","0","0","0"
"2026-09-02T22:06:39.5814815+02:00","1174,159","BlackRack Overlay","True","24520","8","2,689","1341,95","1152,93","29,76","46,15","202","850,23","21,95","2,84","2","783,97","250","26647","0","0","129,73"
"2026-09-02T22:06:39.5829813+02:00","1174,172","TinyPedal","False","","0","0","0","0","0","0","0","0","0","0","0","0","0","0","0","0","0"
"2026-09-02T22:06:40.5880956+02:00","1175,169","BlackRack Overlay","True","24520","8","3,191","1344,55","1155,72","30,35","46,2","203,04","851,34","21,95","2,84","2","785,27","250","26704","0","0","129,92"
"2026-09-02T22:06:40.5905966+02:00","1175,179","TinyPedal","False","","0","0","0","0","0","0","0","0","0","0","0","0","0","0","0","0","0"
"2026-09-02T22:06:41.6091109+02:00","1176,186","BlackRack Overlay","True","24520","8","2,497","1341,29","1152,22","30,36","46,21","202,62","848,24","21,95","2,84","2","782,15","250","26757","0","0","127,73"
"2026-09-02T22:06:41.6116100+02:00","1176,2","TinyPedal","False","","0","0","0","0","0","0","0","0","0","0","0","0","0","0","0","0","0"
"2026-09-02T22:06:42.6085560+02:00","1177,188","BlackRack Overlay","True","24520","8","3,117","1332,94","1143,61","30,35","46,15","202,61","839,72","21,95","2,84","2","784,1","250","26815","0","0","127,39"
"2026-09-02T22:06:42.6105551+02:00","1177,2","TinyPedal","False","","0","0","0","0","0","0","0","0","0","0","0","0","0","0","0","0","0"
"2026-09-02T22:06:43.6173976+02:00","1178,192","BlackRack Overlay","True","24520","8","3,988","1330,34","1141,31","30,35","46,15","202,31","837,72","21,95","2,84","2","785,56","250","26851","0","0","127,45"
"2026-09-02T22:06:43.6188987+02:00","1178,208","TinyPedal","False","","0","0","0","0","0","0","0","0","0","0","0","0","0","0","0","0","0"
"2026-09-02T22:06:44.6277655+02:00","1179,208","BlackRack Overlay","True","24520","8","2,596","1331,76","1142,75","30,35","46,2","202,31","839,1","21,95","2,84","2","787,04","250","26908","0","0","126,76"
"2026-09-02T22:06:44.6302687+02:00","1179,219","TinyPedal","False","","0","0","0","0","0","0","0","0","0","0","0","0","0","0","0","0","0"
"2026-09-02T22:06:45.6463670+02:00","1180,226","BlackRack Overlay","True","24520","8","3,743","1335,02","1162,5","30,36","46,21","220,78","840,37","21,95","2,84","2","788,3","250","26944","1","1","142,7"
"2026-09-02T22:06:45.6483623+02:00","1180,237","TinyPedal","False","","0","0","0","0","0","0","0","0","0","0","0","0","0","0","0","0","0"
"2026-09-02T22:06:46.6713413+02:00","1181,251","BlackRack Overlay","True","24520","8","2,381","1337,87","1166,68","30,35","46,17","221,72","843,65","21,95","2,84","2","791,59","250","27001","0","0","144,38"
"2026-09-02T22:06:46.6743456+02:00","1181,263","TinyPedal","False","","0","0","0","0","0","0","0","0","0","0","0","0","0","0","0","0","0"
"2026-09-02T22:06:47.6966142+02:00","1182,277","BlackRack Overlay","True","24520","8","5,427","1339,99","1168,27","30,35","46,18","221,7","845,25","21,95","2,84","2","793,19","250","26933","0","0","143,46"
"2026-09-02T22:06:47.6986135+02:00","1182,287","TinyPedal","False","","0","0","0","0","0","0","0","0","0","0","0","0","0","0","0","0","0"
"2026-09-02T22:06:48.6924091+02:00","1183,269","BlackRack Overlay","True","24520","8","3,05","1338,07","1166,09","30,35","46,21","221,65","843,09","21,95","2,84","2","791,02","250","26796","0","0","141,37"
"2026-09-02T22:06:48.6949191+02:00","1183,284","TinyPedal","False","","0","0","0","0","0","0","0","0","0","0","0","0","0","0","0","0","0"
"2026-09-02T22:06:49.6941765+02:00","1184,274","BlackRack Overlay","True","24520","8","2,915","1329,73","1158,33","30,55","46,24","222,57","834,18","21,95","2,84","2","782,62","253","26837","0","0","141,41"
"2026-09-02T22:06:49.6961832+02:00","1184,285","TinyPedal","False","","0","0","0","0","0","0","0","0","0","0","0","0","0","0","0","0","0"
"2026-09-02T22:06:50.7292716+02:00","1185,304","BlackRack Overlay","True","24520","8","2,845","1330,99","1159,42","30,35","46,18","222,41","835,69","21,95","2,84","2","783,85","250","26889","0","0","127,68"
"2026-09-02T22:06:50.7317720+02:00","1185,32","TinyPedal","False","","0","0","0","0","0","0","0","0","0","0","0","0","0","0","0","0","0"
"2026-09-02T22:06:51.7260785+02:00","1186,305","BlackRack Overlay","True","24520","8","2,928","1334,57","1162,77","30,35","46,18","224,44","837,01","21,95","2,84","2","785,17","250","26914","0","0","146,72"
"2026-09-02T22:06:51.7285750+02:00","1186,317","TinyPedal","False","","0","0","0","0","0","0","0","0","0","0","0","0","0","0","0","0","0"
"2026-09-02T22:06:52.7359298+02:00","1187,315","BlackRack Overlay","True","24520","8","2,706","1335,17","1163,3","30,33","46,38","223,86","837,93","21,95","2,84","2","786,09","250","26982","0","0","146,18"
"2026-09-02T22:06:52.7379425+02:00","1187,327","TinyPedal","False","","0","0","0","0","0","0","0","0","0","0","0","0","0","0","0","0","0"
"2026-09-02T22:06:53.7521285+02:00","1188,333","BlackRack Overlay","True","24520","8","0,48","1334,81","1162,78","30,35","46,39","223,08","838,16","21,95","2,84","2","786,31","250","26986","0","0","146,18"
"2026-09-02T22:06:53.7541314+02:00","1188,343","TinyPedal","False","","0","0","0","0","0","0","0","0","0","0","0","0","0","0","0","0","0"
"2026-09-02T22:06:54.7516406+02:00","1189,33","BlackRack Overlay","True","24520","8","0,588","1333,09","1160,64","30,35","45,14","222","838,36","21,95","2,84","2","786,47","250","26997","0","0","145,43"
"2026-09-02T22:06:54.7541459+02:00","1189,343","TinyPedal","False","","0","0","0","0","0","0","0","0","0","0","0","0","0","0","0","0","0"
"2026-09-02T22:06:55.7828117+02:00","1190,354","BlackRack Overlay","True","24520","8","0,572","1332,41","1156,89","30,35","45,18","218,11","838,47","21,95","2,84","2","786,58","250","27001","0","0","145,43"
"2026-09-02T22:06:55.7863250+02:00","1190,375","TinyPedal","False","","0","0","0","0","0","0","0","0","0","0","0","0","0","0","0","0","0"
"2026-09-02T22:06:56.7904459+02:00","1191,369","BlackRack Overlay","True","24520","8","1,443","1335,15","1172,46","30,36","46,27","233,37","837,66","21,96","2,84","2","785,75","250","27042","1","1","146,14"
"2026-09-02T22:06:56.7929471+02:00","1191,382","TinyPedal","False","","0","0","0","0","0","0","0","0","0","0","0","0","0","0","0","0","0"
"2026-09-02T22:06:57.7848349+02:00","1192,364","BlackRack Overlay","True","24520","8","3,241","1338,16","1175,47","30,35","46,32","234,39","839,62","21,96","2,84","2","787,84","250","27082","0","0","150,2"
"2026-09-02T22:06:57.8108493+02:00","1192,4","TinyPedal","False","","0","0","0","0","0","0","0","0","0","0","0","0","0","0","0","0","0"
"2026-09-02T22:06:58.7990525+02:00","1193,378","BlackRack Overlay","True","24520","8","3,753","1335,12","1172,96","30,35","46,14","233,45","838,22","21,96","2,84","2","786,39","250","27135","0","0","147,31"
"2026-09-02T22:06:58.8015590+02:00","1193,39","TinyPedal","False","","0","0","0","0","0","0","0","0","0","0","0","0","0","0","0","0","0"
"2026-09-02T22:06:59.8124295+02:00","1194,392","BlackRack Overlay","True","24520","8","2,892","1336,24","1166,81","30,57","46,14","225,27","840,04","21,96","2,84","2","787,95","253","27187","0","0","145,6"
"2026-09-02T22:06:59.8149410+02:00","1194,404","TinyPedal","False","","0","0","0","0","0","0","0","0","0","0","0","0","0","0","0","0","0"
"2026-09-02T22:07:00.8173580+02:00","1195,399","BlackRack Overlay","True","24520","8","2,908","1340,38","1169,18","30,35","46,23","223,23","844,57","21,96","2,84","2","792,49","250","27228","0","0","141,92"
"2026-09-02T22:07:00.8203654+02:00","1195,409","TinyPedal","False","","0","0","0","0","0","0","0","0","0","0","0","0","0","0","0","0","0"
"2026-09-02T22:07:01.8200494+02:00","1196,399","BlackRack Overlay","True","24520","8","5,467","1339,41","1166,82","30,35","46,28","223,07","842,33","21,96","2,84","2","790,25","250","26941","0","0","131,41"
"2026-09-02T22:07:01.8225494+02:00","1196,411","TinyPedal","False","","0","0","0","0","0","0","0","0","0","0","0","0","0","0","0","0","0"
"2026-09-02T22:07:02.8242806+02:00","1197,401","BlackRack Overlay","True","24520","8","2,828","1339,72","1163,79","30,35","46,11","219,9","842,64","21,96","2,84","2","790,66","250","26993","0","0","127,12"
"2026-09-02T22:07:02.8267848+02:00","1197,416","TinyPedal","False","","0","0","0","0","0","0","0","0","0","0","0","0","0","0","0","0","0"
"2026-09-02T22:07:03.8371313+02:00","1198,417","BlackRack Overlay","True","24520","8","2,691","1339,12","1162,35","30,35","46,11","217,81","843,29","21,96","2,84","2","791,23","250","27033","0","0","128,87"
"2026-09-02T22:07:03.8396451+02:00","1198,428","TinyPedal","False","","0","0","0","0","0","0","0","0","0","0","0","0","0","0","0","0","0"
"2026-09-02T22:07:04.8586327+02:00","1199,438","BlackRack Overlay","True","24520","8","3,636","1334,57","1146,61","30,36","46,21","206,98","838,27","21,96","2,84","2","786,06","250","27104","0","0","128,49"
"2026-09-02T22:07:04.8656588+02:00","1199,45","TinyPedal","False","","0","0","0","0","0","0","0","0","0","0","0","0","0","0","0","0","0"
"2026-09-02T22:07:05.8484490+02:00","1200,428","BlackRack Overlay","True","24520","8","2,762","1335,45","1147,08","30,35","46,21","205,72","840,02","21,96","2,84","2","787,81","250","27144","0","0","127,61"
"2026-09-02T22:07:05.8509508+02:00","1200,44","TinyPedal","False","","0","0","0","0","0","0","0","0","0","0","0","0","0","0","0","0","0"
"2026-09-02T22:07:06.8747976+02:00","1201,456","BlackRack Overlay","True","24520","8","2,85","1337,61","1148,63","30,35","46,15","206,04","841,3","21,96","2,84","2","789,07","250","27199","0","0","127,46"
"2026-09-02T22:07:06.8768037+02:00","1201,466","TinyPedal","False","","0","0","0","0","0","0","0","0","0","0","0","0","0","0","0","0","0"
"2026-09-02T22:07:07.8837858+02:00","1202,463","BlackRack Overlay","True","24520","8","2,617","1338,99","1150,22","30,35","46,21","205,75","843,12","21,96","2,84","2","790,67","250","27237","0","0","126,55"
"2026-09-02T22:07:07.8868004+02:00","1202,475","TinyPedal","False","","0","0","0","0","0","0","0","0","0","0","0","0","0","0","0","0","0"
"2026-09-02T22:07:08.8880440+02:00","1203,469","BlackRack Overlay","True","24520","8","2,523","1338,29","1149,58","30,35","46,21","204,67","843,57","21,95","2,84","2","791,11","250","27291","0","0","126,3"
"2026-09-02T22:07:08.8895485+02:00","1203,479","TinyPedal","False","","0","0","0","0","0","0","0","0","0","0","0","0","0","0","0","0","0"
"2026-09-02T22:07:09.9085407+02:00","1204,484","BlackRack Overlay","True","24520","8","2,792","1340,74","1152,34","30,56","46,37","204,48","845,98","22,11","2,84","2","792,77","253","27358","0","0","125,61"
"2026-09-02T22:07:09.9110439+02:00","1204,5","TinyPedal","False","","0","0","0","0","0","0","0","0","0","0","0","0","0","0","0","0","0"
"2026-09-02T22:07:10.9124728+02:00","1205,49","BlackRack Overlay","True","24520","8","4,85","1340,81","1154,98","30,22","46,23","207,24","846,34","22,11","2,84","2","793,13","250","27099","0","0","129,77"
"2026-09-02T22:07:10.9144771+02:00","1205,503","TinyPedal","False","","0","0","0","0","0","0","0","0","0","0","0","0","0","0","0","0","0"
"2026-09-02T22:07:11.9150775+02:00","1206,496","BlackRack Overlay","True","24520","8","2,526","1340,88","1154,84","30,19","46,23","207,14","846,34","22,11","2,84","2","793,2","250","27139","0","0","130,36"
"2026-09-02T22:07:11.9180874+02:00","1206,507","TinyPedal","False","","0","0","0","0","0","0","0","0","0","0","0","0","0","0","0","0","0"
"2026-09-02T22:07:12.9412191+02:00","1207,522","BlackRack Overlay","True","24520","8","2,663","1332,47","1142,38","30,25","46,23","203,41","837,54","22,11","2,84","2","784,33","250","27192","0","0","120,89"
"2026-09-02T22:07:12.9432302+02:00","1207,532","TinyPedal","False","","0","0","0","0","0","0","0","0","0","0","0","0","0","0","0","0","0"
"2026-09-02T22:07:13.9258008+02:00","1208,506","BlackRack Overlay","True","24520","8","2,78","1333,48","1143,52","30,26","46,27","203,33","838,72","22,11","2,84","2","785,52","250","27249","0","0","120,36"
"2026-09-02T22:07:13.9288228+02:00","1208,518","TinyPedal","False","","0","0","0","0","0","0","0","0","0","0","0","0","0","0","0","0","0"
"2026-09-02T22:07:14.9326081+02:00","1209,508","BlackRack Overlay","True","24520","8","3,118","1334,63","1144,64","30,26","46,27","203,16","840,02","22,11","2,84","2","786,81","250","27286","0","0","125,18"
"2026-09-02T22:07:14.9351171+02:00","1209,524","TinyPedal","False","","0","0","0","0","0","0","0","0","0","0","0","0","0","0","0","0","0"
"2026-09-02T22:07:15.9299669+02:00","1210,51","BlackRack Overlay","True","24520","8","2,34","1335,5","1141,99","30,27","46,27","198,98","841,52","22,11","2,84","2","788,06","250","27342","0","0","124,11"
"2026-09-02T22:07:15.9319673+02:00","1210,521","TinyPedal","False","","0","0","0","0","0","0","0","0","0","0","0","0","0","0","0","0","0"
"2026-09-02T22:07:16.9619486+02:00","1211,536","BlackRack Overlay","True","24520","8","2,665","1336,24","1147,66","30,27","46,32","203,04","843,09","22,11","2,84","2","789,68","250","27396","0","0","128,3"
"2026-09-02T22:07:16.9644520+02:00","1211,553","TinyPedal","False","","0","0","0","0","0","0","0","0","0","0","0","0","0","0","0","0","0"
"2026-09-02T22:07:17.9571302+02:00","1212,535","BlackRack Overlay","True","24520","8","2,736","1339,08","1150,58","30,28","46,32","203,7","845,34","22,11","2,84","2","791,9","250","27454","0","0","126,99"
"2026-09-02T22:07:17.9596343+02:00","1212,548","TinyPedal","False","","0","0","0","0","0","0","0","0","0","0","0","0","0","0","0","0","0"
"2026-09-02T22:07:18.9671243+02:00","1213,546","BlackRack Overlay","True","24520","8","2,415","1340,85","1155,33","30,29","46,14","206,81","847,14","22,11","2,84","2","793,69","250","27489","0","0","131,08"
"2026-09-02T22:07:18.9701255+02:00","1213,559","TinyPedal","False","","0","0","0","0","0","0","0","0","0","0","0","0","0","0","0","0","0"
"2026-09-02T22:07:19.9934987+02:00","1214,573","BlackRack Overlay","True","24520","8","2,569","1345,3","1159,61","30,55","46,22","206,63","851,26","22,11","2,84","2","797,81","253","27557","0","0","126,02"
"2026-09-02T22:07:19.9960091+02:00","1214,585","TinyPedal","False","","0","0","0","0","0","0","0","0","0","0","0","0","0","0","0","0","0"
"2026-09-02T22:07:20.9934049+02:00","1215,572","BlackRack Overlay","True","24520","8","4,983","1335,17","1148,02","30,34","46,28","206,48","839,98","22,11","2,84","2","786,5","250","27294","0","0","120,05"
"2026-09-02T22:07:20.9959195+02:00","1215,584","TinyPedal","False","","0","0","0","0","0","0","0","0","0","0","0","0","0","0","0","0","0"
"2026-09-02T22:07:21.9957737+02:00","1216,572","BlackRack Overlay","True","24520","8","2,833","1336,16","1148,95","30,36","46,28","206,22","841,15","22,11","2,84","2","787,71","250","27350","0","0","121,17"
"2026-09-02T22:07:21.9982739+02:00","1216,587","TinyPedal","False","","0","0","0","0","0","0","0","0","0","0","0","0","0","0","0","0","0"
"2026-09-02T22:07:23.0083714+02:00","1217,589","BlackRack Overlay","True","24520","8","2,592","1336,52","1144,05","30,34","46,14","200,42","842,21","22,11","2,84","2","788,76","250","27387","0","0","123,18"
"2026-09-02T22:07:23.0108819+02:00","1217,6","TinyPedal","False","","0","0","0","0","0","0","0","0","0","0","0","0","0","0","0","0","0"
"2026-09-02T22:07:24.0163828+02:00","1218,592","BlackRack Overlay","True","24520","8","2,045","1337,5","1139,76","30,34","46,24","194,92","843,32","22,11","2,84","2","789,87","250","27444","0","0","123,18"
"2026-09-02T22:07:24.0183994+02:00","1218,607","TinyPedal","False","","0","0","0","0","0","0","0","0","0","0","0","0","0","0","0","0","0"
"2026-09-02T22:07:25.0224726+02:00","1219,604","BlackRack Overlay","True","24520","8","3,089","1336,51","1139,07","30,34","46,24","194,36","843,23","22,11","2,8","2","789,8","248","27480","0","0","121,14"
"2026-09-02T22:07:25.0249811+02:00","1219,614","TinyPedal","False","","0","0","0","0","0","0","0","0","0","0","0","0","0","0","0","0","0"
"2026-09-02T22:07:26.0383719+02:00","1220,619","BlackRack Overlay","True","24520","8","2,789","1338,64","1141,35","30,34","46,26","195,36","844,45","22,11","2,84","2","791,07","250","27537","0","0","122,14"
"2026-09-02T22:07:26.0403772+02:00","1220,629","TinyPedal","False","","0","0","0","0","0","0","0","0","0","0","0","0","0","0","0","0","0"
"2026-09-02T22:07:27.0587948+02:00","1221,638","BlackRack Overlay","True","24520","8","2,396","1336,75","1139,59","30,36","46,13","195,09","843,08","22,11","2,84","2","789,63","250","27573","0","0","120,64"
"2026-09-02T22:07:27.0613018+02:00","1221,65","TinyPedal","False","","0","0","0","0","0","0","0","0","0","0","0","0","0","0","0","0","0"
"2026-09-02T22:07:28.0538422+02:00","1222,636","BlackRack Overlay","True","24520","8","1,762","1337,87","1138,16","30,34","46,2","192,17","844,51","22,11","2,84","2","791,06","250","27630","0","0","120,04"
"2026-09-02T22:07:28.0568511+02:00","1222,645","TinyPedal","False","","0","0","0","0","0","0","0","0","0","0","0","0","0","0","0","0","0"
"2026-09-02T22:07:29.0770120+02:00","1223,653","BlackRack Overlay","True","24520","8","2,783","1341,13","1146,2","30,36","46,2","196,71","847,98","22,11","2,84","2","794,53","250","27684","0","0","126,55"
"2026-09-02T22:07:29.0795130+02:00","1223,668","TinyPedal","False","","0","0","0","0","0","0","0","0","0","0","0","0","0","0","0","0","0"
"2026-09-02T22:07:30.1120763+02:00","1224,69","BlackRack Overlay","True","24520","8","2,919","1345,39","1150,46","30,34","46,2","196,71","852,27","22,11","2,84","2","798,88","250","27741","0","0","125,36"
"2026-09-02T22:07:30.1140757+02:00","1224,703","TinyPedal","False","","0","0","0","0","0","0","0","0","0","0","0","0","0","0","0","0","0"
"2026-09-02T22:07:31.1120597+02:00","1225,689","BlackRack Overlay","True","24520","8","5,086","1340,61","1144,03","30,36","46,18","196,73","845,81","22,11","2,84","2","792,36","250","27475","0","0","126,48"
"2026-09-02T22:07:31.1140652+02:00","1225,703","TinyPedal","False","","0","0","0","0","0","0","0","0","0","0","0","0","0","0","0","0","0"
"2026-09-02T22:07:32.1180878+02:00","1226,699","BlackRack Overlay","True","24520","8","2,611","1341,51","1145,3","30,36","46,23","196,99","846,77","22,11","2,84","2","793,32","250","27532","0","0","122,61"
"2026-09-02T22:07:32.1205985+02:00","1226,709","TinyPedal","False","","0","0","0","0","0","0","0","0","0","0","0","0","0","0","0","0","0"
"2026-09-02T22:07:33.1247088+02:00","1227,706","BlackRack Overlay","True","24520","8","1,939","1337,2","1140,82","30,36","46,29","196,63","842,6","22,11","2,84","2","789,14","250","27568","0","0","121,54"
"2026-09-02T22:07:33.1267125+02:00","1227,715","TinyPedal","False","","0","0","0","0","0","0","0","0","0","0","0","0","0","0","0","0","0"
"2026-09-02T22:07:34.1443532+02:00","1228,725","BlackRack Overlay","True","24520","8","2,874","1338,21","1142,08","30,34","46,29","196,62","843,88","22,11","2,84","2","790,43","250","27625","0","0","121,42"
"2026-09-02T22:07:34.1463571+02:00","1228,735","TinyPedal","False","","0","0","0","0","0","0","0","0","0","0","0","0","0","0","0","0","0"
"2026-09-02T22:07:35.1538734+02:00","1229,735","BlackRack Overlay","True","24520","8","2,321","1338,75","1139,27","30,34","46,2","192,75","845,04","22,11","2,84","2","791,56","250","27661","0","0","120,92"
"2026-09-02T22:07:35.1568837+02:00","1229,746","TinyPedal","False","","0","0","0","0","0","0","0","0","0","0","0","0","0","0","0","0","0"
"2026-09-02T22:07:36.1840671+02:00","1230,761","BlackRack Overlay","True","24520","8","1,714","1339,65","1141,47","30,36","46,25","193,73","846,18","22,11","2,84","2","792,73","250","27718","0","0","123,93"
"2026-09-02T22:07:36.1861058+02:00","1230,775","TinyPedal","False","","0","0","0","0","0","0","0","0","0","0","0","0","0","0","0","0","0"
"2026-09-02T22:07:37.1833330+02:00","1231,765","BlackRack Overlay","True","24520","8","3,013","1339,87","1142,7","30,34","46,25","194,36","846,81","22,11","2,84","2","793,86","250","27754","0","0","124,99"
"2026-09-02T22:07:37.1863589+02:00","1231,775","TinyPedal","False","","0","0","0","0","0","0","0","0","0","0","0","0","0","0","0","0","0"
"2026-09-02T22:07:38.1956665+02:00","1232,777","BlackRack Overlay","True","24520","8","2,413","1340,95","1144,13","30,36","46,25","194,3","848,28","22,11","2,84","2","795,33","250","27811","0","0","124,99"
"2026-09-02T22:07:38.2016923+02:00","1232,79","TinyPedal","False","","0","0","0","0","0","0","0","0","0","0","0","0","0","0","0","0","0"
"2026-09-02T22:07:39.2233430+02:00","1233,802","BlackRack Overlay","True","24520","8","2,572","1343,33","1148,98","30,34","46,32","196,52","850,85","22,11","2,84","2","797,65","250","27866","0","0","125,49"
"2026-09-02T22:07:39.2258519+02:00","1233,815","TinyPedal","False","","0","0","0","0","0","0","0","0","0","0","0","0","0","0","0","0","0"
"2026-09-02T22:07:40.2308340+02:00","1234,81","BlackRack Overlay","True","24520","8","2,615","1344,18","1154,1","30,38","46,33","201,64","850,82","22,11","2,84","2","797,64","250","27922","0","0","125,12"
"2026-09-02T22:07:40.2328426+02:00","1234,822","TinyPedal","False","","0","0","0","0","0","0","0","0","0","0","0","0","0","0","0","0","0"
"2026-09-02T22:07:41.2503950+02:00","1235,83","BlackRack Overlay","True","24520","8","4,118","1335,25","1144,02","30,35","46,38","201,68","840,67","22,11","2,84","2","787,37","250","27646","0","0","127,52"
"2026-09-02T22:07:41.2523957+02:00","1235,841","TinyPedal","False","","0","0","0","0","0","0","0","0","0","0","0","0","0","0","0","0","0"
"2026-09-02T22:07:42.2652564+02:00","1236,846","BlackRack Overlay","True","24520","8","3,075","1335,22","1144,41","30,22","45,87","201,62","841,75","22,11","2,84","2","788,45","250","27703","0","0","121,74"
"2026-09-02T22:07:42.2677601+02:00","1236,856","TinyPedal","False","","0","0","0","0","0","0","0","0","0","0","0","0","0","0","0","0","0"
"2026-09-02T22:07:43.2833746+02:00","1237,859","BlackRack Overlay","True","24520","8","2,7","1336,93","1145,43","30,22","46,26","201,13","842,87","22,11","2,84","2","789,57","250","27739","0","0","123,8"
"2026-09-02T22:07:43.2858825+02:00","1237,875","TinyPedal","False","","0","0","0","0","0","0","0","0","0","0","0","0","0","0","0","0","0"
"2026-09-02T22:07:44.2785167+02:00","1238,858","BlackRack Overlay","True","24520","8","2,346","1337,92","1146,31","30,22","46,31","200,93","843,9","22,11","2,84","2","790,8","250","27796","0","0","126,99"
"2026-09-02T22:07:44.2805153+02:00","1238,869","TinyPedal","False","","0","0","0","0","0","0","0","0","0","0","0","0","0","0","0","0","0"
"2026-09-02T22:07:45.2972444+02:00","1239,876","BlackRack Overlay","True","24520","8","2,59","1337,37","1148,54","30,22","46,31","203,97","843,1","22,11","2,84","2","789,94","250","27832","0","0","128,12"
"2026-09-02T22:07:45.3002741+02:00","1239,889","TinyPedal","False","","0","0","0","0","0","0","0","0","0","0","0","0","0","0","0","0","0"
"2026-09-02T22:07:46.3267487+02:00","1240,906","BlackRack Overlay","True","24520","8","2,086","1338,12","1149,33","30,2","46,04","203,72","844,42","22,11","2,84","2","791,26","250","27889","0","0","125,11"
"2026-09-02T22:07:46.3287580+02:00","1240,918","TinyPedal","False","","0","0","0","0","0","0","0","0","0","0","0","0","0","0","0","0","0"
"2026-09-02T22:07:47.3300645+02:00","1241,91","BlackRack Overlay","True","24520","8","2,625","1340,02","1150,79","30,2","46,23","203,11","846,3","22,11","2,84","2","792,86","250","27925","0","0","122,36"
"2026-09-02T22:07:47.3325838+02:00","1241,922","TinyPedal","False","","0","0","0","0","0","0","0","0","0","0","0","0","0","0","0","0","0"
"2026-09-02T22:07:48.3364945+02:00","1242,913","BlackRack Overlay","True","24520","8","2,142","1341,54","1151,51","30,26","46,33","202,25","847,73","22,11","2,84","2","794,29","250","27982","0","0","123,48"
"2026-09-02T22:07:48.3384919+02:00","1242,927","TinyPedal","False","","0","0","0","0","0","0","0","0","0","0","0","0","0","0","0","0","0"
"2026-09-02T22:07:49.3471089+02:00","1243,927","BlackRack Overlay","True","24520","8","2,312","1342,01","1151,34","30,21","46,34","201,2","848,65","22,11","2,84","2","795,23","250","28018","0","0","121,48"
"2026-09-02T22:07:49.3496412+02:00","1243,939","TinyPedal","False","","0","0","0","0","0","0","0","0","0","0","0","0","0","0","0","0","0"
"2026-09-02T22:07:50.3619825+02:00","1244,937","BlackRack Overlay","True","24520","8","2,707","1344,95","1149,48","30,29","46,12","196,32","851,8","22,11","2,84","2","798,39","250","28075","0","0","120,48"
"2026-09-02T22:07:50.3649840+02:00","1244,954","TinyPedal","False","","0","0","0","0","0","0","0","0","0","0","0","0","0","0","0","0","0"
"2026-09-02T22:07:51.3773864+02:00","1245,956","BlackRack Overlay","True","24520","8","2,012","1348,98","1153,72","30,29","46,27","195,6","856,62","22,11","2,84","2","803,2","250","28129","0","0","121,48"
"2026-09-02T22:07:51.3793857+02:00","1245,969","TinyPedal","False","","0","0","0","0","0","0","0","0","0","0","0","0","0","0","0","0","0"
"2026-09-02T22:07:52.3932224+02:00","1246,973","BlackRack Overlay","True","24520","8","5,286","1344,45","1147,87","30,24","46,27","195","851,41","22,11","2,84","2","797,99","250","27862","0","0","123,61"
"2026-09-02T22:07:52.3952358+02:00","1246,984","TinyPedal","False","","0","0","0","0","0","0","0","0","0","0","0","0","0","0","0","0","0"
"2026-09-02T22:07:53.4065790+02:00","1247,987","BlackRack Overlay","True","24520","8","3,466","1340,45","1143,7","30,24","46,32","195,87","846,33","22,11","2,84","2","792,96","250","27898","0","0","124,52"
"2026-09-02T22:07:53.4100910+02:00","1247,999","TinyPedal","False","","0","0","0","0","0","0","0","0","0","0","0","0","0","0","0","0","0"
"2026-09-02T22:07:54.4052747+02:00","1248,984","BlackRack Overlay","True","24520","8","2,644","1341,14","1144,54","30,2","46,08","195,84","847,46","22,11","2,84","2","794,06","250","27955","0","0","122,49"
"2026-09-02T22:07:54.4077806+02:00","1248,996","TinyPedal","False","","0","0","0","0","0","0","0","0","0","0","0","0","0","0","0","0","0"
"2026-09-02T22:07:55.4184629+02:00","1249,995","BlackRack Overlay","True","24520","8","2,415","1342,62","1150,14","30,25","46,19","200,1","848,66","22,11","2,84","2","795,24","250","27991","0","0","127,3"
"2026-09-02T22:07:55.4209706+02:00","1250,01","TinyPedal","False","","0","0","0","0","0","0","0","0","0","0","0","0","0","0","0","0","0"
"2026-09-02T22:07:56.4223997+02:00","1251,003","BlackRack Overlay","True","24520","8","2,131","1343,67","1151,28","30,21","46,25","200,08","849,8","22,11","2,84","2","796,39","250","28048","0","0","123,05"
"2026-09-02T22:07:56.4254093+02:00","1251,014","TinyPedal","False","","0","0","0","0","0","0","0","0","0","0","0","0","0","0","0","0","0"
"2026-09-02T22:07:57.4314331+02:00","1252,008","BlackRack Overlay","True","24520","8","2,721","1342,9","1150,94","30,21","46,26","200,07","849,46","22,11","2,84","2","796,15","250","28084","0","0","122,79"
"2026-09-02T22:07:57.4334328+02:00","1252,022","TinyPedal","False","","0","0","0","0","0","0","0","0","0","0","0","0","0","0","0","0","0"
"2026-09-02T22:07:58.4461909+02:00","1253,026","BlackRack Overlay","True","24520","8","2,59","1336,88","1144,75","30,21","46,16","199,82","843,62","22,11","2,84","2","790,21","250","28141","0","0","124,79"
"2026-09-02T22:07:58.4482023+02:00","1253,037","TinyPedal","False","","0","0","0","0","0","0","0","0","0","0","0","0","0","0","0","0","0"
"2026-09-02T22:07:59.4464102+02:00","1254,027","BlackRack Overlay","True","24520","8","2,146","1337,78","1145,63","30,21","46,2","199,29","844,99","22,11","2,84","2","791,57","250","28177","0","0","124,92"
"2026-09-02T22:07:59.4484211+02:00","1254,037","TinyPedal","False","","0","0","0","0","0","0","0","0","0","0","0","0","0","0","0","0","0"
"2026-09-02T22:08:00.4531313+02:00","1255,033","BlackRack Overlay","True","24520","8","2,72","1339,81","1146,35","30,79","46,2","197,79","846,63","22,11","2,84","2","793,21","250","28234","0","0","122,46"
"2026-09-02T22:08:00.4551362+02:00","1255,045","TinyPedal","False","","0","0","0","0","0","0","0","0","0","0","0","0","0","0","0","0","0"
"2026-09-02T22:08:01.4644293+02:00","1256,044","BlackRack Overlay","True","24520","8","1,931","1344,86","1151,47","30,79","46,2","197,79","851,76","22,11","2,84","2","798,32","250","28270","0","0","123,62"
"2026-09-02T22:08:01.4674547+02:00","1256,056","TinyPedal","False","","0","0","0","0","0","0","0","0","0","0","0","0","0","0","0","0","0"
"2026-09-02T22:08:02.4835320+02:00","1257,06","BlackRack Overlay","True","24520","8","5,382","1340,42","1143,87","30,79","46,09","195,26","846,79","22,11","2,84","2","793,37","250","28007","0","0","121,92"
"2026-09-02T22:08:02.4845333+02:00","1257,074","TinyPedal","False","","0","0","0","0","0","0","0","0","0","0","0","0","0","0","0","0","0"
"2026-09-02T22:08:03.4943165+02:00","1258,075","BlackRack Overlay","True","24520","8","2,983","1341,04","1145,87","30,79","46,19","196,32","847,62","22,11","2,84","2","794,21","250","28061","0","0","122,8"
"2026-09-02T22:08:03.4973277+02:00","1258,086","TinyPedal","False","","0","0","0","0","0","0","0","0","0","0","0","0","0","0","0","0","0"
"2026-09-02T22:08:04.5137377+02:00","1259,089","BlackRack Overlay","True","24520","8","2,792","1341,99","1146,77","30,79","46,24","196,33","848,47","22,11","2,84","2","795,05","250","28118","0","0","124,3"
"2026-09-02T22:08:04.5157479+02:00","1259,104","TinyPedal","False","","0","0","0","0","0","0","0","0","0","0","0","0","0","0","0","0","0"
"2026-09-02T22:08:05.5289498+02:00","1260,108","BlackRack Overlay","True","24520","8","2,684","1339,35","1143,29","30,84","46,29","196,54","844,68","22,11","2,84","2","791,26","250","28154","0","0","121,23"
"2026-09-02T22:08:05.5304569+02:00","1260,12","TinyPedal","False","","0","0","0","0","0","0","0","0","0","0","0","0","0","0","0","0","0"
